rank,feature,source_column,output_kind,is_discrete,mi_score,selected_top30,audit_status,notes
1,imc,B6:q4+B6:q5,continuous_numeric,False,0.00977376175440958,True,TRAIN_ONLY_MI_ASSOCIATION_NOT_CAUSATION,Mutual information ranks statistical association with the target in the training sample; it does not establish causality or independent effects.
2,q50,q50,ordinal_numeric,True,0.00952134976869308,True,TRAIN_ONLY_MI_ASSOCIATION_NOT_CAUSATION,Mutual information ranks statistical association with the target in the training sample; it does not establish causality or independent effects.
3,q61,q61,ordinal_numeric,True,0.00874132901372133,True,TRAIN_ONLY_MI_ASSOCIATION_NOT_CAUSATION,Mutual information ranks statistical association with the target in the training sample; it does not establish causality or independent effects.
4,q2__1,q2,onehot_numeric,True,0.00825536882335445,True,TRAIN_ONLY_MI_ASSOCIATION_NOT_CAUSATION,Mutual information ranks statistical association with the target in the training sample; it does not establish causality or independent effects.
5,q2__2,q2,onehot_numeric,True,0.00821664500701344,True,TRAIN_ONLY_MI_ASSOCIATION_NOT_CAUSATION,Mutual information ranks statistical association with the target in the training sample; it does not establish causality or independent effects.
6,q4,q4,continuous_numeric,False,0.0071499198730367,True,TRAIN_ONLY_MI_ASSOCIATION_NOT_CAUSATION,Mutual information ranks statistical association with the target in the training sample; it does not establish causality or independent effects.
7,q17,q17,ordinal_numeric,True,0.00654788771852119,True,TRAIN_ONLY_MI_ASSOCIATION_NOT_CAUSATION,Mutual information ranks statistical association with the target in the training sample; it does not establish causality or independent effects.
8,q46,q46,ordinal_numeric,True,0.00635508897565024,True,TRAIN_ONLY_MI_ASSOCIATION_NOT_CAUSATION,Mutual information ranks statistical association with the target in the training sample; it does not establish causality or independent effects.
9,q19__1,q19,onehot_numeric,True,0.00620515977922204,True,TRAIN_ONLY_MI_ASSOCIATION_NOT_CAUSATION,Mutual information ranks statistical association with the target in the training sample; it does not establish causality or independent effects.
10,qn19__2,qn19,onehot_numeric,True,0.00615743527206578,True,TRAIN_ONLY_MI_ASSOCIATION_NOT_CAUSATION,Mutual information ranks statistical association with the target in the training sample; it does not establish causality or independent effects.
11,qn19__sin_dato,qn19,onehot_numeric,True,0.00603334017054857,True,TRAIN_ONLY_MI_ASSOCIATION_NOT_CAUSATION,Mutual information ranks statistical association with the target in the training sample; it does not establish causality or independent effects.
12,q18__1,q18,onehot_numeric,True,0.00580951862136975,True,TRAIN_ONLY_MI_ASSOCIATION_NOT_CAUSATION,Mutual information ranks statistical association with the target in the training sample; it does not establish causality or independent effects.
13,qn18__sin_dato,qn18,onehot_numeric,True,0.00562906043069342,True,TRAIN_ONLY_MI_ASSOCIATION_NOT_CAUSATION,Mutual information ranks statistical association with the target in the training sample; it does not establish causality or independent effects.
14,qn17__1,qn17,onehot_numeric,True,0.00561311531698871,True,TRAIN_ONLY_MI_ASSOCIATION_NOT_CAUSATION,Mutual information ranks statistical association with the target in the training sample; it does not establish causality or independent effects.
15,qn17__2,qn17,onehot_numeric,True,0.00556836551046708,True,TRAIN_ONLY_MI_ASSOCIATION_NOT_CAUSATION,Mutual information ranks statistical association with the target in the training sample; it does not establish causality or independent effects.
16,qn61__1,qn61,onehot_numeric,True,0.00511044887761303,True,TRAIN_ONLY_MI_ASSOCIATION_NOT_CAUSATION,Mutual information ranks statistical association with the target in the training sample; it does not establish causality or independent effects.
17,q51,q51,ordinal_numeric,True,0.00503957063877917,True,TRAIN_ONLY_MI_ASSOCIATION_NOT_CAUSATION,Mutual information ranks statistical association with the target in the training sample; it does not establish causality or independent effects.
18,qn61__2,qn61,onehot_numeric,True,0.00501520202330175,True,TRAIN_ONLY_MI_ASSOCIATION_NOT_CAUSATION,Mutual information ranks statistical association with the target in the training sample; it does not establish causality or independent effects.
19,qn46__1,qn46,onehot_numeric,True,0.00475123304642203,True,TRAIN_ONLY_MI_ASSOCIATION_NOT_CAUSATION,Mutual information ranks statistical association with the target in the training sample; it does not establish causality or independent effects.
20,qn46__2,qn46,onehot_numeric,True,0.00461094600914266,True,TRAIN_ONLY_MI_ASSOCIATION_NOT_CAUSATION,Mutual information ranks statistical association with the target in the training sample; it does not establish causality or independent effects.
21,q71,q71,ordinal_numeric,True,0.00455050040568224,True,TRAIN_ONLY_MI_ASSOCIATION_NOT_CAUSATION,Mutual information ranks statistical association with the target in the training sample; it does not establish causality or independent effects.
22,q47__2,q47,onehot_numeric,True,0.0044923479296575,True,TRAIN_ONLY_MI_ASSOCIATION_NOT_CAUSATION,Mutual information ranks statistical association with the target in the training sample; it does not establish causality or independent effects.
23,qn47__1,qn47,onehot_numeric,True,0.0044923479296575,True,TRAIN_ONLY_MI_ASSOCIATION_NOT_CAUSATION,Mutual information ranks statistical association with the target in the training sample; it does not establish causality or independent effects.
24,q19__8,q19,onehot_numeric,True,0.00434207624972333,True,TRAIN_ONLY_MI_ASSOCIATION_NOT_CAUSATION,Mutual information ranks statistical association with the target in the training sample; it does not establish causality or independent effects.
25,qn45__sin_dato,qn45,onehot_numeric,True,0.00407185945206967,True,TRAIN_ONLY_MI_ASSOCIATION_NOT_CAUSATION,Mutual information ranks statistical association with the target in the training sample; it does not establish causality or independent effects.
26,qn50__2,qn50,onehot_numeric,True,0.00407159757204645,True,TRAIN_ONLY_MI_ASSOCIATION_NOT_CAUSATION,Mutual information ranks statistical association with the target in the training sample; it does not establish causality or independent effects.
27,q54,q54,ordinal_numeric,True,0.00404906673488306,True,TRAIN_ONLY_MI_ASSOCIATION_NOT_CAUSATION,Mutual information ranks statistical association with the target in the training sample; it does not establish causality or independent effects.
28,qn47__sin_dato,qn47,onehot_numeric,True,0.00404776462678247,True,TRAIN_ONLY_MI_ASSOCIATION_NOT_CAUSATION,Mutual information ranks statistical association with the target in the training sample; it does not establish causality or independent effects.
29,q62,q62,ordinal_numeric,True,0.00400996989247951,True,TRAIN_ONLY_MI_ASSOCIATION_NOT_CAUSATION,Mutual information ranks statistical association with the target in the training sample; it does not establish causality or independent effects.
30,qnbcanyg__1,qnbcanyg,onehot_numeric,True,0.00399041183407492,True,TRAIN_ONLY_MI_ASSOCIATION_NOT_CAUSATION,Mutual information ranks statistical association with the target in the training sample; it does not establish causality or independent effects.
31,qn50__1,qn50,onehot_numeric,True,0.003967184576708,False,TRAIN_ONLY_MI_ASSOCIATION_NOT_CAUSATION,Mutual information ranks statistical association with the target in the training sample; it does not establish causality or independent effects.
32,qn48__sin_dato,qn48,onehot_numeric,True,0.00393071815823037,False,TRAIN_ONLY_MI_ASSOCIATION_NOT_CAUSATION,Mutual information ranks statistical association with the target in the training sample; it does not establish causality or independent effects.
33,qnbcanyg__sin_dato,qnbcanyg,onehot_numeric,True,0.00386708548815745,False,TRAIN_ONLY_MI_ASSOCIATION_NOT_CAUSATION,Mutual information ranks statistical association with the target in the training sample; it does not establish causality or independent effects.
34,q16,q16,ordinal_numeric,True,0.0037617227586776,False,TRAIN_ONLY_MI_ASSOCIATION_NOT_CAUSATION,Mutual information ranks statistical association with the target in the training sample; it does not establish causality or independent effects.
35,qn71__sin_dato,qn71,onehot_numeric,True,0.00373624255997651,False,TRAIN_ONLY_MI_ASSOCIATION_NOT_CAUSATION,Mutual information ranks statistical association with the target in the training sample; it does not establish causality or independent effects.
36,qnobeseg__2,qnobeseg,onehot_numeric,True,0.00366660305176605,False,TRAIN_ONLY_MI_ASSOCIATION_NOT_CAUSATION,Mutual information ranks statistical association with the target in the training sample; it does not establish causality or independent effects.
37,q44__1,q44,onehot_numeric,True,0.00359273523771864,False,TRAIN_ONLY_MI_ASSOCIATION_NOT_CAUSATION,Mutual information ranks statistical association with the target in the training sample; it does not establish causality or independent effects.
38,qn44__1,qn44,onehot_numeric,True,0.00359273523771864,False,TRAIN_ONLY_MI_ASSOCIATION_NOT_CAUSATION,Mutual information ranks statistical association with the target in the training sample; it does not establish causality or independent effects.
39,q60,q60,ordinal_numeric,True,0.00355982377767095,False,TRAIN_ONLY_MI_ASSOCIATION_NOT_CAUSATION,Mutual information ranks statistical association with the target in the training sample; it does not establish causality or independent effects.
40,q47__1,q47,onehot_numeric,True,0.00355665419068146,False,TRAIN_ONLY_MI_ASSOCIATION_NOT_CAUSATION,Mutual information ranks statistical association with the target in the training sample; it does not establish causality or independent effects.
41,q45__1,q45,onehot_numeric,True,0.00353840227619934,False,TRAIN_ONLY_MI_ASSOCIATION_NOT_CAUSATION,Mutual information ranks statistical association with the target in the training sample; it does not establish causality or independent effects.
42,q4q5_faltaba,q4q5_faltaba,binary_numeric,True,0.00352333098585281,False,TRAIN_ONLY_MI_ASSOCIATION_NOT_CAUSATION,Mutual information ranks statistical association with the target in the training sample; it does not establish causality or independent effects.
43,qnobeseg__sin_dato,qnobeseg,onehot_numeric,True,0.00352333098585281,False,TRAIN_ONLY_MI_ASSOCIATION_NOT_CAUSATION,Mutual information ranks statistical association with the target in the training sample; it does not establish causality or independent effects.
44,qnowtg__sin_dato,qnowtg,onehot_numeric,True,0.00352333098585281,False,TRAIN_ONLY_MI_ASSOCIATION_NOT_CAUSATION,Mutual information ranks statistical association with the target in the training sample; it does not establish causality or independent effects.
45,qnunwtg__sin_dato,qnunwtg,onehot_numeric,True,0.00352333098585281,False,TRAIN_ONLY_MI_ASSOCIATION_NOT_CAUSATION,Mutual information ranks statistical association with the target in the training sample; it does not establish causality or independent effects.
46,q48__1,q48,onehot_numeric,True,0.00351167433364125,False,TRAIN_ONLY_MI_ASSOCIATION_NOT_CAUSATION,Mutual information ranks statistical association with the target in the training sample; it does not establish causality or independent effects.
47,qnunwtg__2,qnunwtg,onehot_numeric,True,0.00349913409752678,False,TRAIN_ONLY_MI_ASSOCIATION_NOT_CAUSATION,Mutual information ranks statistical association with the target in the training sample; it does not establish causality or independent effects.
48,qnpe3g__2,qnpe3g,onehot_numeric,True,0.00332748169311387,False,TRAIN_ONLY_MI_ASSOCIATION_NOT_CAUSATION,Mutual information ranks statistical association with the target in the training sample; it does not establish causality or independent effects.
49,q52,q52,ordinal_numeric,True,0.00323630081360205,False,TRAIN_ONLY_MI_ASSOCIATION_NOT_CAUSATION,Mutual information ranks statistical association with the target in the training sample; it does not establish causality or independent effects.
50,qnpe5g__2,qnpe5g,onehot_numeric,True,0.00319606333938749,False,TRAIN_ONLY_MI_ASSOCIATION_NOT_CAUSATION,Mutual information ranks statistical association with the target in the training sample; it does not establish causality or independent effects.
51,q69,q69,ordinal_numeric,True,0.00317995327339539,False,TRAIN_ONLY_MI_ASSOCIATION_NOT_CAUSATION,Mutual information ranks statistical association with the target in the training sample; it does not establish causality or independent effects.
52,qn54__2,qn54,onehot_numeric,True,0.00315829946087787,False,TRAIN_ONLY_MI_ASSOCIATION_NOT_CAUSATION,Mutual information ranks statistical association with the target in the training sample; it does not establish causality or independent effects.
53,qn71__1,qn71,onehot_numeric,True,0.00309603493842231,False,TRAIN_ONLY_MI_ASSOCIATION_NOT_CAUSATION,Mutual information ranks statistical association with the target in the training sample; it does not establish causality or independent effects.
54,qn16__1,qn16,onehot_numeric,True,0.00305669818102036,False,TRAIN_ONLY_MI_ASSOCIATION_NOT_CAUSATION,Mutual information ranks statistical association with the target in the training sample; it does not establish causality or independent effects.
55,qn54__1,qn54,onehot_numeric,True,0.00305624051149617,False,TRAIN_ONLY_MI_ASSOCIATION_NOT_CAUSATION,Mutual information ranks statistical association with the target in the training sample; it does not establish causality or independent effects.
56,qn16__2,qn16,onehot_numeric,True,0.00304810238801759,False,TRAIN_ONLY_MI_ASSOCIATION_NOT_CAUSATION,Mutual information ranks statistical association with the target in the training sample; it does not establish causality or independent effects.
57,q18__8,q18,onehot_numeric,True,0.0030260111620718,False,TRAIN_ONLY_MI_ASSOCIATION_NOT_CAUSATION,Mutual information ranks statistical association with the target in the training sample; it does not establish causality or independent effects.
58,q27,q27,ordinal_numeric,True,0.00300944311345976,False,TRAIN_ONLY_MI_ASSOCIATION_NOT_CAUSATION,Mutual information ranks statistical association with the target in the training sample; it does not establish causality or independent effects.
59,q44__2,q44,onehot_numeric,True,0.0029721583888222,False,TRAIN_ONLY_MI_ASSOCIATION_NOT_CAUSATION,Mutual information ranks statistical association with the target in the training sample; it does not establish causality or independent effects.
60,qn44__2,qn44,onehot_numeric,True,0.0029721583888222,False,TRAIN_ONLY_MI_ASSOCIATION_NOT_CAUSATION,Mutual information ranks statistical association with the target in the training sample; it does not establish causality or independent effects.
61,q59,q59,ordinal_numeric,True,0.00291411296457831,False,TRAIN_ONLY_MI_ASSOCIATION_NOT_CAUSATION,Mutual information ranks statistical association with the target in the training sample; it does not establish causality or independent effects.
62,qn18__2,qn18,onehot_numeric,True,0.00291374122987234,False,TRAIN_ONLY_MI_ASSOCIATION_NOT_CAUSATION,Mutual information ranks statistical association with the target in the training sample; it does not establish causality or independent effects.
63,q35,q35,ordinal_numeric,True,0.00277035847337498,False,TRAIN_ONLY_MI_ASSOCIATION_NOT_CAUSATION,Mutual information ranks statistical association with the target in the training sample; it does not establish causality or independent effects.
64,qnpe3g__1,qnpe3g,onehot_numeric,True,0.00272764225141864,False,TRAIN_ONLY_MI_ASSOCIATION_NOT_CAUSATION,Mutual information ranks statistical association with the target in the training sample; it does not establish causality or independent effects.
65,qnpe5g__1,qnpe5g,onehot_numeric,True,0.00261707574144107,False,TRAIN_ONLY_MI_ASSOCIATION_NOT_CAUSATION,Mutual information ranks statistical association with the target in the training sample; it does not establish causality or independent effects.
66,qn69__2,qn69,onehot_numeric,True,0.00253425889666209,False,TRAIN_ONLY_MI_ASSOCIATION_NOT_CAUSATION,Mutual information ranks statistical association with the target in the training sample; it does not establish causality or independent effects.
67,qn60__1,qn60,onehot_numeric,True,0.00248303434953012,False,TRAIN_ONLY_MI_ASSOCIATION_NOT_CAUSATION,Mutual information ranks statistical association with the target in the training sample; it does not establish causality or independent effects.
68,q56,q56,ordinal_numeric,True,0.00245770021615229,False,TRAIN_ONLY_MI_ASSOCIATION_NOT_CAUSATION,Mutual information ranks statistical association with the target in the training sample; it does not establish causality or independent effects.
69,q81,q81,ordinal_numeric,True,0.00242388244972851,False,TRAIN_ONLY_MI_ASSOCIATION_NOT_CAUSATION,Mutual information ranks statistical association with the target in the training sample; it does not establish causality or independent effects.
70,qnowtg__2,qnowtg,onehot_numeric,True,0.0024108786388865,False,TRAIN_ONLY_MI_ASSOCIATION_NOT_CAUSATION,Mutual information ranks statistical association with the target in the training sample; it does not establish causality or independent effects.
71,qn60__2,qn60,onehot_numeric,True,0.00235502526993897,False,TRAIN_ONLY_MI_ASSOCIATION_NOT_CAUSATION,Mutual information ranks statistical association with the target in the training sample; it does not establish causality or independent effects.
72,qn45__1,qn45,onehot_numeric,True,0.00226957478259474,False,TRAIN_ONLY_MI_ASSOCIATION_NOT_CAUSATION,Mutual information ranks statistical association with the target in the training sample; it does not establish causality or independent effects.
73,q36,q36,ordinal_numeric,True,0.00226821038551373,False,TRAIN_ONLY_MI_ASSOCIATION_NOT_CAUSATION,Mutual information ranks statistical association with the target in the training sample; it does not establish causality or independent effects.
74,q57,q57,ordinal_numeric,True,0.00221827149330137,False,TRAIN_ONLY_MI_ASSOCIATION_NOT_CAUSATION,Mutual information ranks statistical association with the target in the training sample; it does not establish causality or independent effects.
75,qn52__2,qn52,onehot_numeric,True,0.00221604550715682,False,TRAIN_ONLY_MI_ASSOCIATION_NOT_CAUSATION,Mutual information ranks statistical association with the target in the training sample; it does not establish causality or independent effects.
76,q55,q55,ordinal_numeric,True,0.00220102362403229,False,TRAIN_ONLY_MI_ASSOCIATION_NOT_CAUSATION,Mutual information ranks statistical association with the target in the training sample; it does not establish causality or independent effects.
77,q18__2,q18,onehot_numeric,True,0.00215359896048278,False,TRAIN_ONLY_MI_ASSOCIATION_NOT_CAUSATION,Mutual information ranks statistical association with the target in the training sample; it does not establish causality or independent effects.
78,qn18__1,qn18,onehot_numeric,True,0.00215359896048278,False,TRAIN_ONLY_MI_ASSOCIATION_NOT_CAUSATION,Mutual information ranks statistical association with the target in the training sample; it does not establish causality or independent effects.
79,qn56__2,qn56,onehot_numeric,True,0.00213111636907387,False,TRAIN_ONLY_MI_ASSOCIATION_NOT_CAUSATION,Mutual information ranks statistical association with the target in the training sample; it does not establish causality or independent effects.
80,qn52__1,qn52,onehot_numeric,True,0.00210921411322762,False,TRAIN_ONLY_MI_ASSOCIATION_NOT_CAUSATION,Mutual information ranks statistical association with the target in the training sample; it does not establish causality or independent effects.
81,qn56__1,qn56,onehot_numeric,True,0.0020893918103066,False,TRAIN_ONLY_MI_ASSOCIATION_NOT_CAUSATION,Mutual information ranks statistical association with the target in the training sample; it does not establish causality or independent effects.
82,qn37__sin_dato,qn37,onehot_numeric,True,0.00206447603586893,False,TRAIN_ONLY_MI_ASSOCIATION_NOT_CAUSATION,Mutual information ranks statistical association with the target in the training sample; it does not establish causality or independent effects.
83,q48__2,q48,onehot_numeric,True,0.00203591705564757,False,TRAIN_ONLY_MI_ASSOCIATION_NOT_CAUSATION,Mutual information ranks statistical association with the target in the training sample; it does not establish causality or independent effects.
84,qn48__1,qn48,onehot_numeric,True,0.00203591705564757,False,TRAIN_ONLY_MI_ASSOCIATION_NOT_CAUSATION,Mutual information ranks statistical association with the target in the training sample; it does not establish causality or independent effects.
85,q74__2,q74,onehot_numeric,True,0.00197802553685528,False,TRAIN_ONLY_MI_ASSOCIATION_NOT_CAUSATION,Mutual information ranks statistical association with the target in the training sample; it does not establish causality or independent effects.
86,qn74__1,qn74,onehot_numeric,True,0.00197802553685528,False,TRAIN_ONLY_MI_ASSOCIATION_NOT_CAUSATION,Mutual information ranks statistical association with the target in the training sample; it does not establish causality or independent effects.
87,qn35__1,qn35,onehot_numeric,True,0.00197378019357608,False,TRAIN_ONLY_MI_ASSOCIATION_NOT_CAUSATION,Mutual information ranks statistical association with the target in the training sample; it does not establish causality or independent effects.
88,qn57__2,qn57,onehot_numeric,True,0.00195481227054853,False,TRAIN_ONLY_MI_ASSOCIATION_NOT_CAUSATION,Mutual information ranks statistical association with the target in the training sample; it does not establish causality or independent effects.
89,qn59__1,qn59,onehot_numeric,True,0.00193028503171228,False,TRAIN_ONLY_MI_ASSOCIATION_NOT_CAUSATION,Mutual information ranks statistical association with the target in the training sample; it does not establish causality or independent effects.
90,qn51__1,qn51,onehot_numeric,True,0.00193028123414371,False,TRAIN_ONLY_MI_ASSOCIATION_NOT_CAUSATION,Mutual information ranks statistical association with the target in the training sample; it does not establish causality or independent effects.
91,qn37__2,qn37,onehot_numeric,True,0.00190294218367487,False,TRAIN_ONLY_MI_ASSOCIATION_NOT_CAUSATION,Mutual information ranks statistical association with the target in the training sample; it does not establish causality or independent effects.
92,q5,q5,continuous_numeric,False,0.00189937752272118,False,TRAIN_ONLY_MI_ASSOCIATION_NOT_CAUSATION,Mutual information ranks statistical association with the target in the training sample; it does not establish causality or independent effects.
93,qn35__2,qn35,onehot_numeric,True,0.00189443798946784,False,TRAIN_ONLY_MI_ASSOCIATION_NOT_CAUSATION,Mutual information ranks statistical association with the target in the training sample; it does not establish causality or independent effects.
94,q22,q22,ordinal_numeric,True,0.0018916804508907,False,TRAIN_ONLY_MI_ASSOCIATION_NOT_CAUSATION,Mutual information ranks statistical association with the target in the training sample; it does not establish causality or independent effects.
95,q37__1,q37,onehot_numeric,True,0.0018592820336619,False,TRAIN_ONLY_MI_ASSOCIATION_NOT_CAUSATION,Mutual information ranks statistical association with the target in the training sample; it does not establish causality or independent effects.
96,qn57__1,qn57,onehot_numeric,True,0.0018041859450541,False,TRAIN_ONLY_MI_ASSOCIATION_NOT_CAUSATION,Mutual information ranks statistical association with the target in the training sample; it does not establish causality or independent effects.
97,qn62__1,qn62,onehot_numeric,True,0.00175545889663078,False,TRAIN_ONLY_MI_ASSOCIATION_NOT_CAUSATION,Mutual information ranks statistical association with the target in the training sample; it does not establish causality or independent effects.
98,qn36__sin_dato,qn36,onehot_numeric,True,0.00175018331469906,False,TRAIN_ONLY_MI_ASSOCIATION_NOT_CAUSATION,Mutual information ranks statistical association with the target in the training sample; it does not establish causality or independent effects.
99,qn36__1,qn36,onehot_numeric,True,0.00174210700933075,False,TRAIN_ONLY_MI_ASSOCIATION_NOT_CAUSATION,Mutual information ranks statistical association with the target in the training sample; it does not establish causality or independent effects.
100,qn55__1,qn55,onehot_numeric,True,0.00172288225504785,False,TRAIN_ONLY_MI_ASSOCIATION_NOT_CAUSATION,Mutual information ranks statistical association with the target in the training sample; it does not establish causality or independent effects.
101,qn59__2,qn59,onehot_numeric,True,0.00171676082024236,False,TRAIN_ONLY_MI_ASSOCIATION_NOT_CAUSATION,Mutual information ranks statistical association with the target in the training sample; it does not establish causality or independent effects.
102,qn55__2,qn55,onehot_numeric,True,0.00167774646490773,False,TRAIN_ONLY_MI_ASSOCIATION_NOT_CAUSATION,Mutual information ranks statistical association with the target in the training sample; it does not establish causality or independent effects.
103,q37__2,q37,onehot_numeric,True,0.00166030353839103,False,TRAIN_ONLY_MI_ASSOCIATION_NOT_CAUSATION,Mutual information ranks statistical association with the target in the training sample; it does not establish causality or independent effects.
104,qn62__2,qn62,onehot_numeric,True,0.00165807569459608,False,TRAIN_ONLY_MI_ASSOCIATION_NOT_CAUSATION,Mutual information ranks statistical association with the target in the training sample; it does not establish causality or independent effects.
105,qn75__sin_dato,qn75,onehot_numeric,True,0.00161842057556527,False,TRAIN_ONLY_MI_ASSOCIATION_NOT_CAUSATION,Mutual information ranks statistical association with the target in the training sample; it does not establish causality or independent effects.
106,qn34__sin_dato,qn34,onehot_numeric,True,0.00156201269769624,False,TRAIN_ONLY_MI_ASSOCIATION_NOT_CAUSATION,Mutual information ranks statistical association with the target in the training sample; it does not establish causality or independent effects.
107,qnc1g__1,qnc1g,onehot_numeric,True,0.00152416762054758,False,TRAIN_ONLY_MI_ASSOCIATION_NOT_CAUSATION,Mutual information ranks statistical association with the target in the training sample; it does not establish causality or independent effects.
108,q34__1,q34,onehot_numeric,True,0.00149182510862353,False,TRAIN_ONLY_MI_ASSOCIATION_NOT_CAUSATION,Mutual information ranks statistical association with the target in the training sample; it does not establish causality or independent effects.
109,q75__3,q75,onehot_numeric,True,0.00143924643142379,False,TRAIN_ONLY_MI_ASSOCIATION_NOT_CAUSATION,Mutual information ranks statistical association with the target in the training sample; it does not establish causality or independent effects.
110,qn75__2,qn75,onehot_numeric,True,0.00143924643142379,False,TRAIN_ONLY_MI_ASSOCIATION_NOT_CAUSATION,Mutual information ranks statistical association with the target in the training sample; it does not establish causality or independent effects.
111,q73__1,q73,onehot_numeric,True,0.00133811259711336,False,TRAIN_ONLY_MI_ASSOCIATION_NOT_CAUSATION,Mutual information ranks statistical association with the target in the training sample; it does not establish causality or independent effects.
112,q74__1,q74,onehot_numeric,True,0.00132556379910828,False,TRAIN_ONLY_MI_ASSOCIATION_NOT_CAUSATION,Mutual information ranks statistical association with the target in the training sample; it does not establish causality or independent effects.
113,qn69__sin_dato,qn69,onehot_numeric,True,0.00131813838746653,False,TRAIN_ONLY_MI_ASSOCIATION_NOT_CAUSATION,Mutual information ranks statistical association with the target in the training sample; it does not establish causality or independent effects.
114,q75__1,q75,onehot_numeric,True,0.00129988108404444,False,TRAIN_ONLY_MI_ASSOCIATION_NOT_CAUSATION,Mutual information ranks statistical association with the target in the training sample; it does not establish causality or independent effects.
115,qn74__sin_dato,qn74,onehot_numeric,True,0.00127807032996799,False,TRAIN_ONLY_MI_ASSOCIATION_NOT_CAUSATION,Mutual information ranks statistical association with the target in the training sample; it does not establish causality or independent effects.
116,qn73__2,qn73,onehot_numeric,True,0.00126260365791969,False,TRAIN_ONLY_MI_ASSOCIATION_NOT_CAUSATION,Mutual information ranks statistical association with the target in the training sample; it does not establish causality or independent effects.
117,q32,q32,ordinal_numeric,True,0.00122094530421081,False,TRAIN_ONLY_MI_ASSOCIATION_NOT_CAUSATION,Mutual information ranks statistical association with the target in the training sample; it does not establish causality or independent effects.
118,qn45__2,qn45,onehot_numeric,True,0.00119705265467199,False,TRAIN_ONLY_MI_ASSOCIATION_NOT_CAUSATION,Mutual information ranks statistical association with the target in the training sample; it does not establish causality or independent effects.
119,q72,q72,ordinal_numeric,True,0.00116847147315256,False,TRAIN_ONLY_MI_ASSOCIATION_NOT_CAUSATION,Mutual information ranks statistical association with the target in the training sample; it does not establish causality or independent effects.
120,q38,q38,ordinal_numeric,True,0.00115350476801657,False,TRAIN_ONLY_MI_ASSOCIATION_NOT_CAUSATION,Mutual information ranks statistical association with the target in the training sample; it does not establish causality or independent effects.
121,q19__3,q19,onehot_numeric,True,0.00114818316141263,False,TRAIN_ONLY_MI_ASSOCIATION_NOT_CAUSATION,Mutual information ranks statistical association with the target in the training sample; it does not establish causality or independent effects.
122,q73__4,q73,onehot_numeric,True,0.00108613828367457,False,TRAIN_ONLY_MI_ASSOCIATION_NOT_CAUSATION,Mutual information ranks statistical association with the target in the training sample; it does not establish causality or independent effects.
123,q77,q77,ordinal_numeric,True,0.00104355226284152,False,TRAIN_ONLY_MI_ASSOCIATION_NOT_CAUSATION,Mutual information ranks statistical association with the target in the training sample; it does not establish causality or independent effects.
124,qn48__2,qn48,onehot_numeric,True,0.00102615166893416,False,TRAIN_ONLY_MI_ASSOCIATION_NOT_CAUSATION,Mutual information ranks statistical association with the target in the training sample; it does not establish causality or independent effects.
125,qn73__sin_dato,qn73,onehot_numeric,True,0.00101802085897046,False,TRAIN_ONLY_MI_ASSOCIATION_NOT_CAUSATION,Mutual information ranks statistical association with the target in the training sample; it does not establish causality or independent effects.
126,qn51__2,qn51,onehot_numeric,True,0.00101691417453671,False,TRAIN_ONLY_MI_ASSOCIATION_NOT_CAUSATION,Mutual information ranks statistical association with the target in the training sample; it does not establish causality or independent effects.
127,qnc1g__sin_dato,qnc1g,onehot_numeric,True,0.000931613604808146,False,TRAIN_ONLY_MI_ASSOCIATION_NOT_CAUSATION,Mutual information ranks statistical association with the target in the training sample; it does not establish causality or independent effects.
128,q70,q70,ordinal_numeric,True,0.000907732680196413,False,TRAIN_ONLY_MI_ASSOCIATION_NOT_CAUSATION,Mutual information ranks statistical association with the target in the training sample; it does not establish causality or independent effects.
129,q45__5,q45,onehot_numeric,True,0.000888147162012035,False,TRAIN_ONLY_MI_ASSOCIATION_NOT_CAUSATION,Mutual information ranks statistical association with the target in the training sample; it does not establish causality or independent effects.
130,qn38__1,qn38,onehot_numeric,True,0.000886686323058827,False,TRAIN_ONLY_MI_ASSOCIATION_NOT_CAUSATION,Mutual information ranks statistical association with the target in the training sample; it does not establish causality or independent effects.
131,q45__3,q45,onehot_numeric,True,0.000845231451964287,False,TRAIN_ONLY_MI_ASSOCIATION_NOT_CAUSATION,Mutual information ranks statistical association with the target in the training sample; it does not establish causality or independent effects.
132,q6,q6,ordinal_numeric,True,0.000812230257106089,False,TRAIN_ONLY_MI_ASSOCIATION_NOT_CAUSATION,Mutual information ranks statistical association with the target in the training sample; it does not establish causality or independent effects.
133,q76,q76,ordinal_numeric,True,0.000808712128002959,False,TRAIN_ONLY_MI_ASSOCIATION_NOT_CAUSATION,Mutual information ranks statistical association with the target in the training sample; it does not establish causality or independent effects.
134,q80,q80,ordinal_numeric,True,0.000803674162681484,False,TRAIN_ONLY_MI_ASSOCIATION_NOT_CAUSATION,Mutual information ranks statistical association with the target in the training sample; it does not establish causality or independent effects.
135,q45__4,q45,onehot_numeric,True,0.000777173215773391,False,TRAIN_ONLY_MI_ASSOCIATION_NOT_CAUSATION,Mutual information ranks statistical association with the target in the training sample; it does not establish causality or independent effects.
136,qn72__2,qn72,onehot_numeric,True,0.000760501589610746,False,TRAIN_ONLY_MI_ASSOCIATION_NOT_CAUSATION,Mutual information ranks statistical association with the target in the training sample; it does not establish causality or independent effects.
137,q65,q65,ordinal_numeric,True,0.000756905541852149,False,TRAIN_ONLY_MI_ASSOCIATION_NOT_CAUSATION,Mutual information ranks statistical association with the target in the training sample; it does not establish causality or independent effects.
138,qn38__2,qn38,onehot_numeric,True,0.000685519562176717,False,TRAIN_ONLY_MI_ASSOCIATION_NOT_CAUSATION,Mutual information ranks statistical association with the target in the training sample; it does not establish causality or independent effects.
139,qn32__2,qn32,onehot_numeric,True,0.000680992419773624,False,TRAIN_ONLY_MI_ASSOCIATION_NOT_CAUSATION,Mutual information ranks statistical association with the target in the training sample; it does not establish causality or independent effects.
140,qn34__1,qn34,onehot_numeric,True,0.000679722821434636,False,TRAIN_ONLY_MI_ASSOCIATION_NOT_CAUSATION,Mutual information ranks statistical association with the target in the training sample; it does not establish causality or independent effects.
141,q63,q63,ordinal_numeric,True,0.000671884916354209,False,TRAIN_ONLY_MI_ASSOCIATION_NOT_CAUSATION,Mutual information ranks statistical association with the target in the training sample; it does not establish causality or independent effects.
142,qn32__1,qn32,onehot_numeric,True,0.000669342705853643,False,TRAIN_ONLY_MI_ASSOCIATION_NOT_CAUSATION,Mutual information ranks statistical association with the target in the training sample; it does not establish causality or independent effects.
143,qn27__2,qn27,onehot_numeric,True,0.000657541677234363,False,TRAIN_ONLY_MI_ASSOCIATION_NOT_CAUSATION,Mutual information ranks statistical association with the target in the training sample; it does not establish causality or independent effects.
144,qn27__1,qn27,onehot_numeric,True,0.000622239511888834,False,TRAIN_ONLY_MI_ASSOCIATION_NOT_CAUSATION,Mutual information ranks statistical association with the target in the training sample; it does not establish causality or independent effects.
145,qn77__1,qn77,onehot_numeric,True,0.000606173438732233,False,TRAIN_ONLY_MI_ASSOCIATION_NOT_CAUSATION,Mutual information ranks statistical association with the target in the training sample; it does not establish causality or independent effects.
146,qn70__sin_dato,qn70,onehot_numeric,True,0.000591340175790989,False,TRAIN_ONLY_MI_ASSOCIATION_NOT_CAUSATION,Mutual information ranks statistical association with the target in the training sample; it does not establish causality or independent effects.
147,qn81__1,qn81,onehot_numeric,True,0.000586992170967443,False,TRAIN_ONLY_MI_ASSOCIATION_NOT_CAUSATION,Mutual information ranks statistical association with the target in the training sample; it does not establish causality or independent effects.
148,q48__4,q48,onehot_numeric,True,0.000581405205297481,False,TRAIN_ONLY_MI_ASSOCIATION_NOT_CAUSATION,Mutual information ranks statistical association with the target in the training sample; it does not establish causality or independent effects.
149,qn76__1,qn76,onehot_numeric,True,0.000580721846412724,False,TRAIN_ONLY_MI_ASSOCIATION_NOT_CAUSATION,Mutual information ranks statistical association with the target in the training sample; it does not establish causality or independent effects.
150,qn77__2,qn77,onehot_numeric,True,0.000570641435334668,False,TRAIN_ONLY_MI_ASSOCIATION_NOT_CAUSATION,Mutual information ranks statistical association with the target in the training sample; it does not establish causality or independent effects.
151,qn76__2,qn76,onehot_numeric,True,0.000562800664283714,False,TRAIN_ONLY_MI_ASSOCIATION_NOT_CAUSATION,Mutual information ranks statistical association with the target in the training sample; it does not establish causality or independent effects.
152,q79,q79,ordinal_numeric,True,0.000510564570933894,False,TRAIN_ONLY_MI_ASSOCIATION_NOT_CAUSATION,Mutual information ranks statistical association with the target in the training sample; it does not establish causality or independent effects.
153,q45__2,q45,onehot_numeric,True,0.000504904300283174,False,TRAIN_ONLY_MI_ASSOCIATION_NOT_CAUSATION,Mutual information ranks statistical association with the target in the training sample; it does not establish causality or independent effects.
154,qn69__1,qn69,onehot_numeric,True,0.00050072240454252,False,TRAIN_ONLY_MI_ASSOCIATION_NOT_CAUSATION,Mutual information ranks statistical association with the target in the training sample; it does not establish causality or independent effects.
155,qn81__2,qn81,onehot_numeric,True,0.000452727083539217,False,TRAIN_ONLY_MI_ASSOCIATION_NOT_CAUSATION,Mutual information ranks statistical association with the target in the training sample; it does not establish causality or independent effects.
156,qn51__sin_dato,qn51,onehot_numeric,True,0.000437319939650724,False,TRAIN_ONLY_MI_ASSOCIATION_NOT_CAUSATION,Mutual information ranks statistical association with the target in the training sample; it does not establish causality or independent effects.
157,qnpe3g__sin_dato,qnpe3g,onehot_numeric,True,0.000437319939650724,False,TRAIN_ONLY_MI_ASSOCIATION_NOT_CAUSATION,Mutual information ranks statistical association with the target in the training sample; it does not establish causality or independent effects.
158,qnpe5g__sin_dato,qnpe5g,onehot_numeric,True,0.000437319939650724,False,TRAIN_ONLY_MI_ASSOCIATION_NOT_CAUSATION,Mutual information ranks statistical association with the target in the training sample; it does not establish causality or independent effects.
159,q48__3,q48,onehot_numeric,True,0.00043396914748095,False,TRAIN_ONLY_MI_ASSOCIATION_NOT_CAUSATION,Mutual information ranks statistical association with the target in the training sample; it does not establish causality or independent effects.
160,q10,q10,ordinal_numeric,True,0.000433104700180921,False,TRAIN_ONLY_MI_ASSOCIATION_NOT_CAUSATION,Mutual information ranks statistical association with the target in the training sample; it does not establish causality or independent effects.
161,q24__2,q24,onehot_numeric,True,0.000430638152038032,False,TRAIN_ONLY_MI_ASSOCIATION_NOT_CAUSATION,Mutual information ranks statistical association with the target in the training sample; it does not establish causality or independent effects.
162,qn24__2,qn24,onehot_numeric,True,0.000430638152038032,False,TRAIN_ONLY_MI_ASSOCIATION_NOT_CAUSATION,Mutual information ranks statistical association with the target in the training sample; it does not establish causality or independent effects.
163,qn72__sin_dato,qn72,onehot_numeric,True,0.000415923130459295,False,TRAIN_ONLY_MI_ASSOCIATION_NOT_CAUSATION,Mutual information ranks statistical association with the target in the training sample; it does not establish causality or independent effects.
164,q37__7,q37,onehot_numeric,True,0.000404714401437911,False,TRAIN_ONLY_MI_ASSOCIATION_NOT_CAUSATION,Mutual information ranks statistical association with the target in the training sample; it does not establish causality or independent effects.
165,qn79__1,qn79,onehot_numeric,True,0.000389591722651562,False,TRAIN_ONLY_MI_ASSOCIATION_NOT_CAUSATION,Mutual information ranks statistical association with the target in the training sample; it does not establish causality or independent effects.
166,q15,q15,ordinal_numeric,True,0.000389472755850655,False,TRAIN_ONLY_MI_ASSOCIATION_NOT_CAUSATION,Mutual information ranks statistical association with the target in the training sample; it does not establish causality or independent effects.
167,q31__4,q31,onehot_numeric,True,0.00034783962718607,False,TRAIN_ONLY_MI_ASSOCIATION_NOT_CAUSATION,Mutual information ranks statistical association with the target in the training sample; it does not establish causality or independent effects.
168,qn31__2,qn31,onehot_numeric,True,0.00034783962718607,False,TRAIN_ONLY_MI_ASSOCIATION_NOT_CAUSATION,Mutual information ranks statistical association with the target in the training sample; it does not establish causality or independent effects.
169,q1,q1,ordinal_numeric,True,0.00034361016184211,False,TRAIN_ONLY_MI_ASSOCIATION_NOT_CAUSATION,Mutual information ranks statistical association with the target in the training sample; it does not establish causality or independent effects.
170,qnff2g__1,qnff2g,onehot_numeric,True,0.00034264132523884,False,TRAIN_ONLY_MI_ASSOCIATION_NOT_CAUSATION,Mutual information ranks statistical association with the target in the training sample; it does not establish causality or independent effects.
171,qn22__2,qn22,onehot_numeric,True,0.00033673294705891,False,TRAIN_ONLY_MI_ASSOCIATION_NOT_CAUSATION,Mutual information ranks statistical association with the target in the training sample; it does not establish causality or independent effects.
172,q43,q43,ordinal_numeric,True,0.000334350602493885,False,TRAIN_ONLY_MI_ASSOCIATION_NOT_CAUSATION,Mutual information ranks statistical association with the target in the training sample; it does not establish causality or independent effects.
173,qn22__1,qn22,onehot_numeric,True,0.000334108041495085,False,TRAIN_ONLY_MI_ASSOCIATION_NOT_CAUSATION,Mutual information ranks statistical association with the target in the training sample; it does not establish causality or independent effects.
174,q64,q64,ordinal_numeric,True,0.000333233602247294,False,TRAIN_ONLY_MI_ASSOCIATION_NOT_CAUSATION,Mutual information ranks statistical association with the target in the training sample; it does not establish causality or independent effects.
175,q29,q29,ordinal_numeric,True,0.000330869000550994,False,TRAIN_ONLY_MI_ASSOCIATION_NOT_CAUSATION,Mutual information ranks statistical association with the target in the training sample; it does not establish causality or independent effects.
176,q74__3,q74,onehot_numeric,True,0.000314220390510767,False,TRAIN_ONLY_MI_ASSOCIATION_NOT_CAUSATION,Mutual information ranks statistical association with the target in the training sample; it does not establish causality or independent effects.
177,qnff2g__2,qnff2g,onehot_numeric,True,0.000310564335158914,False,TRAIN_ONLY_MI_ASSOCIATION_NOT_CAUSATION,Mutual information ranks statistical association with the target in the training sample; it does not establish causality or independent effects.
178,qnff3g__1,qnff3g,onehot_numeric,True,0.000296269930246992,False,TRAIN_ONLY_MI_ASSOCIATION_NOT_CAUSATION,Mutual information ranks statistical association with the target in the training sample; it does not establish causality or independent effects.
179,q75__sin_dato,q75,onehot_numeric,True,0.000295830814139753,False,TRAIN_ONLY_MI_ASSOCIATION_NOT_CAUSATION,Mutual information ranks statistical association with the target in the training sample; it does not establish causality or independent effects.
180,q66__2,q66,onehot_numeric,True,0.000288830645594873,False,TRAIN_ONLY_MI_ASSOCIATION_NOT_CAUSATION,Mutual information ranks statistical association with the target in the training sample; it does not establish causality or independent effects.
181,qn66__2,qn66,onehot_numeric,True,0.000288830645594873,False,TRAIN_ONLY_MI_ASSOCIATION_NOT_CAUSATION,Mutual information ranks statistical association with the target in the training sample; it does not establish causality or independent effects.
182,q53,q53,ordinal_numeric,True,0.000286443613158563,False,TRAIN_ONLY_MI_ASSOCIATION_NOT_CAUSATION,Mutual information ranks statistical association with the target in the training sample; it does not establish causality or independent effects.
183,q19__4,q19,onehot_numeric,True,0.000284369333058566,False,TRAIN_ONLY_MI_ASSOCIATION_NOT_CAUSATION,Mutual information ranks statistical association with the target in the training sample; it does not establish causality or independent effects.
184,q24__1,q24,onehot_numeric,True,0.000278454848576332,False,TRAIN_ONLY_MI_ASSOCIATION_NOT_CAUSATION,Mutual information ranks statistical association with the target in the training sample; it does not establish causality or independent effects.
185,qn24__1,qn24,onehot_numeric,True,0.000278454848576332,False,TRAIN_ONLY_MI_ASSOCIATION_NOT_CAUSATION,Mutual information ranks statistical association with the target in the training sample; it does not establish causality or independent effects.
186,qn80__2,qn80,onehot_numeric,True,0.000276127850859176,False,TRAIN_ONLY_MI_ASSOCIATION_NOT_CAUSATION,Mutual information ranks statistical association with the target in the training sample; it does not establish causality or independent effects.
187,qn80__1,qn80,onehot_numeric,True,0.000272375476248948,False,TRAIN_ONLY_MI_ASSOCIATION_NOT_CAUSATION,Mutual information ranks statistical association with the target in the training sample; it does not establish causality or independent effects.
188,q42,q42,ordinal_numeric,True,0.0002710950206639,False,TRAIN_ONLY_MI_ASSOCIATION_NOT_CAUSATION,Mutual information ranks statistical association with the target in the training sample; it does not establish causality or independent effects.
189,qnff3g__2,qnff3g,onehot_numeric,True,0.000255106724163248,False,TRAIN_ONLY_MI_ASSOCIATION_NOT_CAUSATION,Mutual information ranks statistical association with the target in the training sample; it does not establish causality or independent effects.
190,q3,q3,ordinal_numeric,True,0.000241154469523532,False,TRAIN_ONLY_MI_ASSOCIATION_NOT_CAUSATION,Mutual information ranks statistical association with the target in the training sample; it does not establish causality or independent effects.
191,q34__4,q34,onehot_numeric,True,0.000238601568509814,False,TRAIN_ONLY_MI_ASSOCIATION_NOT_CAUSATION,Mutual information ranks statistical association with the target in the training sample; it does not establish causality or independent effects.
192,qn70__1,qn70,onehot_numeric,True,0.000233892954332515,False,TRAIN_ONLY_MI_ASSOCIATION_NOT_CAUSATION,Mutual information ranks statistical association with the target in the training sample; it does not establish causality or independent effects.
193,qn43__sin_dato,qn43,onehot_numeric,True,0.000233764483570716,False,TRAIN_ONLY_MI_ASSOCIATION_NOT_CAUSATION,Mutual information ranks statistical association with the target in the training sample; it does not establish causality or independent effects.
194,q41,q41,ordinal_numeric,True,0.000230142064101269,False,TRAIN_ONLY_MI_ASSOCIATION_NOT_CAUSATION,Mutual information ranks statistical association with the target in the training sample; it does not establish causality or independent effects.
195,qn79__2,qn79,onehot_numeric,True,0.000225366211914386,False,TRAIN_ONLY_MI_ASSOCIATION_NOT_CAUSATION,Mutual information ranks statistical association with the target in the training sample; it does not establish causality or independent effects.
196,qn74__2,qn74,onehot_numeric,True,0.000219916489772112,False,TRAIN_ONLY_MI_ASSOCIATION_NOT_CAUSATION,Mutual information ranks statistical association with the target in the training sample; it does not establish causality or independent effects.
197,qn10__2,qn10,onehot_numeric,True,0.000215155262700939,False,TRAIN_ONLY_MI_ASSOCIATION_NOT_CAUSATION,Mutual information ranks statistical association with the target in the training sample; it does not establish causality or independent effects.
198,qnff1g__1,qnff1g,onehot_numeric,True,0.000215155262700939,False,TRAIN_ONLY_MI_ASSOCIATION_NOT_CAUSATION,Mutual information ranks statistical association with the target in the training sample; it does not establish causality or independent effects.
199,qn41__1,qn41,onehot_numeric,True,0.00020884061683038,False,TRAIN_ONLY_MI_ASSOCIATION_NOT_CAUSATION,Mutual information ranks statistical association with the target in the training sample; it does not establish causality or independent effects.
200,q39,q39,ordinal_numeric,True,0.000204905604477543,False,TRAIN_ONLY_MI_ASSOCIATION_NOT_CAUSATION,Mutual information ranks statistical association with the target in the training sample; it does not establish causality or independent effects.
201,qn29__sin_dato,qn29,onehot_numeric,True,0.000199532914661824,False,TRAIN_ONLY_MI_ASSOCIATION_NOT_CAUSATION,Mutual information ranks statistical association with the target in the training sample; it does not establish causality or independent effects.
202,q78,q78,ordinal_numeric,True,0.000197818699917018,False,TRAIN_ONLY_MI_ASSOCIATION_NOT_CAUSATION,Mutual information ranks statistical association with the target in the training sample; it does not establish causality or independent effects.
203,qn10__1,qn10,onehot_numeric,True,0.000196765756991457,False,TRAIN_ONLY_MI_ASSOCIATION_NOT_CAUSATION,Mutual information ranks statistical association with the target in the training sample; it does not establish causality or independent effects.
204,qnff1g__2,qnff1g,onehot_numeric,True,0.000196765756991457,False,TRAIN_ONLY_MI_ASSOCIATION_NOT_CAUSATION,Mutual information ranks statistical association with the target in the training sample; it does not establish causality or independent effects.
205,q66__sin_dato,q66,onehot_numeric,True,0.000182932339272968,False,TRAIN_ONLY_MI_ASSOCIATION_NOT_CAUSATION,Mutual information ranks statistical association with the target in the training sample; it does not establish causality or independent effects.
206,qn66__sin_dato,qn66,onehot_numeric,True,0.000182932339272968,False,TRAIN_ONLY_MI_ASSOCIATION_NOT_CAUSATION,Mutual information ranks statistical association with the target in the training sample; it does not establish causality or independent effects.
207,q67__sin_dato,q67,onehot_numeric,True,0.000182214677251605,False,TRAIN_ONLY_MI_ASSOCIATION_NOT_CAUSATION,Mutual information ranks statistical association with the target in the training sample; it does not establish causality or independent effects.
208,qn67__sin_dato,qn67,onehot_numeric,True,0.000182214677251605,False,TRAIN_ONLY_MI_ASSOCIATION_NOT_CAUSATION,Mutual information ranks statistical association with the target in the training sample; it does not establish causality or independent effects.
209,q24__sin_dato,q24,onehot_numeric,True,0.000181108540422411,False,TRAIN_ONLY_MI_ASSOCIATION_NOT_CAUSATION,Mutual information ranks statistical association with the target in the training sample; it does not establish causality or independent effects.
210,qn24__sin_dato,qn24,onehot_numeric,True,0.000181108540422411,False,TRAIN_ONLY_MI_ASSOCIATION_NOT_CAUSATION,Mutual information ranks statistical association with the target in the training sample; it does not establish causality or independent effects.
211,qn71__2,qn71,onehot_numeric,True,0.000178483455069031,False,TRAIN_ONLY_MI_ASSOCIATION_NOT_CAUSATION,Mutual information ranks statistical association with the target in the training sample; it does not establish causality or independent effects.
212,q23,q23,ordinal_numeric,True,0.000173923864179883,False,TRAIN_ONLY_MI_ASSOCIATION_NOT_CAUSATION,Mutual information ranks statistical association with the target in the training sample; it does not establish causality or independent effects.
213,q73__5,q73,onehot_numeric,True,0.000170776066396733,False,TRAIN_ONLY_MI_ASSOCIATION_NOT_CAUSATION,Mutual information ranks statistical association with the target in the training sample; it does not establish causality or independent effects.
214,qn41__2,qn41,onehot_numeric,True,0.000168763729644555,False,TRAIN_ONLY_MI_ASSOCIATION_NOT_CAUSATION,Mutual information ranks statistical association with the target in the training sample; it does not establish causality or independent effects.
215,q66__1,q66,onehot_numeric,True,0.000166654014435358,False,TRAIN_ONLY_MI_ASSOCIATION_NOT_CAUSATION,Mutual information ranks statistical association with the target in the training sample; it does not establish causality or independent effects.
216,qn66__1,qn66,onehot_numeric,True,0.000166654014435358,False,TRAIN_ONLY_MI_ASSOCIATION_NOT_CAUSATION,Mutual information ranks statistical association with the target in the training sample; it does not establish causality or independent effects.
217,q26,q26,ordinal_numeric,True,0.000163933155479256,False,TRAIN_ONLY_MI_ASSOCIATION_NOT_CAUSATION,Mutual information ranks statistical association with the target in the training sample; it does not establish causality or independent effects.
218,q34__5,q34,onehot_numeric,True,0.000160118464314712,False,TRAIN_ONLY_MI_ASSOCIATION_NOT_CAUSATION,Mutual information ranks statistical association with the target in the training sample; it does not establish causality or independent effects.
219,q30,q30,ordinal_numeric,True,0.000159442683224062,False,TRAIN_ONLY_MI_ASSOCIATION_NOT_CAUSATION,Mutual information ranks statistical association with the target in the training sample; it does not establish causality or independent effects.
220,q44__sin_dato,q44,onehot_numeric,True,0.00014913975399599,False,TRAIN_ONLY_MI_ASSOCIATION_NOT_CAUSATION,Mutual information ranks statistical association with the target in the training sample; it does not establish causality or independent effects.
221,qn44__sin_dato,qn44,onehot_numeric,True,0.00014913975399599,False,TRAIN_ONLY_MI_ASSOCIATION_NOT_CAUSATION,Mutual information ranks statistical association with the target in the training sample; it does not establish causality or independent effects.
222,q37__6,q37,onehot_numeric,True,0.000146150971811072,False,TRAIN_ONLY_MI_ASSOCIATION_NOT_CAUSATION,Mutual information ranks statistical association with the target in the training sample; it does not establish causality or independent effects.
223,q40__6,q40,onehot_numeric,True,0.000145065229773783,False,TRAIN_ONLY_MI_ASSOCIATION_NOT_CAUSATION,Mutual information ranks statistical association with the target in the training sample; it does not establish causality or independent effects.
224,qnnotb2g__sin_dato,qnnotb2g,onehot_numeric,True,0.000142900526818715,False,TRAIN_ONLY_MI_ASSOCIATION_NOT_CAUSATION,Mutual information ranks statistical association with the target in the training sample; it does not establish causality or independent effects.
225,q45__6,q45,onehot_numeric,True,0.000142085614332321,False,TRAIN_ONLY_MI_ASSOCIATION_NOT_CAUSATION,Mutual information ranks statistical association with the target in the training sample; it does not establish causality or independent effects.
226,q68__sin_dato,q68,onehot_numeric,True,0.000139892232824486,False,TRAIN_ONLY_MI_ASSOCIATION_NOT_CAUSATION,Mutual information ranks statistical association with the target in the training sample; it does not establish causality or independent effects.
227,qn68__sin_dato,qn68,onehot_numeric,True,0.000139892232824486,False,TRAIN_ONLY_MI_ASSOCIATION_NOT_CAUSATION,Mutual information ranks statistical association with the target in the training sample; it does not establish causality or independent effects.
228,qn42__1,qn42,onehot_numeric,True,0.000139195902678621,False,TRAIN_ONLY_MI_ASSOCIATION_NOT_CAUSATION,Mutual information ranks statistical association with the target in the training sample; it does not establish causality or independent effects.
229,q31__sin_dato,q31,onehot_numeric,True,0.00013340703085328,False,TRAIN_ONLY_MI_ASSOCIATION_NOT_CAUSATION,Mutual information ranks statistical association with the target in the training sample; it does not establish causality or independent effects.
230,q25__2,q25,onehot_numeric,True,0.000132795583658835,False,TRAIN_ONLY_MI_ASSOCIATION_NOT_CAUSATION,Mutual information ranks statistical association with the target in the training sample; it does not establish causality or independent effects.
231,qn25__2,qn25,onehot_numeric,True,0.000132795583658835,False,TRAIN_ONLY_MI_ASSOCIATION_NOT_CAUSATION,Mutual information ranks statistical association with the target in the training sample; it does not establish causality or independent effects.
232,q19__sin_dato,q19,onehot_numeric,True,0.000132782435511528,False,TRAIN_ONLY_MI_ASSOCIATION_NOT_CAUSATION,Mutual information ranks statistical association with the target in the training sample; it does not establish causality or independent effects.
233,q40__2,q40,onehot_numeric,True,0.000130415141534935,False,TRAIN_ONLY_MI_ASSOCIATION_NOT_CAUSATION,Mutual information ranks statistical association with the target in the training sample; it does not establish causality or independent effects.
234,q18__sin_dato,q18,onehot_numeric,True,0.000128536850941649,False,TRAIN_ONLY_MI_ASSOCIATION_NOT_CAUSATION,Mutual information ranks statistical association with the target in the training sample; it does not establish causality or independent effects.
235,qn39__sin_dato,qn39,onehot_numeric,True,0.000123790193448728,False,TRAIN_ONLY_MI_ASSOCIATION_NOT_CAUSATION,Mutual information ranks statistical association with the target in the training sample; it does not establish causality or independent effects.
236,qn30__1,qn30,onehot_numeric,True,0.00012264566210983,False,TRAIN_ONLY_MI_ASSOCIATION_NOT_CAUSATION,Mutual information ranks statistical association with the target in the training sample; it does not establish causality or independent effects.
237,q45__7,q45,onehot_numeric,True,0.000121104946142106,False,TRAIN_ONLY_MI_ASSOCIATION_NOT_CAUSATION,Mutual information ranks statistical association with the target in the training sample; it does not establish causality or independent effects.
238,q28__7,q28,onehot_numeric,True,0.000113904823932406,False,TRAIN_ONLY_MI_ASSOCIATION_NOT_CAUSATION,Mutual information ranks statistical association with the target in the training sample; it does not establish causality or independent effects.
239,q31__3,q31,onehot_numeric,True,0.000112139447551146,False,TRAIN_ONLY_MI_ASSOCIATION_NOT_CAUSATION,Mutual information ranks statistical association with the target in the training sample; it does not establish causality or independent effects.
240,qn31__1,qn31,onehot_numeric,True,0.000112139447551146,False,TRAIN_ONLY_MI_ASSOCIATION_NOT_CAUSATION,Mutual information ranks statistical association with the target in the training sample; it does not establish causality or independent effects.
241,qn53__2,qn53,onehot_numeric,True,0.000110867422907279,False,TRAIN_ONLY_MI_ASSOCIATION_NOT_CAUSATION,Mutual information ranks statistical association with the target in the training sample; it does not establish causality or independent effects.
242,qn34__2,qn34,onehot_numeric,True,0.000109823213679833,False,TRAIN_ONLY_MI_ASSOCIATION_NOT_CAUSATION,Mutual information ranks statistical association with the target in the training sample; it does not establish causality or independent effects.
243,q28__sin_dato,q28,onehot_numeric,True,9.74296851726925e-05,False,TRAIN_ONLY_MI_ASSOCIATION_NOT_CAUSATION,Mutual information ranks statistical association with the target in the training sample; it does not establish causality or independent effects.
244,qnowtg__1,qnowtg,onehot_numeric,True,9.74184810836054e-05,False,TRAIN_ONLY_MI_ASSOCIATION_NOT_CAUSATION,Mutual information ranks statistical association with the target in the training sample; it does not establish causality or independent effects.
245,q74__4,q74,onehot_numeric,True,9.62718033430815e-05,False,TRAIN_ONLY_MI_ASSOCIATION_NOT_CAUSATION,Mutual information ranks statistical association with the target in the training sample; it does not establish causality or independent effects.
246,qn30__2,qn30,onehot_numeric,True,9.36139366507077e-05,False,TRAIN_ONLY_MI_ASSOCIATION_NOT_CAUSATION,Mutual information ranks statistical association with the target in the training sample; it does not establish causality or independent effects.
247,qn38__sin_dato,qn38,onehot_numeric,True,9.25708814079468e-05,False,TRAIN_ONLY_MI_ASSOCIATION_NOT_CAUSATION,Mutual information ranks statistical association with the target in the training sample; it does not establish causality or independent effects.
248,q40__1,q40,onehot_numeric,True,8.98897016851918e-05,False,TRAIN_ONLY_MI_ASSOCIATION_NOT_CAUSATION,Mutual information ranks statistical association with the target in the training sample; it does not establish causality or independent effects.
249,q40__3,q40,onehot_numeric,True,8.73381904222328e-05,False,TRAIN_ONLY_MI_ASSOCIATION_NOT_CAUSATION,Mutual information ranks statistical association with the target in the training sample; it does not establish causality or independent effects.
250,q25__1,q25,onehot_numeric,True,8.6576889447465e-05,False,TRAIN_ONLY_MI_ASSOCIATION_NOT_CAUSATION,Mutual information ranks statistical association with the target in the training sample; it does not establish causality or independent effects.
251,qn25__1,qn25,onehot_numeric,True,8.6576889447465e-05,False,TRAIN_ONLY_MI_ASSOCIATION_NOT_CAUSATION,Mutual information ranks statistical association with the target in the training sample; it does not establish causality or independent effects.
252,q33__sin_dato,q33,onehot_numeric,True,8.6216516581597e-05,False,TRAIN_ONLY_MI_ASSOCIATION_NOT_CAUSATION,Mutual information ranks statistical association with the target in the training sample; it does not establish causality or independent effects.
253,qn33__sin_dato,qn33,onehot_numeric,True,8.6216516581597e-05,False,TRAIN_ONLY_MI_ASSOCIATION_NOT_CAUSATION,Mutual information ranks statistical association with the target in the training sample; it does not establish causality or independent effects.
254,qn26__2,qn26,onehot_numeric,True,8.05366674775099e-05,False,TRAIN_ONLY_MI_ASSOCIATION_NOT_CAUSATION,Mutual information ranks statistical association with the target in the training sample; it does not establish causality or independent effects.
255,q25__sin_dato,q25,onehot_numeric,True,7.74236479104129e-05,False,TRAIN_ONLY_MI_ASSOCIATION_NOT_CAUSATION,Mutual information ranks statistical association with the target in the training sample; it does not establish causality or independent effects.
256,qn25__sin_dato,qn25,onehot_numeric,True,7.74236479104129e-05,False,TRAIN_ONLY_MI_ASSOCIATION_NOT_CAUSATION,Mutual information ranks statistical association with the target in the training sample; it does not establish causality or independent effects.
257,q40__7,q40,onehot_numeric,True,7.723302823541e-05,False,TRAIN_ONLY_MI_ASSOCIATION_NOT_CAUSATION,Mutual information ranks statistical association with the target in the training sample; it does not establish causality or independent effects.
258,q47__sin_dato,q47,onehot_numeric,True,7.65251849056889e-05,False,TRAIN_ONLY_MI_ASSOCIATION_NOT_CAUSATION,Mutual information ranks statistical association with the target in the training sample; it does not establish causality or independent effects.
259,q45__sin_dato,q45,onehot_numeric,True,7.63110302421099e-05,False,TRAIN_ONLY_MI_ASSOCIATION_NOT_CAUSATION,Mutual information ranks statistical association with the target in the training sample; it does not establish causality or independent effects.
260,qn53__1,qn53,onehot_numeric,True,7.17789254649492e-05,False,TRAIN_ONLY_MI_ASSOCIATION_NOT_CAUSATION,Mutual information ranks statistical association with the target in the training sample; it does not establish causality or independent effects.
261,qn26__1,qn26,onehot_numeric,True,6.94814246271769e-05,False,TRAIN_ONLY_MI_ASSOCIATION_NOT_CAUSATION,Mutual information ranks statistical association with the target in the training sample; it does not establish causality or independent effects.
262,q75__2,q75,onehot_numeric,True,6.6535050882971e-05,False,TRAIN_ONLY_MI_ASSOCIATION_NOT_CAUSATION,Mutual information ranks statistical association with the target in the training sample; it does not establish causality or independent effects.
263,qn75__1,qn75,onehot_numeric,True,6.6535050882971e-05,False,TRAIN_ONLY_MI_ASSOCIATION_NOT_CAUSATION,Mutual information ranks statistical association with the target in the training sample; it does not establish causality or independent effects.
264,q37__5,q37,onehot_numeric,True,6.62215082041923e-05,False,TRAIN_ONLY_MI_ASSOCIATION_NOT_CAUSATION,Mutual information ranks statistical association with the target in the training sample; it does not establish causality or independent effects.
265,qn70__2,qn70,onehot_numeric,True,6.56166217957721e-05,False,TRAIN_ONLY_MI_ASSOCIATION_NOT_CAUSATION,Mutual information ranks statistical association with the target in the training sample; it does not establish causality or independent effects.
266,qn42__2,qn42,onehot_numeric,True,6.32400180662906e-05,False,TRAIN_ONLY_MI_ASSOCIATION_NOT_CAUSATION,Mutual information ranks statistical association with the target in the training sample; it does not establish causality or independent effects.
267,q34__6,q34,onehot_numeric,True,6.28180668128253e-05,False,TRAIN_ONLY_MI_ASSOCIATION_NOT_CAUSATION,Mutual information ranks statistical association with the target in the training sample; it does not establish causality or independent effects.
268,qn53__sin_dato,qn53,onehot_numeric,True,6.1613734035966e-05,False,TRAIN_ONLY_MI_ASSOCIATION_NOT_CAUSATION,Mutual information ranks statistical association with the target in the training sample; it does not establish causality or independent effects.
269,qn15__1,qn15,onehot_numeric,True,5.89254661001182e-05,False,TRAIN_ONLY_MI_ASSOCIATION_NOT_CAUSATION,Mutual information ranks statistical association with the target in the training sample; it does not establish causality or independent effects.
270,qn63__2,qn63,onehot_numeric,True,5.71391532165622e-05,False,TRAIN_ONLY_MI_ASSOCIATION_NOT_CAUSATION,Mutual information ranks statistical association with the target in the training sample; it does not establish causality or independent effects.
271,q58,q58,ordinal_numeric,True,5.67197200683628e-05,False,TRAIN_ONLY_MI_ASSOCIATION_NOT_CAUSATION,Mutual information ranks statistical association with the target in the training sample; it does not establish causality or independent effects.
272,q34__sin_dato,q34,onehot_numeric,True,5.66952004655147e-05,False,TRAIN_ONLY_MI_ASSOCIATION_NOT_CAUSATION,Mutual information ranks statistical association with the target in the training sample; it does not establish causality or independent effects.
273,q74__5,q74,onehot_numeric,True,5.61605605690213e-05,False,TRAIN_ONLY_MI_ASSOCIATION_NOT_CAUSATION,Mutual information ranks statistical association with the target in the training sample; it does not establish causality or independent effects.
274,qn15__2,qn15,onehot_numeric,True,5.40294785252859e-05,False,TRAIN_ONLY_MI_ASSOCIATION_NOT_CAUSATION,Mutual information ranks statistical association with the target in the training sample; it does not establish causality or independent effects.
275,qn27__sin_dato,qn27,onehot_numeric,True,5.23624307148841e-05,False,TRAIN_ONLY_MI_ASSOCIATION_NOT_CAUSATION,Mutual information ranks statistical association with the target in the training sample; it does not establish causality or independent effects.
276,q34__7,q34,onehot_numeric,True,5.20888098585123e-05,False,TRAIN_ONLY_MI_ASSOCIATION_NOT_CAUSATION,Mutual information ranks statistical association with the target in the training sample; it does not establish causality or independent effects.
277,qn42__sin_dato,qn42,onehot_numeric,True,5.16048433564786e-05,False,TRAIN_ONLY_MI_ASSOCIATION_NOT_CAUSATION,Mutual information ranks statistical association with the target in the training sample; it does not establish causality or independent effects.
278,q73__6,q73,onehot_numeric,True,5.05464275000062e-05,False,TRAIN_ONLY_MI_ASSOCIATION_NOT_CAUSATION,Mutual information ranks statistical association with the target in the training sample; it does not establish causality or independent effects.
279,q37__sin_dato,q37,onehot_numeric,True,4.92464396774431e-05,False,TRAIN_ONLY_MI_ASSOCIATION_NOT_CAUSATION,Mutual information ranks statistical association with the target in the training sample; it does not establish causality or independent effects.
280,qn43__2,qn43,onehot_numeric,True,4.85897631484489e-05,False,TRAIN_ONLY_MI_ASSOCIATION_NOT_CAUSATION,Mutual information ranks statistical association with the target in the training sample; it does not establish causality or independent effects.
281,qn59__sin_dato,qn59,onehot_numeric,True,4.83085260851376e-05,False,TRAIN_ONLY_MI_ASSOCIATION_NOT_CAUSATION,Mutual information ranks statistical association with the target in the training sample; it does not establish causality or independent effects.
282,q48__sin_dato,q48,onehot_numeric,True,4.79588197562081e-05,False,TRAIN_ONLY_MI_ASSOCIATION_NOT_CAUSATION,Mutual information ranks statistical association with the target in the training sample; it does not establish causality or independent effects.
283,q34__3,q34,onehot_numeric,True,4.73544248895258e-05,False,TRAIN_ONLY_MI_ASSOCIATION_NOT_CAUSATION,Mutual information ranks statistical association with the target in the training sample; it does not establish causality or independent effects.
284,qn63__1,qn63,onehot_numeric,True,4.54758057832072e-05,False,TRAIN_ONLY_MI_ASSOCIATION_NOT_CAUSATION,Mutual information ranks statistical association with the target in the training sample; it does not establish causality or independent effects.
285,qn28__2,qn28,onehot_numeric,True,4.51378955672044e-05,False,TRAIN_ONLY_MI_ASSOCIATION_NOT_CAUSATION,Mutual information ranks statistical association with the target in the training sample; it does not establish causality or independent effects.
286,qn81__sin_dato,qn81,onehot_numeric,True,4.31366656614349e-05,False,TRAIN_ONLY_MI_ASSOCIATION_NOT_CAUSATION,Mutual information ranks statistical association with the target in the training sample; it does not establish causality or independent effects.
287,qnc1g__2,qnc1g,onehot_numeric,True,4.26050310082804e-05,False,TRAIN_ONLY_MI_ASSOCIATION_NOT_CAUSATION,Mutual information ranks statistical association with the target in the training sample; it does not establish causality or independent effects.
288,qntob2g__sin_dato,qntob2g,onehot_numeric,True,4.2576302587357e-05,False,TRAIN_ONLY_MI_ASSOCIATION_NOT_CAUSATION,Mutual information ranks statistical association with the target in the training sample; it does not establish causality or independent effects.
289,qn50__sin_dato,qn50,onehot_numeric,True,4.00029575831524e-05,False,TRAIN_ONLY_MI_ASSOCIATION_NOT_CAUSATION,Mutual information ranks statistical association with the target in the training sample; it does not establish causality or independent effects.
290,q34__2,q34,onehot_numeric,True,3.98495915933383e-05,False,TRAIN_ONLY_MI_ASSOCIATION_NOT_CAUSATION,Mutual information ranks statistical association with the target in the training sample; it does not establish causality or independent effects.
291,q73__2,q73,onehot_numeric,True,3.89919129355765e-05,False,TRAIN_ONLY_MI_ASSOCIATION_NOT_CAUSATION,Mutual information ranks statistical association with the target in the training sample; it does not establish causality or independent effects.
292,qn73__1,qn73,onehot_numeric,True,3.89919129355765e-05,False,TRAIN_ONLY_MI_ASSOCIATION_NOT_CAUSATION,Mutual information ranks statistical association with the target in the training sample; it does not establish causality or independent effects.
293,q28__2,q28,onehot_numeric,True,3.86969301782378e-05,False,TRAIN_ONLY_MI_ASSOCIATION_NOT_CAUSATION,Mutual information ranks statistical association with the target in the training sample; it does not establish causality or independent effects.
294,qnobeseg__1,qnobeseg,onehot_numeric,True,3.80939384442419e-05,False,TRAIN_ONLY_MI_ASSOCIATION_NOT_CAUSATION,Mutual information ranks statistical association with the target in the training sample; it does not establish causality or independent effects.
295,qn28__sin_dato,qn28,onehot_numeric,True,3.79274492673942e-05,False,TRAIN_ONLY_MI_ASSOCIATION_NOT_CAUSATION,Mutual information ranks statistical association with the target in the training sample; it does not establish causality or independent effects.
296,qn78__2,qn78,onehot_numeric,True,3.75944966518466e-05,False,TRAIN_ONLY_MI_ASSOCIATION_NOT_CAUSATION,Mutual information ranks statistical association with the target in the training sample; it does not establish causality or independent effects.
297,q73__sin_dato,q73,onehot_numeric,True,3.74770815188552e-05,False,TRAIN_ONLY_MI_ASSOCIATION_NOT_CAUSATION,Mutual information ranks statistical association with the target in the training sample; it does not establish causality or independent effects.
298,q73__3,q73,onehot_numeric,True,3.7104693235035e-05,False,TRAIN_ONLY_MI_ASSOCIATION_NOT_CAUSATION,Mutual information ranks statistical association with the target in the training sample; it does not establish causality or independent effects.
299,qn78__sin_dato,qn78,onehot_numeric,True,3.56400515441474e-05,False,TRAIN_ONLY_MI_ASSOCIATION_NOT_CAUSATION,Mutual information ranks statistical association with the target in the training sample; it does not establish causality or independent effects.
300,qn58__2,qn58,onehot_numeric,True,3.54757920092152e-05,False,TRAIN_ONLY_MI_ASSOCIATION_NOT_CAUSATION,Mutual information ranks statistical association with the target in the training sample; it does not establish causality or independent effects.
301,qn57__sin_dato,qn57,onehot_numeric,True,3.42573426035594e-05,False,TRAIN_ONLY_MI_ASSOCIATION_NOT_CAUSATION,Mutual information ranks statistical association with the target in the training sample; it does not establish causality or independent effects.
302,qn65__sin_dato,qn65,onehot_numeric,True,3.3947978335308e-05,False,TRAIN_ONLY_MI_ASSOCIATION_NOT_CAUSATION,Mutual information ranks statistical association with the target in the training sample; it does not establish causality or independent effects.
303,qn17__sin_dato,qn17,onehot_numeric,True,3.26278056302226e-05,False,TRAIN_ONLY_MI_ASSOCIATION_NOT_CAUSATION,Mutual information ranks statistical association with the target in the training sample; it does not establish causality or independent effects.
304,q18__7,q18,onehot_numeric,True,3.25108848203532e-05,False,TRAIN_ONLY_MI_ASSOCIATION_NOT_CAUSATION,Mutual information ranks statistical association with the target in the training sample; it does not establish causality or independent effects.
305,q18__4,q18,onehot_numeric,True,3.21683084654467e-05,False,TRAIN_ONLY_MI_ASSOCIATION_NOT_CAUSATION,Mutual information ranks statistical association with the target in the training sample; it does not establish causality or independent effects.
306,q33__3,q33,onehot_numeric,True,3.19522109010623e-05,False,TRAIN_ONLY_MI_ASSOCIATION_NOT_CAUSATION,Mutual information ranks statistical association with the target in the training sample; it does not establish causality or independent effects.
307,q34__8,q34,onehot_numeric,True,3.14776896655297e-05,False,TRAIN_ONLY_MI_ASSOCIATION_NOT_CAUSATION,Mutual information ranks statistical association with the target in the training sample; it does not establish causality or independent effects.
308,qn10__sin_dato,qn10,onehot_numeric,True,2.930155715205e-05,False,TRAIN_ONLY_MI_ASSOCIATION_NOT_CAUSATION,Mutual information ranks statistical association with the target in the training sample; it does not establish causality or independent effects.
309,qnff1g__sin_dato,qnff1g,onehot_numeric,True,2.930155715205e-05,False,TRAIN_ONLY_MI_ASSOCIATION_NOT_CAUSATION,Mutual information ranks statistical association with the target in the training sample; it does not establish causality or independent effects.
310,qnff2g__sin_dato,qnff2g,onehot_numeric,True,2.930155715205e-05,False,TRAIN_ONLY_MI_ASSOCIATION_NOT_CAUSATION,Mutual information ranks statistical association with the target in the training sample; it does not establish causality or independent effects.
311,qnff3g__sin_dato,qnff3g,onehot_numeric,True,2.930155715205e-05,False,TRAIN_ONLY_MI_ASSOCIATION_NOT_CAUSATION,Mutual information ranks statistical association with the target in the training sample; it does not establish causality or independent effects.
312,qn63__sin_dato,qn63,onehot_numeric,True,2.75053985193154e-05,False,TRAIN_ONLY_MI_ASSOCIATION_NOT_CAUSATION,Mutual information ranks statistical association with the target in the training sample; it does not establish causality or independent effects.
313,qn6__1,qn6,onehot_numeric,True,2.74253341134047e-05,False,TRAIN_ONLY_MI_ASSOCIATION_NOT_CAUSATION,Mutual information ranks statistical association with the target in the training sample; it does not establish causality or independent effects.
314,qn29__2,qn29,onehot_numeric,True,2.60476152608158e-05,False,TRAIN_ONLY_MI_ASSOCIATION_NOT_CAUSATION,Mutual information ranks statistical association with the target in the training sample; it does not establish causality or independent effects.
315,q40__8,q40,onehot_numeric,True,2.52781318658056e-05,False,TRAIN_ONLY_MI_ASSOCIATION_NOT_CAUSATION,Mutual information ranks statistical association with the target in the training sample; it does not establish causality or independent effects.
316,qn6__sin_dato,qn6,onehot_numeric,True,2.49032953765164e-05,False,TRAIN_ONLY_MI_ASSOCIATION_NOT_CAUSATION,Mutual information ranks statistical association with the target in the training sample; it does not establish causality or independent effects.
317,qn72__1,qn72,onehot_numeric,True,2.30150660646689e-05,False,TRAIN_ONLY_MI_ASSOCIATION_NOT_CAUSATION,Mutual information ranks statistical association with the target in the training sample; it does not establish causality or independent effects.
318,qn58__1,qn58,onehot_numeric,True,2.19532662129318e-05,False,TRAIN_ONLY_MI_ASSOCIATION_NOT_CAUSATION,Mutual information ranks statistical association with the target in the training sample; it does not establish causality or independent effects.
319,qn52__sin_dato,qn52,onehot_numeric,True,2.19281361089028e-05,False,TRAIN_ONLY_MI_ASSOCIATION_NOT_CAUSATION,Mutual information ranks statistical association with the target in the training sample; it does not establish causality or independent effects.
320,qn60__sin_dato,qn60,onehot_numeric,True,2.18236164072488e-05,False,TRAIN_ONLY_MI_ASSOCIATION_NOT_CAUSATION,Mutual information ranks statistical association with the target in the training sample; it does not establish causality or independent effects.
321,q40__4,q40,onehot_numeric,True,2.18192414744318e-05,False,TRAIN_ONLY_MI_ASSOCIATION_NOT_CAUSATION,Mutual information ranks statistical association with the target in the training sample; it does not establish causality or independent effects.
322,q18__3,q18,onehot_numeric,True,2.07624366128402e-05,False,TRAIN_ONLY_MI_ASSOCIATION_NOT_CAUSATION,Mutual information ranks statistical association with the target in the training sample; it does not establish causality or independent effects.
323,q67__1,q67,onehot_numeric,True,2.00053610273643e-05,False,TRAIN_ONLY_MI_ASSOCIATION_NOT_CAUSATION,Mutual information ranks statistical association with the target in the training sample; it does not establish causality or independent effects.
324,qn67__1,qn67,onehot_numeric,True,2.00053610273643e-05,False,TRAIN_ONLY_MI_ASSOCIATION_NOT_CAUSATION,Mutual information ranks statistical association with the target in the training sample; it does not establish causality or independent effects.
325,q31__2,q31,onehot_numeric,True,1.9740096718443e-05,False,TRAIN_ONLY_MI_ASSOCIATION_NOT_CAUSATION,Mutual information ranks statistical association with the target in the training sample; it does not establish causality or independent effects.
326,qn65__1,qn65,onehot_numeric,True,1.90327031427129e-05,False,TRAIN_ONLY_MI_ASSOCIATION_NOT_CAUSATION,Mutual information ranks statistical association with the target in the training sample; it does not establish causality or independent effects.
327,qn54__sin_dato,qn54,onehot_numeric,True,1.8908565482454e-05,False,TRAIN_ONLY_MI_ASSOCIATION_NOT_CAUSATION,Mutual information ranks statistical association with the target in the training sample; it does not establish causality or independent effects.
328,q40__5,q40,onehot_numeric,True,1.8844354362467e-05,False,TRAIN_ONLY_MI_ASSOCIATION_NOT_CAUSATION,Mutual information ranks statistical association with the target in the training sample; it does not establish causality or independent effects.
329,q19__5,q19,onehot_numeric,True,1.84814521543043e-05,False,TRAIN_ONLY_MI_ASSOCIATION_NOT_CAUSATION,Mutual information ranks statistical association with the target in the training sample; it does not establish causality or independent effects.
330,q33__4,q33,onehot_numeric,True,1.64013485925429e-05,False,TRAIN_ONLY_MI_ASSOCIATION_NOT_CAUSATION,Mutual information ranks statistical association with the target in the training sample; it does not establish causality or independent effects.
331,qn64__1,qn64,onehot_numeric,True,1.59321920043809e-05,False,TRAIN_ONLY_MI_ASSOCIATION_NOT_CAUSATION,Mutual information ranks statistical association with the target in the training sample; it does not establish causality or independent effects.
332,qn78__1,qn78,onehot_numeric,True,1.55649952744558e-05,False,TRAIN_ONLY_MI_ASSOCIATION_NOT_CAUSATION,Mutual information ranks statistical association with the target in the training sample; it does not establish causality or independent effects.
333,q33__5,q33,onehot_numeric,True,1.47433349407394e-05,False,TRAIN_ONLY_MI_ASSOCIATION_NOT_CAUSATION,Mutual information ranks statistical association with the target in the training sample; it does not establish causality or independent effects.
334,q19__6,q19,onehot_numeric,True,1.44115459527281e-05,False,TRAIN_ONLY_MI_ASSOCIATION_NOT_CAUSATION,Mutual information ranks statistical association with the target in the training sample; it does not establish causality or independent effects.
335,q37__4,q37,onehot_numeric,True,1.38179084246404e-05,False,TRAIN_ONLY_MI_ASSOCIATION_NOT_CAUSATION,Mutual information ranks statistical association with the target in the training sample; it does not establish causality or independent effects.
336,qn37__1,qn37,onehot_numeric,True,1.38179084246404e-05,False,TRAIN_ONLY_MI_ASSOCIATION_NOT_CAUSATION,Mutual information ranks statistical association with the target in the training sample; it does not establish causality or independent effects.
337,qn39__1,qn39,onehot_numeric,True,1.32314923550481e-05,False,TRAIN_ONLY_MI_ASSOCIATION_NOT_CAUSATION,Mutual information ranks statistical association with the target in the training sample; it does not establish causality or independent effects.
338,qn46__sin_dato,qn46,onehot_numeric,True,1.29763801188926e-05,False,TRAIN_ONLY_MI_ASSOCIATION_NOT_CAUSATION,Mutual information ranks statistical association with the target in the training sample; it does not establish causality or independent effects.
339,q28__1,q28,onehot_numeric,True,1.20355379882864e-05,False,TRAIN_ONLY_MI_ASSOCIATION_NOT_CAUSATION,Mutual information ranks statistical association with the target in the training sample; it does not establish causality or independent effects.
340,qn43__1,qn43,onehot_numeric,True,1.15633140159999e-05,False,TRAIN_ONLY_MI_ASSOCIATION_NOT_CAUSATION,Mutual information ranks statistical association with the target in the training sample; it does not establish causality or independent effects.
341,qn58__sin_dato,qn58,onehot_numeric,True,1.14564142037407e-05,False,TRAIN_ONLY_MI_ASSOCIATION_NOT_CAUSATION,Mutual information ranks statistical association with the target in the training sample; it does not establish causality or independent effects.
342,qn35__sin_dato,qn35,onehot_numeric,True,1.12926937256633e-05,False,TRAIN_ONLY_MI_ASSOCIATION_NOT_CAUSATION,Mutual information ranks statistical association with the target in the training sample; it does not establish causality or independent effects.
343,qn26__sin_dato,qn26,onehot_numeric,True,9.89459692426337e-06,False,TRAIN_ONLY_MI_ASSOCIATION_NOT_CAUSATION,Mutual information ranks statistical association with the target in the training sample; it does not establish causality or independent effects.
344,qn64__sin_dato,qn64,onehot_numeric,True,9.36452694343289e-06,False,TRAIN_ONLY_MI_ASSOCIATION_NOT_CAUSATION,Mutual information ranks statistical association with the target in the training sample; it does not establish causality or independent effects.
345,qn64__2,qn64,onehot_numeric,True,9.34200788781092e-06,False,TRAIN_ONLY_MI_ASSOCIATION_NOT_CAUSATION,Mutual information ranks statistical association with the target in the training sample; it does not establish causality or independent effects.
346,qn31__sin_dato,qn31,onehot_numeric,True,8.71874242425186e-06,False,TRAIN_ONLY_MI_ASSOCIATION_NOT_CAUSATION,Mutual information ranks statistical association with the target in the training sample; it does not establish causality or independent effects.
347,q18__5,q18,onehot_numeric,True,8.45430802664561e-06,False,TRAIN_ONLY_MI_ASSOCIATION_NOT_CAUSATION,Mutual information ranks statistical association with the target in the training sample; it does not establish causality or independent effects.
348,q31__1,q31,onehot_numeric,True,7.38050691923009e-06,False,TRAIN_ONLY_MI_ASSOCIATION_NOT_CAUSATION,Mutual information ranks statistical association with the target in the training sample; it does not establish causality or independent effects.
349,q19__2,q19,onehot_numeric,True,6.8321273728883e-06,False,TRAIN_ONLY_MI_ASSOCIATION_NOT_CAUSATION,Mutual information ranks statistical association with the target in the training sample; it does not establish causality or independent effects.
350,qn19__1,qn19,onehot_numeric,True,6.8321273728883e-06,False,TRAIN_ONLY_MI_ASSOCIATION_NOT_CAUSATION,Mutual information ranks statistical association with the target in the training sample; it does not establish causality or independent effects.
351,qn30__sin_dato,qn30,onehot_numeric,True,6.75270420486505e-06,False,TRAIN_ONLY_MI_ASSOCIATION_NOT_CAUSATION,Mutual information ranks statistical association with the target in the training sample; it does not establish causality or independent effects.
352,qn56__sin_dato,qn56,onehot_numeric,True,6.37687242557167e-06,False,TRAIN_ONLY_MI_ASSOCIATION_NOT_CAUSATION,Mutual information ranks statistical association with the target in the training sample; it does not establish causality or independent effects.
353,qn23__2,qn23,onehot_numeric,True,6.29115558606341e-06,False,TRAIN_ONLY_MI_ASSOCIATION_NOT_CAUSATION,Mutual information ranks statistical association with the target in the training sample; it does not establish causality or independent effects.
354,qn23__1,qn23,onehot_numeric,True,5.94767307063315e-06,False,TRAIN_ONLY_MI_ASSOCIATION_NOT_CAUSATION,Mutual information ranks statistical association with the target in the training sample; it does not establish causality or independent effects.
355,qn76__sin_dato,qn76,onehot_numeric,True,5.75553913215177e-06,False,TRAIN_ONLY_MI_ASSOCIATION_NOT_CAUSATION,Mutual information ranks statistical association with the target in the training sample; it does not establish causality or independent effects.
356,q45__8,q45,onehot_numeric,True,5.63333587292713e-06,False,TRAIN_ONLY_MI_ASSOCIATION_NOT_CAUSATION,Mutual information ranks statistical association with the target in the training sample; it does not establish causality or independent effects.
357,q73__7,q73,onehot_numeric,True,5.54607840427823e-06,False,TRAIN_ONLY_MI_ASSOCIATION_NOT_CAUSATION,Mutual information ranks statistical association with the target in the training sample; it does not establish causality or independent effects.
358,qn65__2,qn65,onehot_numeric,True,5.39176666232433e-06,False,TRAIN_ONLY_MI_ASSOCIATION_NOT_CAUSATION,Mutual information ranks statistical association with the target in the training sample; it does not establish causality or independent effects.
359,qn77__sin_dato,qn77,onehot_numeric,True,5.35270170047043e-06,False,TRAIN_ONLY_MI_ASSOCIATION_NOT_CAUSATION,Mutual information ranks statistical association with the target in the training sample; it does not establish causality or independent effects.
360,qn79__sin_dato,qn79,onehot_numeric,True,4.84680131431978e-06,False,TRAIN_ONLY_MI_ASSOCIATION_NOT_CAUSATION,Mutual information ranks statistical association with the target in the training sample; it does not establish causality or independent effects.
361,q33__1,q33,onehot_numeric,True,4.31617476823187e-06,False,TRAIN_ONLY_MI_ASSOCIATION_NOT_CAUSATION,Mutual information ranks statistical association with the target in the training sample; it does not establish causality or independent effects.
362,qnnotb2g__2,qnnotb2g,onehot_numeric,True,3.84617658549802e-06,False,TRAIN_ONLY_MI_ASSOCIATION_NOT_CAUSATION,Mutual information ranks statistical association with the target in the training sample; it does not establish causality or independent effects.
363,q40__sin_dato,q40,onehot_numeric,True,3.47506589398056e-06,False,TRAIN_ONLY_MI_ASSOCIATION_NOT_CAUSATION,Mutual information ranks statistical association with the target in the training sample; it does not establish causality or independent effects.
364,qn29__1,qn29,onehot_numeric,True,3.33063305060777e-06,False,TRAIN_ONLY_MI_ASSOCIATION_NOT_CAUSATION,Mutual information ranks statistical association with the target in the training sample; it does not establish causality or independent effects.
365,qn41__sin_dato,qn41,onehot_numeric,True,3.022083656809e-06,False,TRAIN_ONLY_MI_ASSOCIATION_NOT_CAUSATION,Mutual information ranks statistical association with the target in the training sample; it does not establish causality or independent effects.
366,qn15__sin_dato,qn15,onehot_numeric,True,2.98815419532902e-06,False,TRAIN_ONLY_MI_ASSOCIATION_NOT_CAUSATION,Mutual information ranks statistical association with the target in the training sample; it does not establish causality or independent effects.
367,qnnotb2g__1,qnnotb2g,onehot_numeric,True,2.7687280546862e-06,False,TRAIN_ONLY_MI_ASSOCIATION_NOT_CAUSATION,Mutual information ranks statistical association with the target in the training sample; it does not establish causality or independent effects.
368,qntob2g__2,qntob2g,onehot_numeric,True,2.7687280546862e-06,False,TRAIN_ONLY_MI_ASSOCIATION_NOT_CAUSATION,Mutual information ranks statistical association with the target in the training sample; it does not establish causality or independent effects.
369,q67__2,q67,onehot_numeric,True,2.75390678070031e-06,False,TRAIN_ONLY_MI_ASSOCIATION_NOT_CAUSATION,Mutual information ranks statistical association with the target in the training sample; it does not establish causality or independent effects.
370,qn67__2,qn67,onehot_numeric,True,2.75390678070031e-06,False,TRAIN_ONLY_MI_ASSOCIATION_NOT_CAUSATION,Mutual information ranks statistical association with the target in the training sample; it does not establish causality or independent effects.
371,qn6__2,qn6,onehot_numeric,True,2.55550171639196e-06,False,TRAIN_ONLY_MI_ASSOCIATION_NOT_CAUSATION,Mutual information ranks statistical association with the target in the training sample; it does not establish causality or independent effects.
372,qn22__sin_dato,qn22,onehot_numeric,True,2.50841378229318e-06,False,TRAIN_ONLY_MI_ASSOCIATION_NOT_CAUSATION,Mutual information ranks statistical association with the target in the training sample; it does not establish causality or independent effects.
373,q28__3,q28,onehot_numeric,True,2.46086387364203e-06,False,TRAIN_ONLY_MI_ASSOCIATION_NOT_CAUSATION,Mutual information ranks statistical association with the target in the training sample; it does not establish causality or independent effects.
374,q28__6,q28,onehot_numeric,True,2.40987500844947e-06,False,TRAIN_ONLY_MI_ASSOCIATION_NOT_CAUSATION,Mutual information ranks statistical association with the target in the training sample; it does not establish causality or independent effects.
375,q74__sin_dato,q74,onehot_numeric,True,2.36495547512039e-06,False,TRAIN_ONLY_MI_ASSOCIATION_NOT_CAUSATION,Mutual information ranks statistical association with the target in the training sample; it does not establish causality or independent effects.
376,q68__2,q68,onehot_numeric,True,2.34981717264771e-06,False,TRAIN_ONLY_MI_ASSOCIATION_NOT_CAUSATION,Mutual information ranks statistical association with the target in the training sample; it does not establish causality or independent effects.
377,qn68__2,qn68,onehot_numeric,True,2.34981717264771e-06,False,TRAIN_ONLY_MI_ASSOCIATION_NOT_CAUSATION,Mutual information ranks statistical association with the target in the training sample; it does not establish causality or independent effects.
378,q28__5,q28,onehot_numeric,True,2.26893356855551e-06,False,TRAIN_ONLY_MI_ASSOCIATION_NOT_CAUSATION,Mutual information ranks statistical association with the target in the training sample; it does not establish causality or independent effects.
379,qn16__sin_dato,qn16,onehot_numeric,True,2.18317610323031e-06,False,TRAIN_ONLY_MI_ASSOCIATION_NOT_CAUSATION,Mutual information ranks statistical association with the target in the training sample; it does not establish causality or independent effects.
380,qn33__1,qn33,onehot_numeric,True,2.01961103143966e-06,False,TRAIN_ONLY_MI_ASSOCIATION_NOT_CAUSATION,Mutual information ranks statistical association with the target in the training sample; it does not establish causality or independent effects.
381,q37__3,q37,onehot_numeric,True,1.93824091116596e-06,False,TRAIN_ONLY_MI_ASSOCIATION_NOT_CAUSATION,Mutual information ranks statistical association with the target in the training sample; it does not establish causality or independent effects.
382,qn28__1,qn28,onehot_numeric,True,1.76145535535355e-06,False,TRAIN_ONLY_MI_ASSOCIATION_NOT_CAUSATION,Mutual information ranks statistical association with the target in the training sample; it does not establish causality or independent effects.
383,qn36__2,qn36,onehot_numeric,True,1.51561828129476e-06,False,TRAIN_ONLY_MI_ASSOCIATION_NOT_CAUSATION,Mutual information ranks statistical association with the target in the training sample; it does not establish causality or independent effects.
384,qnunwtg__1,qnunwtg,onehot_numeric,True,1.42678177342953e-06,False,TRAIN_ONLY_MI_ASSOCIATION_NOT_CAUSATION,Mutual information ranks statistical association with the target in the training sample; it does not establish causality or independent effects.
385,q47__3,q47,onehot_numeric,True,1.23123372229583e-06,False,TRAIN_ONLY_MI_ASSOCIATION_NOT_CAUSATION,Mutual information ranks statistical association with the target in the training sample; it does not establish causality or independent effects.
386,qn47__2,qn47,onehot_numeric,True,1.23123372229583e-06,False,TRAIN_ONLY_MI_ASSOCIATION_NOT_CAUSATION,Mutual information ranks statistical association with the target in the training sample; it does not establish causality or independent effects.
387,q2__sin_dato,q2,onehot_numeric,True,1.171365879871e-06,False,TRAIN_ONLY_MI_ASSOCIATION_NOT_CAUSATION,Mutual information ranks statistical association with the target in the training sample; it does not establish causality or independent effects.
388,q68__1,q68,onehot_numeric,True,1.16004017519655e-06,False,TRAIN_ONLY_MI_ASSOCIATION_NOT_CAUSATION,Mutual information ranks statistical association with the target in the training sample; it does not establish causality or independent effects.
389,qn68__1,qn68,onehot_numeric,True,1.16004017519655e-06,False,TRAIN_ONLY_MI_ASSOCIATION_NOT_CAUSATION,Mutual information ranks statistical association with the target in the training sample; it does not establish causality or independent effects.
390,qnbcanyg__2,qnbcanyg,onehot_numeric,True,1.07527863483364e-06,False,TRAIN_ONLY_MI_ASSOCIATION_NOT_CAUSATION,Mutual information ranks statistical association with the target in the training sample; it does not establish causality or independent effects.
391,qn39__2,qn39,onehot_numeric,True,9.61053368109255e-07,False,TRAIN_ONLY_MI_ASSOCIATION_NOT_CAUSATION,Mutual information ranks statistical association with the target in the training sample; it does not establish causality or independent effects.
392,qn80__sin_dato,qn80,onehot_numeric,True,9.17646034659381e-07,False,TRAIN_ONLY_MI_ASSOCIATION_NOT_CAUSATION,Mutual information ranks statistical association with the target in the training sample; it does not establish causality or independent effects.
393,qn33__2,qn33,onehot_numeric,True,4.62850718696561e-07,False,TRAIN_ONLY_MI_ASSOCIATION_NOT_CAUSATION,Mutual information ranks statistical association with the target in the training sample; it does not establish causality or independent effects.
394,q33__2,q33,onehot_numeric,True,3.16470179922979e-07,False,TRAIN_ONLY_MI_ASSOCIATION_NOT_CAUSATION,Mutual information ranks statistical association with the target in the training sample; it does not establish causality or independent effects.
395,qn23__sin_dato,qn23,onehot_numeric,True,2.66294603801925e-07,False,TRAIN_ONLY_MI_ASSOCIATION_NOT_CAUSATION,Mutual information ranks statistical association with the target in the training sample; it does not establish causality or independent effects.
396,q28__4,q28,onehot_numeric,True,2.41843689838261e-07,False,TRAIN_ONLY_MI_ASSOCIATION_NOT_CAUSATION,Mutual information ranks statistical association with the target in the training sample; it does not establish causality or independent effects.
397,qn62__sin_dato,qn62,onehot_numeric,True,2.15729908790985e-07,False,TRAIN_ONLY_MI_ASSOCIATION_NOT_CAUSATION,Mutual information ranks statistical association with the target in the training sample; it does not establish causality or independent effects.
398,qn55__sin_dato,qn55,onehot_numeric,True,1.73853235474475e-07,False,TRAIN_ONLY_MI_ASSOCIATION_NOT_CAUSATION,Mutual information ranks statistical association with the target in the training sample; it does not establish causality or independent effects.
399,qn32__sin_dato,qn32,onehot_numeric,True,1.47491203620134e-07,False,TRAIN_ONLY_MI_ASSOCIATION_NOT_CAUSATION,Mutual information ranks statistical association with the target in the training sample; it does not establish causality or independent effects.
400,q19__7,q19,onehot_numeric,True,3.65482504555842e-08,False,TRAIN_ONLY_MI_ASSOCIATION_NOT_CAUSATION,Mutual information ranks statistical association with the target in the training sample; it does not establish causality or independent effects.
401,q28__8,q28,onehot_numeric,True,1.42851081499831e-08,False,TRAIN_ONLY_MI_ASSOCIATION_NOT_CAUSATION,Mutual information ranks statistical association with the target in the training sample; it does not establish causality or independent effects.
402,qntob2g__1,qntob2g,onehot_numeric,True,5.81721326664564e-09,False,TRAIN_ONLY_MI_ASSOCIATION_NOT_CAUSATION,Mutual information ranks statistical association with the target in the training sample; it does not establish causality or independent effects.
403,q18__6,q18,onehot_numeric,True,2.70883407371691e-09,False,TRAIN_ONLY_MI_ASSOCIATION_NOT_CAUSATION,Mutual information ranks statistical association with the target in the training sample; it does not establish causality or independent effects.
404,qn61__sin_dato,qn61,onehot_numeric,True,9.03207370006598e-12,False,TRAIN_ONLY_MI_ASSOCIATION_NOT_CAUSATION,Mutual information ranks statistical association with the target in the training sample; it does not establish causality or independent effects.
