split_position,original_index,record
0,23020,23257
1,33296,33542
2,10040,10264
3,20101,20334
4,12675,12899
5,11762,11986
6,3587,3803
7,55403,55517
8,52430,52537
9,10505,10729
10,40664,40938
11,2262,2474
12,1104,1314
13,18278,18508
14,54491,54602
15,4470,4691
16,50742,50842
17,13873,14098
18,55470,55584
19,4833,5054
20,29347,29586
21,14584,14809
22,31394,31635
23,18721,18951
24,34696,34953
25,2108,2319
26,1383,1594
27,3184,3400
28,48470,48549
29,38019,38292
30,254,462
31,7639,7861
32,39754,40028
33,42800,43077
34,5983,6204
35,52376,52483
36,67,275
37,31012,31252
38,15498,15723
39,15559,15784
40,28939,29178
41,12785,13009
42,3775,3993
43,39441,39714
44,48363,48442
45,26401,26640
46,6019,6240
47,54042,54153
48,13085,13309
49,49873,49969
50,23222,23459
51,31296,31537
52,24514,24751
53,51456,51557
54,29150,29389
55,14367,14592
56,31210,31450
57,803,1013
58,40060,40334
59,4374,4595
60,5203,5424
61,21151,21386
62,1716,1927
63,34509,34766
64,6411,6632
65,24299,24536
66,29539,29778
67,45628,45907
68,32280,32523
69,44282,44559
70,49326,49406
71,48626,48705
72,30729,30968
73,5025,5246
74,43511,43788
75,30913,31152
76,30668,30907
77,54902,55013
78,22361,22597
79,3555,3771
80,39132,39405
81,2113,2324
82,12604,12828
83,14216,14441
84,51933,52038
85,1127,1337
86,36066,36337
87,34223,34473
88,16348,16573
89,29418,29657
90,16390,16615
91,1620,1831
92,21083,21318
93,31746,31987
94,16462,16687
95,19576,19808
96,51058,51159
97,31869,32111
98,42639,42916
99,52447,52554
100,34331,34581
101,10457,10681
102,13770,13995
103,46701,46985
104,20045,20278
105,32754,32997
106,26208,26447
107,53283,53390
108,52393,52500
109,8507,8729
110,49534,49614
111,34817,35074
112,54520,54631
113,35949,36215
114,49358,49438
115,11357,11581
116,56571,56686
117,44711,44988
118,1228,1438
119,1562,1773
120,34072,34319
121,569,778
122,47914,47992
123,31488,31729
124,27308,27547
125,44584,44861
126,698,908
127,51702,51805
128,2828,3042
129,36231,36502
130,42635,42912
131,42061,42337
132,28053,28292
133,28844,29083
134,37856,38129
135,8659,8881
136,2129,2340
137,32955,33198
138,30917,31156
139,2118,2329
140,41952,42228
141,17494,17723
142,39437,39710
143,17652,17881
144,14981,15206
145,51809,51914
146,36447,36719
147,22859,23096
148,53615,53725
149,22069,22305
150,25758,25996
151,3785,4003
152,8370,8592
153,43200,43477
154,43958,44235
155,37926,38199
156,47769,162
157,39540,39814
158,28331,28570
159,13644,13868
160,26272,26511
161,27209,27448
162,30003,30242
163,44865,45142
164,36056,36327
165,46812,47096
166,48722,48801
167,55118,55231
168,16089,16314
169,47574,47859
170,12807,13031
171,45510,45789
172,2229,2441
173,38694,38967
174,46678,46962
175,10047,10271
176,44975,45252
177,7759,7981
178,7664,7886
179,26437,26676
180,5455,5676
181,16387,16612
182,24171,24408
183,4107,4328
184,16237,16462
185,37544,37817
186,26543,26782
187,6701,6922
188,41679,41955
189,5010,5231
190,55977,56091
191,8517,8739
192,11627,11851
193,34347,34597
194,49720,49800
195,46479,46762
196,12924,13148
197,49267,49347
198,23522,23759
199,2819,3033
200,3463,3679
201,14470,14695
202,44637,44914
203,29441,29680
204,16087,16312
205,41715,41991
206,44449,44726
207,31505,31746
208,56434,56549
209,20333,20566
210,19022,19253
211,26121,26360
212,4395,4616
213,42141,42417
214,5106,5327
215,19516,19747
216,47362,47647
217,5976,6197
218,45776,46055
219,46393,46674
220,52535,52642
221,11652,11876
222,24099,24336
223,32268,32511
224,28232,28471
225,41664,41940
226,33185,33431
227,53323,53431
228,31451,31692
229,35799,36064
230,51043,51144
231,14673,14898
232,19739,19972
233,10340,10564
234,49047,49126
235,19531,19762
236,31250,31491
237,32040,32282
238,23064,23301
239,48021,48099
240,16090,16315
241,24305,24542
242,16752,16979
243,55602,55716
244,52880,52987
245,31520,31761
246,24984,25221
247,46824,47108
248,26012,26251
249,44806,45083
250,18670,18900
251,11665,11889
252,49211,49291
253,45830,46109
254,55988,56102
255,6916,7138
256,10110,10334
257,52022,52127
258,24371,24608
259,14672,14897
260,45396,45674
261,18880,19111
262,13219,13443
263,15781,16006
264,32095,32337
265,2200,2412
266,4504,4725
267,54008,54119
268,17576,17805
269,56634,56749
270,54992,55105
271,24934,25171
272,10429,10653
273,47247,47532
274,34314,34564
275,54342,54453
276,16334,16559
277,50096,50195
278,42187,42463
279,21648,21884
280,356,565
281,38780,39053
282,45512,45791
283,48425,48504
284,4160,4381
285,35021,35283
286,51302,51403
287,9935,10159
288,31085,31325
289,17827,18056
290,1504,1715
291,33619,33865
292,16245,16470
293,13629,13853
294,39853,40127
295,15566,15791
296,7377,7599
297,47744,137
298,10765,10989
299,55017,55130
300,29471,29710
301,38603,38876
302,6294,6515
303,42328,42604
304,23506,23743
305,36365,36637
306,6378,6599
307,1096,1306
308,40721,40996
309,20013,20246
310,45364,45642
311,24128,24365
312,28213,28452
313,55598,55712
314,9978,10202
315,21530,21766
316,17562,17791
317,8524,8746
318,15751,15976
319,46409,46690
320,49278,49358
321,13564,13788
322,30244,30483
323,34532,34789
324,26131,26370
325,34710,34967
326,25519,25757
327,4012,4230
328,31603,31844
329,12475,12699
330,35595,35859
331,34048,34295
332,38830,39103
333,25287,25525
334,43534,43811
335,3594,3810
336,29430,29669
337,4797,5018
338,44401,44678
339,24777,25014
340,2331,2543
341,32696,32939
342,49152,49232
343,8567,8789
344,4742,4963
345,1064,1274
346,4799,5020
347,52261,52367
348,42831,43108
349,23981,24218
350,56400,56515
351,11657,11881
352,37570,37843
353,4823,5044
354,6094,6315
355,30725,30964
356,22416,22652
357,21985,22221
358,42413,42689
359,25386,25624
360,15481,15706
361,9150,9373
362,50476,50576
363,1083,1293
364,11113,11337
365,36087,36358
366,44159,44436
367,3558,3774
368,45562,45841
369,23891,24128
370,38318,38591
371,38381,38654
372,14967,15192
373,22855,23092
374,41904,42180
375,49715,49795
376,5930,6151
377,27327,27566
378,19812,20045
379,33479,33725
380,1059,1269
381,44052,44329
382,5128,5349
383,12249,12473
384,7897,8119
385,30682,30921
386,52274,52380
387,53347,53455
388,31537,31778
389,47986,48064
390,33184,33430
391,27574,27813
392,30885,31124
393,48194,48273
394,2425,2638
395,26108,26347
396,32908,33151
397,36993,37265
398,10694,10918
399,46516,46799
400,37187,37460
401,36241,36512
402,35772,36037
403,1887,2098
404,24614,24851
405,25149,25387
406,32337,32580
407,19246,19477
408,41007,41283
409,54385,54496
410,51286,51387
411,20408,20641
412,32153,32395
413,14103,14328
414,9031,9254
415,14318,14543
416,10321,10545
417,40214,40489
418,55417,55531
419,20610,20845
420,16866,17093
421,55618,55732
422,10820,11044
423,35040,35302
424,39990,40264
425,28001,28240
426,2236,2448
427,24958,25195
428,15322,15547
429,52802,52909
430,20278,20511
431,9984,10208
432,21089,21324
433,7608,7830
434,25081,25319
435,30108,30347
436,45899,46178
437,17287,17516
438,44047,44324
439,42683,42960
440,10235,10459
441,20623,20858
442,1687,1898
443,44877,45154
444,3200,3416
445,30812,31051
446,46287,46568
447,26422,26661
448,12665,12889
449,31691,31932
450,6164,6385
451,22246,22482
452,23350,23587
453,36967,37239
454,20085,20318
455,31320,31561
456,822,1032
457,28032,28271
458,21525,21761
459,39063,39336
460,2680,2894
461,35321,35583
462,32191,32434
463,21346,21582
464,19086,19317
465,24325,24562
466,33840,34087
467,50053,50151
468,53004,53111
469,9342,9565
470,53443,53552
471,17809,18038
472,41597,41873
473,1653,1864
474,34662,34919
475,14541,14766
476,35695,35960
477,36747,37019
478,16250,16475
479,29568,29807
480,36836,37108
481,44222,44499
482,5620,5841
483,13719,13943
484,21703,21939
485,20679,20914
486,29589,29828
487,23423,23660
488,26571,26810
489,24996,25233
490,22150,22386
491,13861,14086
492,10197,10421
493,48925,49004
494,22656,22893
495,56843,56958
496,11770,11994
497,30897,31136
498,15828,16053
499,4862,5083
500,51124,51225
501,53987,54098
502,55391,55505
503,48029,48107
504,21956,22192
505,7940,8162
506,17672,17901
507,30872,31111
508,20984,21219
509,13475,13699
510,31119,31359
511,14575,14800
512,22366,22602
513,40387,40662
514,5363,5584
515,34821,35078
516,1327,1538
517,40698,40972
518,40113,40387
519,42189,42465
520,13233,13457
521,10717,10941
522,26733,26972
523,23637,23874
524,53056,53163
525,35287,35549
526,5111,5332
527,45663,45942
528,12980,13204
529,31646,31887
530,41557,41833
531,54874,54985
532,14692,14917
533,41926,42202
534,24245,24482
535,52729,52836
536,50424,50524
537,47318,47603
538,8392,8614
539,24737,24974
540,11930,12154
541,28350,28589
542,14648,14873
543,34185,34435
544,32827,33070
545,833,1043
546,50562,50662
547,52942,53049
548,49714,49794
549,7764,7986
550,48514,48593
551,54516,54627
552,18508,18738
553,9101,9324
554,33734,33981
555,33475,33721
556,17236,17465
557,9109,9332
558,41685,41961
559,16536,16761
560,12880,13104
561,23076,23313
562,52963,53070
563,41111,41387
564,30870,31109
565,2882,3096
566,45168,45445
567,286,494
568,857,1067
569,30039,30278
570,28841,29080
571,25824,26062
572,1540,1751
573,53782,53892
574,29934,30173
575,17655,17884
576,39219,39492
577,14048,14273
578,55008,55121
579,36159,36430
580,21912,22148
581,55110,55223
582,21186,21421
583,48635,48714
584,56019,56133
585,42770,43047
586,24646,24883
587,47549,47834
588,32482,32725
589,22348,22584
590,40134,40408
591,32817,33060
592,23856,24093
593,51,259
594,7616,7838
595,46588,46871
596,21839,22075
597,12514,12738
598,10636,10860
599,32054,32296
600,33920,34167
601,35685,35950
602,16668,16895
603,7551,7773
604,1672,1883
605,3434,3650
606,21308,21543
607,40932,41207
608,20214,20447
609,43447,43724
610,7203,7425
611,26860,27099
612,26589,26828
613,10609,10833
614,13667,13891
615,50012,50110
616,3048,3263
617,6305,6526
618,54366,54477
619,35837,36103
620,22268,22504
621,32952,33195
622,8846,9069
623,24666,24903
624,39401,39674
625,56892,57007
626,41471,41747
627,25122,25360
628,1019,1229
629,11890,12114
630,9222,9445
631,28667,28906
632,18552,18782
633,37789,38062
634,1654,1865
635,37718,37991
636,52503,52610
637,45585,45864
638,10226,10450
639,8653,8875
640,31848,32090
641,21030,21265
642,39735,40009
643,4265,4486
644,14777,15002
645,41614,41890
646,11037,11261
647,36063,36334
648,47755,148
649,11359,11583
650,42362,42638
651,13922,14147
652,20315,20548
653,10518,10742
654,6222,6443
655,39124,39397
656,15328,15553
657,18270,18500
658,51912,52017
659,32600,32843
660,29470,29709
661,30881,31120
662,45563,45842
663,18757,18987
664,42741,43018
665,35378,35641
666,23186,23423
667,13131,13355
668,29224,29463
669,34709,34966
670,16928,17155
671,56953,57068
672,22794,23031
673,38316,38589
674,8324,8546
675,5227,5448
676,23515,23752
677,54371,54482
678,45069,45346
679,1984,2195
680,39018,39291
681,8876,9099
682,45109,45386
683,24072,24309
684,2379,2591
685,51635,51738
686,17044,17273
687,5077,5298
688,7888,8110
689,38267,38540
690,26496,26735
691,52736,52843
692,10068,10292
693,21824,22060
694,6946,7168
695,50484,50584
696,29252,29491
697,6959,7181
698,11026,11250
699,26217,26456
700,3311,3527
701,54356,54467
702,42297,42573
703,47556,47841
704,34469,34719
705,51812,51917
706,52260,52366
707,7138,7360
708,20352,20585
709,28305,28544
710,39658,39932
711,13502,13726
712,25949,26188
713,42899,43176
714,48338,48417
715,50257,50357
716,7069,7291
717,50051,50149
718,9576,9800
719,3832,4050
720,34241,34491
721,19411,19642
722,5611,5832
723,36688,36960
724,26889,27128
725,22544,22780
726,56069,56183
727,30326,30565
728,4739,4960
729,42065,42341
730,9609,9833
731,9493,9716
732,13533,13757
733,46482,46765
734,31961,32203
735,9406,9629
736,55577,55691
737,43147,43424
738,15131,15356
739,23995,24232
740,23422,23659
741,47344,47629
742,56498,56613
743,4517,4738
744,16764,16991
745,37746,38019
746,49428,49508
747,54592,54703
748,41449,41725
749,5013,5234
750,45765,46044
751,46769,47053
752,39049,39322
753,44676,44953
754,12594,12818
755,54150,54261
756,4969,5190
757,23984,24221
758,12503,12727
759,45009,45286
760,23323,23560
761,793,1003
762,16915,17142
763,28793,29032
764,22151,22387
765,53278,53385
766,50827,50928
767,28863,29102
768,7097,7319
769,21776,22012
770,28597,28836
771,18038,18268
772,15951,16176
773,53579,53689
774,2685,2899
775,2992,3207
776,6750,6971
777,5137,5358
778,30861,31100
779,56950,57065
780,16021,16246
781,22154,22390
782,40737,41012
783,37735,38008
784,13511,13735
785,53039,53146
786,22392,22628
787,38919,39192
788,53035,53142
789,56373,56488
790,33883,34130
791,6246,6467
792,54778,54889
793,12131,12355
794,40315,40590
795,8293,8515
796,42175,42451
797,22950,23187
798,27113,27352
799,12766,12990
800,21245,21480
801,23468,23705
802,544,753
803,2318,2530
804,6677,6898
805,24422,24659
806,21732,21968
807,52679,52786
808,7981,8203
809,14700,14925
810,18169,18399
811,27937,28176
812,44769,45046
813,10964,11188
814,2941,3156
815,9364,9587
816,1067,1277
817,49553,49633
818,7430,7652
819,18148,18378
820,6881,7102
821,28884,29123
822,1703,1914
823,45546,45825
824,15707,15932
825,17462,17691
826,39883,40157
827,35315,35577
828,31943,32185
829,28807,29046
830,42142,42418
831,45559,45838
832,3112,3327
833,1875,2086
834,6912,7133
835,41899,42175
836,51624,51727
837,13871,14096
838,3336,3552
839,10551,10775
840,46158,46439
841,20437,20670
842,49286,49366
843,48090,48168
844,45932,46211
845,55346,55460
846,8532,8754
847,31200,31440
848,38363,38636
849,33150,33396
850,26262,26501
851,42298,42574
852,8008,8230
853,50776,50877
854,46654,46937
855,6655,6876
856,39471,39744
857,21959,22195
858,21861,22097
859,18202,18432
860,25310,25548
861,15040,15265
862,22081,22317
863,35463,35726
864,47580,47865
865,38995,39268
866,44878,45155
867,6389,6610
868,18355,18585
869,18489,18719
870,37385,37658
871,35426,35689
872,34431,34681
873,41110,41386
874,42784,43061
875,21452,21688
876,12936,13160
877,47692,85
878,29746,29985
879,53753,53863
880,51984,52089
881,20586,20821
882,52299,52405
883,50871,50972
884,4302,4523
885,45025,45302
886,4968,5189
887,40564,40839
888,41033,41309
889,32003,32245
890,45600,45879
891,39659,39933
892,18054,18284
893,38406,38679
894,45717,45996
895,55264,55377
896,47844,47922
897,35171,35433
898,35215,35477
899,47486,47771
900,43229,43506
901,39863,40137
902,45348,45626
903,1622,1833
904,19672,19905
905,25003,25240
906,9955,10179
907,21649,21885
908,54806,54917
909,20912,21147
910,54195,54306
911,14264,14489
912,41986,42262
913,11200,11424
914,11056,11280
915,8539,8761
916,29991,30230
917,44844,45121
918,3413,3629
919,36986,37258
920,2830,3044
921,32651,32894
922,41211,41487
923,50620,50720
924,17674,17903
925,54498,54609
926,28887,29126
927,5196,5417
928,29758,29997
929,21046,21281
930,28556,28795
931,15864,16089
932,48405,48484
933,21563,21799
934,9649,9873
935,3251,3467
936,28558,28797
937,25518,25756
938,49559,49639
939,36151,36422
940,39060,39333
941,45388,45666
942,3274,3490
943,19961,20194
944,29294,29533
945,46021,46302
946,40674,40948
947,2279,2491
948,36814,37086
949,38294,38567
950,24751,24988
951,9721,9945
952,28454,28693
953,28316,28555
954,12437,12661
955,39297,39570
956,28354,28593
957,44166,44443
958,26234,26473
959,56320,56435
960,8405,8627
961,28229,28468
962,13228,13452
963,15575,15800
964,2938,3153
965,46873,47158
966,32917,33160
967,5920,6141
968,3430,3646
969,7781,8003
970,42937,43214
971,36972,37244
972,55082,55195
973,53605,53715
974,3816,4034
975,135,343
976,41088,41364
977,30687,30926
978,56445,56560
979,18286,18516
980,19744,19977
981,27365,27604
982,5204,5425
983,26709,26948
984,18376,18606
985,22370,22606
986,24610,24847
987,27051,27290
988,20347,20580
989,29958,30197
990,38462,38735
991,12458,12682
992,51264,51365
993,12048,12272
994,37535,37808
995,21318,21553
996,35860,36126
997,20111,20344
998,35687,35952
999,31454,31695
1000,4953,5174
1001,2641,2855
1002,13506,13730
1003,39612,39886
1004,51626,51729
1005,51159,51260
1006,6569,6790
1007,46827,47111
1008,33799,34046
1009,47232,47517
1010,25225,25463
1011,35870,36136
1012,52473,52580
1013,49396,49476
1014,40574,40849
1015,16492,16717
1016,44434,44711
1017,18268,18498
1018,21783,22019
1019,46851,47135
1020,36537,36809
1021,25351,25589
1022,28706,28945
1023,40028,40302
1024,10630,10854
1025,33000,33243
1026,48780,48859
1027,46589,46872
1028,50720,50820
1029,1117,1327
1030,25165,25403
1031,40278,40553
1032,51697,51800
1033,3216,3432
1034,34472,34722
1035,37361,37634
1036,48391,48470
1037,15564,15789
1038,34437,34687
1039,32020,32262
1040,48429,48508
1041,20937,21172
1042,43514,43791
1043,56505,56620
1044,26473,26712
1045,33193,33439
1046,15231,15456
1047,22803,23040
1048,39295,39568
1049,37077,37349
1050,49186,49266
1051,7855,8077
1052,46619,46902
1053,30266,30505
1054,45826,46105
1055,48719,48798
1056,28453,28692
1057,48319,48398
1058,37736,38009
1059,4688,4909
1060,26961,27200
1061,5456,5677
1062,16700,16927
1063,24880,25117
1064,49526,49606
1065,15624,15849
1066,55154,55267
1067,17235,17464
1068,36709,36981
1069,1732,1943
1070,5563,5784
1071,12198,12422
1072,20335,20568
1073,37958,38231
1074,51035,51136
1075,45607,45886
1076,7230,7452
1077,1729,1940
1078,14517,14742
1079,50616,50716
1080,49627,49707
1081,49478,49558
1082,8780,9003
1083,34379,34629
1084,969,1179
1085,27310,27549
1086,38920,39193
1087,56494,56609
1088,27946,28185
1089,46631,46914
1090,4143,4364
1091,1216,1426
1092,35430,35693
1093,29889,30128
1094,55281,55394
1095,51239,51340
1096,51643,51746
1097,28671,28910
1098,12014,12238
1099,27,235
1100,30020,30259
1101,35358,35621
1102,48436,48515
1103,18450,18680
1104,22421,22657
1105,56023,56137
1106,1503,1714
1107,49758,49838
1108,13678,13902
1109,17111,17340
1110,42149,42425
1111,1294,1505
1112,52747,52854
1113,19520,19751
1114,56945,57060
1115,50296,50396
1116,31436,31677
1117,46171,46452
1118,2905,3119
1119,2441,2654
1120,38181,38454
1121,9229,9452
1122,18719,18949
1123,13858,14083
1124,41344,41620
1125,205,413
1126,15095,15320
1127,25297,25535
1128,19056,19287
1129,29565,29804
1130,54428,54539
1131,21512,21748
1132,24213,24450
1133,44788,45065
1134,19940,20173
1135,53956,54067
1136,49145,49225
1137,49948,50044
1138,56863,56978
1139,20896,21131
1140,26292,26531
1141,8113,8335
1142,48747,48826
1143,5730,5951
1144,14406,14631
1145,10882,11106
1146,38032,38305
1147,7232,7454
1148,48117,48196
1149,34807,35064
1150,18895,19126
1151,18043,18273
1152,34141,34391
1153,13623,13847
1154,1858,2069
1155,13362,13586
1156,33888,34135
1157,4647,4868
1158,28413,28652
1159,45404,45682
1160,16357,16582
1161,7786,8008
1162,34015,34262
1163,18556,18786
1164,45447,45726
1165,50365,50465
1166,56859,56974
1167,33553,33799
1168,39163,39436
1169,36312,36584
1170,11997,12221
1171,50772,50872
1172,38975,39248
1173,28562,28801
1174,51373,51474
1175,28579,28818
1176,11791,12015
1177,12197,12421
1178,43895,44172
1179,45398,45676
1180,38474,38747
1181,27352,27591
1182,55381,55495
1183,24298,24535
1184,15438,15663
1185,16963,17190
1186,28284,28523
1187,24108,24345
1188,51457,51558
1189,16488,16713
1190,8728,8951
1191,45066,45343
1192,3235,3451
1193,50384,50484
1194,7959,8181
1195,51856,51961
1196,52185,52290
1197,21928,22164
1198,2041,2252
1199,1324,1535
1200,20245,20478
1201,16024,16249
1202,21189,21424
1203,44616,44893
1204,36623,36895
1205,27446,27685
1206,4499,4720
1207,42114,42390
1208,48999,49078
1209,10264,10488
1210,30799,31038
1211,22857,23094
1212,10686,10910
1213,49301,49381
1214,26874,27113
1215,29262,29501
1216,11116,11340
1217,35550,35814
1218,55536,55650
1219,26191,26430
1220,45516,45795
1221,21475,21711
1222,13902,14127
1223,56607,56722
1224,15215,15440
1225,6435,6656
1226,274,482
1227,11469,11693
1228,43088,43365
1229,44674,44951
1230,48746,48825
1231,38265,38538
1232,34890,35148
1233,35589,35853
1234,47018,47303
1235,51406,51507
1236,21359,21595
1237,4997,5218
1238,9759,9983
1239,48297,48376
1240,16231,16456
1241,22901,23138
1242,42106,42382
1243,10744,10968
1244,50752,50852
1245,34269,34519
1246,36610,36882
1247,9144,9367
1248,23705,23942
1249,49463,49543
1250,27190,27429
1251,8727,8950
1252,10670,10894
1253,15731,15956
1254,4991,5212
1255,56789,56904
1256,20860,21095
1257,23798,24035
1258,26922,27161
1259,36947,37219
1260,8395,8617
1261,30628,30867
1262,6630,6851
1263,28475,28714
1264,19361,19592
1265,17696,17925
1266,56290,56405
1267,9201,9424
1268,21130,21365
1269,48488,48567
1270,34782,35039
1271,29393,29632
1272,1513,1724
1273,6191,6412
1274,31388,31629
1275,15071,15296
1276,800,1010
1277,53580,53690
1278,12717,12941
1279,7149,7371
1280,31942,32184
1281,47558,47843
1282,34857,35114
1283,11448,11672
1284,12525,12749
1285,6317,6538
1286,28047,28286
1287,39169,39442
1288,29235,29474
1289,44783,45060
1290,37513,37786
1291,20655,20890
1292,13983,14208
1293,25353,25591
1294,29838,30077
1295,40239,40514
1296,29711,29950
1297,32577,32820
1298,28555,28794
1299,4963,5184
1300,46346,46627
1301,40730,41005
1302,15573,15798
1303,37227,37500
1304,17539,17768
1305,5374,5595
1306,47043,47328
1307,19076,19307
1308,4522,4743
1309,24746,24983
1310,11190,11414
1311,1819,2030
1312,23151,23388
1313,24421,24658
1314,42060,42336
1315,22279,22515
1316,35653,35918
1317,17848,18077
1318,40480,40755
1319,45953,46232
1320,32703,32946
1321,33772,34019
1322,40227,40502
1323,46382,46663
1324,54442,54553
1325,31941,32183
1326,53397,53506
1327,7955,8177
1328,8102,8324
1329,22212,22448
1330,17541,17770
1331,37932,38205
1332,47535,47820
1333,12204,12428
1334,43786,44063
1335,11112,11336
1336,19902,20135
1337,43760,44037
1338,14573,14798
1339,56042,56156
1340,24718,24955
1341,6216,6437
1342,24956,25193
1343,30256,30495
1344,42898,43175
1345,23820,24057
1346,48479,48558
1347,30378,30617
1348,22632,22869
1349,21823,22059
1350,16321,16546
1351,52818,52925
1352,5889,6110
1353,16030,16255
1354,22028,22264
1355,35713,35978
1356,49600,49680
1357,13603,13827
1358,43865,44142
1359,42171,42447
1360,5113,5334
1361,27211,27450
1362,45205,45483
1363,20858,21093
1364,42765,43042
1365,1947,2158
1366,24650,24887
1367,14812,15037
1368,51306,51407
1369,35629,35893
1370,16706,16933
1371,11866,12090
1372,20366,20599
1373,4541,4762
1374,39170,39443
1375,13854,14079
1376,33383,33629
1377,39716,39990
1378,6097,6318
1379,28602,28841
1380,14026,14251
1381,24044,24281
1382,38041,38314
1383,33629,33875
1384,18191,18421
1385,8049,8271
1386,47964,48042
1387,10412,10636
1388,52335,52442
1389,20964,21199
1390,42101,42377
1391,37592,37865
1392,27798,28037
1393,17983,18213
1394,28034,28273
1395,51473,51574
1396,32112,32354
1397,41178,41454
1398,29201,29440
1399,34140,34390
1400,27494,27733
1401,22954,23191
1402,52072,52177
1403,40375,40650
1404,39078,39351
1405,6307,6528
1406,23383,23620
1407,45267,45545
1408,54891,55002
1409,43600,43877
1410,56063,56177
1411,18440,18670
1412,18793,19024
1413,22041,22277
1414,24902,25139
1415,29064,29303
1416,35201,35463
1417,47072,47357
1418,17361,17590
1419,12276,12500
1420,7717,7939
1421,40828,41103
1422,44214,44491
1423,41397,41673
1424,23576,23813
1425,24959,25196
1426,34994,35256
1427,12083,12307
1428,33870,34117
1429,7864,8086
1430,29790,30029
1431,28936,29175
1432,27801,28040
1433,9170,9393
1434,29493,29732
1435,51989,52094
1436,56524,56639
1437,3871,4089
1438,20354,20587
1439,9421,9644
1440,56533,56648
1441,38137,38410
1442,12115,12339
1443,53334,53442
1444,56959,57074
1445,14346,14571
1446,52661,52768
1447,15005,15230
1448,14688,14913
1449,7272,7494
1450,27859,28098
1451,49414,49494
1452,32567,32810
1453,22535,22771
1454,11258,11482
1455,42693,42970
1456,42714,42991
1457,35265,35527
1458,8921,9144
1459,35162,35424
1460,8214,8436
1461,38237,38510
1462,11300,11524
1463,10182,10406
1464,36544,36816
1465,38618,38891
1466,49020,49099
1467,10800,11024
1468,40429,40704
1469,48717,48796
1470,18451,18681
1471,15318,15543
1472,52166,52271
1473,9368,9591
1474,7674,7896
1475,33821,34068
1476,34832,35089
1477,54868,54979
1478,39823,40097
1479,36864,37136
1480,43322,43599
1481,47189,47474
1482,45846,46125
1483,36409,36681
1484,44884,45161
1485,41573,41849
1486,33728,33975
1487,46485,46768
1488,53591,53701
1489,53958,54069
1490,13115,13339
1491,48082,48160
1492,23294,23531
1493,31826,32068
1494,5804,6025
1495,19815,20048
1496,32939,33182
1497,25440,25678
1498,54173,54284
1499,476,685
1500,56272,56386
1501,34779,35036
1502,25951,26190
1503,37640,37913
1504,30763,31002
1505,5428,5649
1506,809,1019
1507,34078,34326
1508,23779,24016
1509,27234,27473
1510,29405,29644
1511,11923,12147
1512,26672,26911
1513,48835,48914
1514,27490,27729
1515,46421,46702
1516,8475,8697
1517,7580,7802
1518,5831,6052
1519,13304,13528
1520,51033,51134
1521,21642,21878
1522,28733,28972
1523,55412,55526
1524,12860,13084
1525,23066,23303
1526,2397,2609
1527,56922,57037
1528,42516,42792
1529,23682,23919
1530,44162,44439
1531,2954,3169
1532,31325,31566
1533,39579,39853
1534,35217,35479
1535,38213,38486
1536,38803,39076
1537,56602,56717
1538,5345,5566
1539,55278,55391
1540,48189,48268
1541,26240,26479
1542,33990,34237
1543,15482,15707
1544,48979,49058
1545,40445,40720
1546,23067,23304
1547,5952,6173
1548,41332,41608
1549,50795,50896
1550,14921,15146
1551,13403,13627
1552,7882,8104
1553,13653,13877
1554,16483,16708
1555,27785,28024
1556,26169,26408
1557,49140,49220
1558,44868,45145
1559,53938,54049
1560,32722,32965
1561,13017,13241
1562,44640,44917
1563,46685,46969
1564,11621,11845
1565,46112,46393
1566,7694,7916
1567,50673,50773
1568,28071,28310
1569,26754,26993
1570,12740,12964
1571,14290,14515
1572,42440,42716
1573,26149,26388
1574,19338,19569
1575,49591,49671
1576,28005,28244
1577,41081,41357
1578,23113,23350
1579,8215,8437
1580,51647,51750
1581,14158,14383
1582,53538,53647
1583,31548,31789
1584,30552,30791
1585,4339,4560
1586,9854,10078
1587,46194,46475
1588,8793,9016
1589,39935,40209
1590,25868,26107
1591,25920,26159
1592,48859,48938
1593,12721,12945
1594,53636,53746
1595,22021,22257
1596,41438,41714
1597,40306,40581
1598,34541,34798
1599,47217,47502
1600,11561,11785
1601,32795,33038
1602,38102,38375
1603,329,537
1604,28448,28687
1605,8208,8430
1606,23042,23279
1607,9248,9471
1608,50909,51010
1609,13900,14125
1610,56677,56792
1611,10557,10781
1612,56797,56912
1613,43426,43703
1614,55378,55492
1615,17845,18074
1616,37749,38022
1617,47166,47451
1618,46662,46945
1619,43946,44223
1620,37708,37981
1621,5619,5840
1622,55773,55887
1623,14699,14924
1624,5874,6095
1625,6203,6424
1626,5174,5395
1627,7189,7411
1628,28705,28944
1629,41962,42238
1630,42382,42658
1631,15425,15650
1632,10186,10410
1633,14051,14276
1634,29366,29605
1635,28120,28359
1636,7511,7733
1637,6614,6835
1638,11784,12008
1639,8172,8394
1640,52479,52586
1641,9311,9534
1642,51469,51570
1643,43459,43736
1644,20166,20399
1645,9548,9772
1646,21743,21979
1647,26659,26898
1648,19137,19368
1649,14906,15131
1650,27875,28114
1651,49749,49829
1652,12637,12861
1653,35795,36060
1654,37682,37955
1655,1066,1276
1656,34917,35179
1657,50494,50594
1658,40476,40751
1659,21633,21869
1660,23857,24094
1661,31329,31570
1662,32508,32751
1663,42997,43274
1664,42998,43275
1665,44287,44564
1666,17322,17551
1667,40357,40632
1668,52619,52726
1669,7741,7963
1670,8200,8422
1671,11936,12160
1672,18949,19180
1673,28987,29226
1674,53637,53747
1675,41521,41797
1676,31382,31623
1677,7603,7825
1678,51113,51214
1679,8409,8631
1680,3795,4013
1681,53812,53922
1682,31891,32133
1683,31825,32067
1684,31631,31872
1685,6432,6653
1686,45952,46231
1687,27703,27942
1688,34233,34483
1689,14263,14488
1690,51778,51883
1691,43874,44151
1692,14138,14363
1693,2474,2688
1694,11629,11853
1695,29281,29520
1696,5380,5601
1697,33948,34195
1698,12263,12487
1699,52720,52827
1700,11590,11814
1701,8422,8644
1702,40209,40484
1703,55907,56021
1704,54387,54498
1705,47717,110
1706,41080,41356
1707,44201,44478
1708,55569,55683
1709,19944,20177
1710,17566,17795
1711,19321,19552
1712,28041,28280
1713,22062,22298
1714,48154,48233
1715,45023,45300
1716,3190,3406
1717,55911,56025
1718,46989,47274
1719,50905,51006
1720,23374,23611
1721,1737,1948
1722,23424,23661
1723,38701,38974
1724,38191,38464
1725,31027,31267
1726,13381,13605
1727,44581,44858
1728,52139,52244
1729,32497,32740
1730,52744,52851
1731,38069,38342
1732,35055,35317
1733,29928,30167
1734,54330,54441
1735,54176,54287
1736,13142,13366
1737,21278,21513
1738,21266,21501
1739,6780,7001
1740,17488,17717
1741,41157,41433
1742,49898,49994
1743,10511,10735
1744,34837,35094
1745,17135,17364
1746,42363,42639
1747,49784,49864
1748,54221,54332
1749,32956,33199
1750,44413,44690
1751,39395,39668
1752,12109,12333
1753,35218,35480
1754,52466,52573
1755,40344,40619
1756,20348,20581
1757,49150,49230
1758,9708,9932
1759,4060,4278
1760,15776,16001
1761,44988,45265
1762,30201,30440
1763,33838,34085
1764,246,454
1765,33642,33888
1766,10675,10899
1767,42933,43210
1768,20388,20621
1769,20099,20332
1770,32282,32525
1771,53562,53672
1772,54503,54614
1773,3971,4189
1774,33405,33651
1775,18,19
1776,28274,28513
1777,24235,24472
1778,33078,33321
1779,10078,10302
1780,19360,19591
1781,38813,39086
1782,6065,6286
1783,36547,36819
1784,53165,53272
1785,51339,51440
1786,7947,8169
1787,31226,31467
1788,38538,38811
1789,24587,24824
1790,30918,31157
1791,14936,15161
1792,36954,37226
1793,31859,32101
1794,1343,1554
1795,44501,44778
1796,27038,27277
1797,37026,37298
1798,56516,56631
1799,29642,29881
1800,47452,47737
1801,47405,47690
1802,6482,6703
1803,17254,17483
1804,37345,37618
1805,28111,28350
1806,4676,4897
1807,14676,14901
1808,40751,41026
1809,15403,15628
1810,43995,44272
1811,23551,23788
1812,22873,23110
1813,13289,13513
1814,38676,38949
1815,9398,9621
1816,56545,56660
1817,27111,27350
1818,33317,33563
1819,19828,20061
1820,18320,18550
1821,10054,10278
1822,54462,54573
1823,29726,29965
1824,18652,18882
1825,2178,2389
1826,5483,5704
1827,35235,35497
1828,53762,53872
1829,37526,37799
1830,25910,26149
1831,53267,53374
1832,891,1101
1833,55933,56047
1834,52344,52451
1835,41172,41448
1836,10802,11026
1837,45675,45954
1838,45619,45898
1839,43619,43896
1840,17582,17811
1841,36307,36579
1842,33155,33401
1843,45076,45353
1844,43329,43606
1845,10180,10404
1846,16844,17071
1847,36226,36497
1848,27401,27640
1849,229,437
1850,11273,11497
1851,52949,53056
1852,48398,48477
1853,27797,28036
1854,53857,53968
1855,33556,33802
1856,47432,47717
1857,48295,48374
1858,24919,25156
1859,1705,1916
1860,40572,40847
1861,11450,11674
1862,50766,50866
1863,9085,9308
1864,13148,13372
1865,20712,20947
1866,7047,7269
1867,42949,43226
1868,36488,36760
1869,53985,54096
1870,54448,54559
1871,39858,40132
1872,36857,37129
1873,30070,30309
1874,19928,20161
1875,22802,23039
1876,30101,30340
1877,41189,41465
1878,45751,46030
1879,5012,5233
1880,44793,45070
1881,26128,26367
1882,4115,4336
1883,20681,20916
1884,25211,25449
1885,46864,47148
1886,23366,23603
1887,13292,13516
1888,46369,46650
1889,22665,22902
1890,14276,14501
1891,53180,53287
1892,32807,33050
1893,41566,41842
1894,26593,26832
1895,26359,26598
1896,7242,7464
1897,23848,24085
1898,4871,5092
1899,2203,2415
1900,23709,23946
1901,50298,50398
1902,44272,44549
1903,15968,16193
1904,44102,44379
1905,10901,11125
1906,19210,19441
1907,13759,13984
1908,27634,27873
1909,36493,36765
1910,6460,6681
1911,42859,43136
1912,48918,48997
1913,19907,20140
1914,51843,51948
1915,35445,35708
1916,53377,53486
1917,54107,54218
1918,17772,18001
1919,12000,12224
1920,35831,36096
1921,51293,51394
1922,44537,44814
1923,20228,20461
1924,48131,48210
1925,44266,44543
1926,8241,8463
1927,42246,42522
1928,41179,41455
1929,19184,19415
1930,56230,56344
1931,28117,28356
1932,34349,34599
1933,47108,47393
1934,34740,34997
1935,54236,54347
1936,42299,42575
1937,54311,54422
1938,5869,6090
1939,11888,12112
1940,28678,28917
1941,46468,46751
1942,35533,35796
1943,5715,5936
1944,38939,39212
1945,25112,25350
1946,30038,30277
1947,7375,7597
1948,27563,27802
1949,35549,35813
1950,53415,53524
1951,43086,43363
1952,28407,28646
1953,7321,7543
1954,53705,53815
1955,41965,42241
1956,27739,27978
1957,56283,56397
1958,7972,8194
1959,35796,36061
1960,54626,54737
1961,33658,33904
1962,17700,17929
1963,30688,30927
1964,42712,42989
1965,39032,39305
1966,54077,54188
1967,25871,26110
1968,10659,10883
1969,21073,21308
1970,53700,53810
1971,33774,34021
1972,36429,36701
1973,39244,39517
1974,26411,26650
1975,21857,22093
1976,33691,33937
1977,25823,26061
1978,5079,5300
1979,33694,33940
1980,51694,51797
1981,31052,31292
1982,28070,28309
1983,1062,1272
1984,41922,42198
1985,9190,9413
1986,15191,15416
1987,40547,40822
1988,8109,8331
1989,7017,7239
1990,20262,20495
1991,26702,26941
1992,23007,23244
1993,52443,52550
1994,55724,55838
1995,41224,41500
1996,831,1041
1997,51968,52073
1998,9827,10051
1999,56511,56626
2000,21882,22118
2001,53293,53400
2002,32033,32275
2003,24335,24572
2004,12939,13163
2005,47371,47656
2006,31675,31916
2007,55211,55324
2008,22384,22620
2009,2745,2959
2010,14583,14808
2011,30694,30933
2012,39410,39683
2013,22592,22829
2014,21376,21612
2015,24865,25102
2016,41680,41956
2017,19918,20151
2018,39001,39274
2019,23643,23880
2020,21337,21572
2021,21575,21811
2022,15427,15652
2023,36464,36736
2024,44600,44877
2025,10944,11168
2026,33446,33692
2027,40173,40447
2028,2803,3017
2029,11329,11553
2030,3788,4006
2031,18621,18851
2032,32649,32892
2033,13348,13572
2034,42292,42568
2035,41298,41574
2036,41544,41820
2037,19797,20030
2038,39221,39494
2039,51561,51662
2040,29092,29331
2041,54991,55104
2042,30975,31215
2043,38048,38321
2044,1991,2202
2045,38516,38789
2046,47408,47693
2047,15158,15383
2048,12949,13173
2049,44658,44935
2050,35912,36178
2051,23030,23267
2052,12107,12331
2053,12602,12826
2054,40979,41255
2055,10477,10701
2056,54085,54196
2057,36267,36538
2058,22543,22779
2059,39203,39476
2060,13045,13269
2061,31622,31863
2062,35455,35718
2063,13427,13651
2064,2328,2540
2065,19462,19693
2066,3797,4015
2067,30306,30545
2068,42510,42786
2069,55683,55797
2070,27306,27545
2071,23504,23741
2072,35115,35377
2073,48522,48601
2074,50557,50657
2075,17441,17670
2076,37906,38179
2077,22786,23023
2078,39699,39973
2079,50302,50402
2080,51443,51544
2081,54212,54323
2082,5867,6088
2083,3027,3242
2084,53549,53658
2085,12076,12300
2086,2858,3072
2087,32222,32465
2088,12787,13011
2089,47676,69
2090,28045,28284
2091,17640,17869
2092,3770,3988
2093,50671,50771
2094,39618,39892
2095,12731,12955
2096,24412,24649
2097,52793,52900
2098,29619,29858
2099,35824,36089
2100,53419,53528
2101,33871,34118
2102,19586,19818
2103,44421,44698
2104,16612,16837
2105,38789,39062
2106,54907,55018
2107,54426,54537
2108,4883,5104
2109,2173,2384
2110,36293,36564
2111,33608,33854
2112,24246,24483
2113,2395,2607
2114,18781,19011
2115,48822,48901
2116,8883,9106
2117,24507,24744
2118,35957,36223
2119,36337,36609
2120,13766,13991
2121,14095,14320
2122,22022,22258
2123,35156,35418
2124,47712,105
2125,51848,51953
2126,5907,6128
2127,37004,37276
2128,13582,13806
2129,42145,42421
2130,4315,4536
2131,43907,44184
2132,5399,5620
2133,52387,52494
2134,42424,42700
2135,49851,49946
2136,12235,12459
2137,6675,6896
2138,43844,44121
2139,25800,26038
2140,1284,1495
2141,46262,46543
2142,43730,44007
2143,16298,16523
2144,16226,16451
2145,6056,6277
2146,16834,17061
2147,21816,22052
2148,9981,10205
2149,27272,27511
2150,35290,35552
2151,30246,30485
2152,19036,19267
2153,56420,56535
2154,41247,41523
2155,3177,3393
2156,4731,4952
2157,9380,9603
2158,25511,25749
2159,51206,51307
2160,13245,13469
2161,25550,25788
2162,55898,56012
2163,14268,14493
2164,31685,31926
2165,52268,52374
2166,18729,18959
2167,56284,56398
2168,12430,12654
2169,31126,31366
2170,125,333
2171,15683,15908
2172,944,1154
2173,23790,24027
2174,22874,23111
2175,16065,16290
2176,9451,9674
2177,40437,40712
2178,54760,54871
2179,52920,53027
2180,50741,50841
2181,31751,31992
2182,50124,50223
2183,11157,11381
2184,52749,52856
2185,46044,46325
2186,47342,47627
2187,23685,23922
2188,49081,49160
2189,5752,5973
2190,17667,17896
2191,53220,53327
2192,6581,6802
2193,47084,47369
2194,23395,23632
2195,27564,27803
2196,52709,52816
2197,27289,27528
2198,37371,37644
2199,35213,35475
2200,55038,55151
2201,49409,49489
2202,17940,18169
2203,30442,30681
2204,14204,14429
2205,36909,37181
2206,14835,15060
2207,36575,36847
2208,1227,1437
2209,52865,52972
2210,32288,32531
2211,18361,18591
2212,16367,16592
2213,56470,56585
2214,27187,27426
2215,39847,40121
2216,10501,10725
2217,17242,17471
2218,46083,46364
2219,25665,25903
2220,17199,17428
2221,32509,32752
2222,26177,26416
2223,10125,10349
2224,34708,34965
2225,41537,41813
2226,35815,36080
2227,43488,43765
2228,46007,46288
2229,22008,22244
2230,39394,39667
2231,48155,48234
2232,38720,38993
2233,35274,35536
2234,16686,16913
2235,22683,22920
2236,32448,32691
2237,1499,1710
2238,43577,43854
2239,15288,15513
2240,38240,38513
2241,33242,33488
2242,41951,42227
2243,31448,31689
2244,35245,35507
2245,9506,9730
2246,38081,38354
2247,23026,23263
2248,7212,7434
2249,2617,2831
2250,52657,52764
2251,8964,9187
2252,10028,10252
2253,36545,36817
2254,6937,7159
2255,28902,29141
2256,12606,12830
2257,14678,14903
2258,36387,36659
2259,19167,19398
2260,36406,36678
2261,40099,40373
2262,33208,33454
2263,50831,50932
2264,26094,26333
2265,9861,10085
2266,31185,31425
2267,44087,44364
2268,20010,20243
2269,1701,1912
2270,45207,45485
2271,56857,56972
2272,32879,33122
2273,50780,50881
2274,10605,10829
2275,55998,56112
2276,27191,27430
2277,29025,29264
2278,8554,8776
2279,12989,13213
2280,40805,41080
2281,2191,2402
2282,45848,46127
2283,48495,48574
2284,32854,33097
2285,22202,22438
2286,47275,47560
2287,40732,41007
2288,44204,44481
2289,31911,32153
2290,40346,40621
2291,29559,29798
2292,3701,3919
2293,32053,32295
2294,38346,38619
2295,55872,55986
2296,22641,22878
2297,25589,25827
2298,23169,23406
2299,29191,29430
2300,43487,43764
2301,48211,48290
2302,49845,49940
2303,25581,25819
2304,47081,47366
2305,52982,53089
2306,35152,35414
2307,8994,9217
2308,27017,27256
2309,7253,7475
2310,43899,44176
2311,47273,47558
2312,35028,35290
2313,11977,12201
2314,31855,32097
2315,23172,23409
2316,17515,17744
2317,42433,42709
2318,51322,51423
2319,2232,2444
2320,12755,12979
2321,10592,10816
2322,36455,36727
2323,7521,7743
2324,54136,54247
2325,42050,42326
2326,39914,40188
2327,24814,25051
2328,19042,19273
2329,31501,31742
2330,3481,3697
2331,21453,21689
2332,29812,30051
2333,5739,5960
2334,30771,31010
2335,8646,8868
2336,45254,45532
2337,46272,46553
2338,15246,15471
2339,19860,20093
2340,14662,14887
2341,29292,29531
2342,1656,1867
2343,54930,55041
2344,47305,47590
2345,17309,17538
2346,17749,17978
2347,36375,36647
2348,27569,27808
2349,15349,15574
2350,26403,26642
2351,31196,31436
2352,14136,14361
2353,2747,2961
2354,39030,39303
2355,10038,10262
2356,43112,43389
2357,33890,34137
2358,24460,24697
2359,6890,7111
2360,34951,35213
2361,29228,29467
2362,41798,42074
2363,14647,14872
2364,46929,47214
2365,19416,19647
2366,34120,34370
2367,390,599
2368,7765,7987
2369,20766,21001
2370,33913,34160
2371,22098,22334
2372,21039,21274
2373,26474,26713
2374,16512,16737
2375,30043,30282
2376,11425,11649
2377,34721,34978
2378,41849,42125
2379,9415,9638
2380,56067,56181
2381,2312,2524
2382,15812,16037
2383,16277,16502
2384,30491,30730
2385,40898,41173
2386,49269,49349
2387,10101,10325
2388,40603,40878
2389,6777,6998
2390,23409,23646
2391,28137,28376
2392,8145,8367
2393,39426,39699
2394,45262,45540
2395,32233,32476
2396,51099,51200
2397,13655,13879
2398,31387,31628
2399,42842,43119
2400,49165,49245
2401,10100,10324
2402,30649,30888
2403,49734,49814
2404,3152,3368
2405,818,1028
2406,42642,42919
2407,49016,49095
2408,48180,48259
2409,34343,34593
2410,8047,8269
2411,23725,23962
2412,12478,12702
2413,15358,15583
2414,46391,46672
2415,55528,55642
2416,41214,41490
2417,32396,32639
2418,25169,25407
2419,9390,9613
2420,38274,38547
2421,47743,136
2422,18285,18515
2423,1151,1361
2424,52011,52116
2425,12078,12302
2426,50069,50167
2427,52100,52205
2428,2832,3046
2429,10106,10330
2430,21063,21298
2431,36244,36515
2432,26336,26575
2433,25322,25560
2434,37728,38001
2435,30685,30924
2436,7235,7457
2437,54541,54652
2438,18056,18286
2439,3729,3947
2440,45583,45862
2441,33901,34148
2442,31890,32132
2443,28646,28885
2444,19722,19955
2445,39493,39767
2446,25882,26121
2447,7229,7451
2448,52128,52233
2449,54404,54515
2450,13625,13849
2451,35271,35533
2452,28989,29228
2453,14033,14258
2454,55656,55770
2455,52971,53078
2456,27425,27664
2457,42085,42361
2458,19447,19678
2459,34291,34541
2460,45733,46012
2461,25730,25968
2462,17396,17625
2463,33351,33597
2464,42296,42572
2465,46448,46729
2466,21316,21551
2467,30602,30841
2468,18331,18561
2469,1399,1610
2470,42893,43170
2471,616,826
2472,18240,18470
2473,8329,8551
2474,10942,11166
2475,38271,38544
2476,4508,4729
2477,20120,20353
2478,47027,47312
2479,31291,31532
2480,24548,24785
2481,44604,44881
2482,5436,5657
2483,17459,17688
2484,35872,36138
2485,43208,43485
2486,34403,34653
2487,22511,22747
2488,22832,23069
2489,16278,16503
2490,51353,51454
2491,19661,19894
2492,37506,37779
2493,2898,3112
2494,27758,27997
2495,48450,48529
2496,26276,26515
2497,38004,38277
2498,53534,53643
2499,2873,3087
2500,5742,5963
2501,52092,52197
2502,10521,10745
2503,30119,30358
2504,12882,13106
2505,11555,11779
2506,46041,46322
2507,4687,4908
2508,12553,12777
2509,39785,40059
2510,5905,6126
2511,551,760
2512,24669,24906
2513,9332,9555
2514,35410,35673
2515,24138,24375
2516,24289,24526
2517,8682,8904
2518,32652,32895
2519,7789,8011
2520,12848,13072
2521,32634,32877
2522,6240,6461
2523,55297,55410
2524,22258,22494
2525,1712,1923
2526,42489,42765
2527,25872,26111
2528,22497,22733
2529,10375,10599
2530,26372,26611
2531,9916,10140
2532,838,1048
2533,19983,20216
2534,11800,12024
2535,20540,20775
2536,28893,29132
2537,31441,31682
2538,11382,11606
2539,43307,43584
2540,45868,46147
2541,20035,20268
2542,27882,28121
2543,11844,12068
2544,13368,13592
2545,52594,52701
2546,6544,6765
2547,17053,17282
2548,2383,2595
2549,17762,17991
2550,3114,3329
2551,270,478
2552,56973,57088
2553,41053,41329
2554,22406,22642
2555,44203,44480
2556,53726,53836
2557,26202,26441
2558,44436,44713
2559,9998,10222
2560,30254,30493
2561,7792,8014
2562,13318,13542
2563,51188,51289
2564,41208,41484
2565,45390,45668
2566,33580,33826
2567,23307,23544
2568,1942,2153
2569,38817,39090
2570,31600,31841
2571,28545,28784
2572,14150,14375
2573,28647,28886
2574,13712,13936
2575,50331,50431
2576,35785,36050
2577,38506,38779
2578,45139,45416
2579,48700,48779
2580,51607,51710
2581,37044,37316
2582,6961,7183
2583,56034,56148
2584,29056,29295
2585,19934,20167
2586,52042,52147
2587,27346,27585
2588,42605,42882
2589,56145,56259
2590,20927,21162
2591,4891,5112
2592,34874,35131
2593,26759,26998
2594,23777,24014
2595,16927,17154
2596,35891,36157
2597,1814,2025
2598,37035,37307
2599,36503,36775
2600,42838,43115
2601,32270,32513
2602,47361,47646
2603,7401,7623
2604,19424,19655
2605,7469,7691
2606,19272,19503
2607,21585,21821
2608,4445,4666
2609,251,459
2610,24427,24664
2611,21558,21794
2612,28930,29169
2613,13145,13369
2614,24447,24684
2615,20397,20630
2616,37722,37995
2617,28006,28245
2618,8718,8941
2619,35081,35343
2620,7952,8174
2621,33431,33677
2622,25413,25651
2623,25029,25266
2624,45857,46136
2625,20203,20436
2626,41136,41412
2627,38574,38847
2628,19446,19677
2629,11486,11710
2630,49315,49395
2631,36676,36948
2632,6144,6365
2633,46006,46287
2634,48651,48730
2635,24964,25201
2636,28769,29008
2637,3353,3569
2638,10928,11152
2639,45499,45778
2640,15314,15539
2641,30123,30362
2642,13596,13820
2643,16376,16601
2644,27950,28189
2645,31982,32224
2646,7275,7497
2647,2019,2230
2648,8509,8731
2649,53078,53185
2650,13926,14151
2651,10832,11056
2652,46610,46893
2653,7153,7375
2654,396,605
2655,10617,10841
2656,5747,5968
2657,49817,49897
2658,51598,51700
2659,9515,9739
2660,10519,10743
2661,32350,32593
2662,4241,4462
2663,10934,11158
2664,30081,30320
2665,6739,6960
2666,13421,13645
2667,28701,28940
2668,47840,233
2669,4800,5021
2670,8717,8940
2671,52612,52719
2672,29523,29762
2673,25929,26168
2674,24243,24480
2675,49100,49179
2676,50060,50158
2677,50184,50284
2678,55958,56072
2679,44495,44772
2680,28142,28381
2681,32111,32353
2682,29303,29542
2683,30930,31169
2684,26867,27106
2685,37913,38186
2686,50135,50234
2687,46509,46792
2688,40188,40462
2689,23752,23989
2690,5482,5703
2691,1281,1492
2692,40449,40724
2693,31337,31578
2694,27049,27288
2695,7408,7630
2696,42164,42440
2697,627,837
2698,50375,50475
2699,56234,56348
2700,43642,43919
2701,37271,37544
2702,20528,20763
2703,56362,56477
2704,37379,37652
2705,32361,32604
2706,48293,48372
2707,32084,32326
2708,5805,6026
2709,39154,39427
2710,25155,25393
2711,566,775
2712,15897,16122
2713,24768,25005
2714,17605,17834
2715,44811,45088
2716,21791,22027
2717,7250,7472
2718,41919,42195
2719,12666,12890
2720,22114,22350
2721,30083,30322
2722,56506,56621
2723,40994,41270
2724,50159,50258
2725,676,886
2726,4681,4902
2727,12041,12265
2728,41864,42140
2729,33156,33402
2730,50182,50281
2731,51423,51524
2732,13857,14082
2733,7175,7397
2734,38383,38656
2735,5160,5381
2736,7264,7486
2737,44578,44855
2738,11898,12122
2739,11475,11699
2740,1515,1726
2741,36246,36517
2742,3894,4112
2743,33436,33682
2744,2893,3107
2745,27987,28226
2746,38035,38308
2747,21694,21930
2748,9677,9901
2749,41636,41912
2750,52149,52254
2751,25684,25922
2752,16258,16483
2753,32816,33059
2754,21349,21585
2755,15590,15815
2756,49231,49311
2757,12890,13114
2758,36911,37183
2759,19409,19640
2760,6022,6243
2761,17457,17686
2762,29673,29912
2763,15971,16196
2764,10986,11210
2765,5655,5876
2766,51081,51182
2767,52833,52940
2768,22966,23203
2769,30408,30647
2770,26166,26405
2771,55197,55310
2772,39930,40204
2773,39773,40047
2774,19801,20034
2775,22813,23050
2776,9438,9661
2777,29385,29624
2778,51482,51583
2779,48602,48681
2780,35762,36027
2781,34608,34865
2782,48182,48261
2783,53036,53143
2784,53439,53548
2785,56553,56668
2786,30344,30583
2787,38380,38653
2788,51929,52034
2789,39552,39826
2790,43788,44065
2791,25134,25372
2792,15648,15873
2793,8334,8556
2794,33879,34126
2795,14611,14836
2796,33134,33380
2797,19426,19657
2798,47119,47404
2799,53792,53902
2800,6150,6371
2801,21584,21820
2802,9512,9736
2803,2158,2369
2804,35612,35876
2805,50824,50925
2806,12301,12525
2807,39831,40105
2808,3964,4182
2809,50591,50691
2810,30534,30773
2811,48858,48937
2812,40331,40606
2813,31096,31336
2814,12819,13043
2815,54477,54588
2816,42528,42804
2817,29709,29948
2818,10666,10890
2819,31687,31928
2820,8533,8755
2821,15705,15930
2822,49117,49196
2823,33272,33518
2824,22172,22408
2825,38232,38505
2826,56582,56697
2827,49333,49413
2828,45279,45557
2829,16097,16322
2830,20975,21210
2831,44277,44554
2832,45844,46123
2833,11375,11599
2834,21761,21997
2835,28330,28569
2836,15891,16116
2837,18736,18966
2838,20069,20302
2839,42432,42708
2840,3347,3563
2841,97,305
2842,17625,17854
2843,410,619
2844,21068,21303
2845,33654,33900
2846,6758,6979
2847,4639,4860
2848,51112,51213
2849,2257,2469
2850,29233,29472
2851,9314,9537
2852,42456,42732
2853,7828,8050
2854,509,718
2855,39810,40084
2856,32766,33009
2857,24051,24288
2858,11164,11388
2859,40469,40744
2860,2431,2644
2861,46618,46901
2862,692,902
2863,47381,47666
2864,26825,27064
2865,3167,3383
2866,21979,22215
2867,42034,42310
2868,10542,10766
2869,5812,6033
2870,24288,24525
2871,13930,14155
2872,33259,33505
2873,37618,37891
2874,1378,1589
2875,38254,38527
2876,8418,8640
2877,31079,31319
2878,44922,45199
2879,46344,46625
2880,2921,3135
2881,43271,43548
2882,23450,23687
2883,29319,29558
2884,36596,36868
2885,2408,2621
2886,18090,18320
2887,7158,7380
2888,16992,17219
2889,56709,56824
2890,49977,50073
2891,16099,16324
2892,25156,25394
2893,46179,46460
2894,47694,87
2895,5053,5274
2896,19573,19804
2897,27022,27261
2898,51583,51684
2899,27096,27335
2900,18551,18781
2901,36243,36514
2902,24135,24372
2903,8643,8865
2904,674,884
2905,31410,31651
2906,25903,26142
2907,7518,7740
2908,39834,40108
2909,25393,25631
2910,46798,47082
2911,45812,46091
2912,26194,26433
2913,33853,34100
2914,11632,11856
2915,44364,44641
2916,4534,4755
2917,30692,30931
2918,44157,44434
2919,41940,42216
2920,6395,6616
2921,53867,53978
2922,49545,49625
2923,40906,41181
2924,7442,7664
2925,28458,28697
2926,37394,37667
2927,33294,33540
2928,31684,31925
2929,46059,46340
2930,8390,8612
2931,48064,48142
2932,56771,56886
2933,10362,10586
2934,25584,25822
2935,24358,24595
2936,38954,39227
2937,17177,17406
2938,40263,40538
2939,21205,21440
2940,52312,52418
2941,23676,23913
2942,35923,36189
2943,7274,7496
2944,30795,31034
2945,14670,14895
2946,1842,2053
2947,36980,37252
2948,24240,24477
2949,13384,13608
2950,42472,42748
2951,56802,56917
2952,9260,9483
2953,50746,50846
2954,54456,54567
2955,44666,44943
2956,23466,23703
2957,47718,111
2958,11458,11682
2959,26790,27029
2960,31490,31731
2961,53158,53265
2962,31679,31920
2963,2067,2278
2964,3507,3723
2965,54771,54882
2966,14622,14847
2967,50171,50270
2968,22863,23100
2969,30164,30403
2970,29210,29449
2971,4879,5100
2972,46886,47171
2973,22911,23148
2974,45547,45826
2975,48087,48165
2976,28451,28690
2977,13438,13662
2978,19177,19408
2979,1495,1706
2980,55076,55189
2981,14114,14339
2982,36485,36757
2983,49244,49324
2984,27358,27597
2985,9785,10009
2986,48664,48743
2987,35678,35943
2988,36504,36776
2989,30132,30371
2990,26064,26303
2991,43002,43279
2992,26871,27110
2993,13732,13957
2994,40818,41093
2995,50417,50517
2996,11526,11750
2997,40303,40578
2998,45261,45539
2999,46383,46664
3000,14798,15023
3001,3804,4022
3002,48305,48384
3003,48960,49039
3004,9631,9855
3005,35224,35486
3006,9499,9723
3007,25901,26140
3008,13165,13389
3009,49087,49166
3010,41763,42039
3011,47723,116
3012,16649,16876
3013,9189,9412
3014,46656,46939
3015,51340,51441
3016,17773,18002
3017,44249,44526
3018,37791,38064
3019,28498,28737
3020,7199,7421
3021,38833,39106
3022,13000,13224
3023,40566,40841
3024,7946,8168
3025,34440,34690
3026,1784,1995
3027,39945,40219
3028,46257,46538
3029,35505,35768
3030,52061,52166
3031,25090,25328
3032,10099,10323
3033,30383,30622
3034,46111,46392
3035,8929,9152
3036,14145,14370
3037,11216,11440
3038,44027,44304
3039,31157,31397
3040,33971,34218
3041,28738,28977
3042,50503,50603
3043,54092,54203
3044,50070,50168
3045,2069,2280
3046,10587,10811
3047,6149,6370
3048,20356,20589
3049,25069,25307
3050,25970,26209
3051,7706,7928
3052,18908,19139
3053,23998,24235
3054,25640,25878
3055,30734,30973
3056,12701,12925
3057,30431,30670
3058,15955,16180
3059,49974,50070
3060,40601,40876
3061,13415,13639
3062,14335,14560
3063,10066,10290
3064,47720,113
3065,38112,38385
3066,30444,30683
3067,6269,6490
3068,3999,4217
3069,14144,14369
3070,29540,29779
3071,24166,24403
3072,53621,53731
3073,6875,7096
3074,50609,50709
3075,11872,12096
3076,33944,34191
3077,9960,10184
3078,3533,3749
3079,33126,33372
3080,31905,32147
3081,23830,24067
3082,1466,1677
3083,24680,24917
3084,49978,50074
3085,47957,48035
3086,19148,19379
3087,41372,41648
3088,5157,5378
3089,25129,25367
3090,29782,30021
3091,31582,31823
3092,1537,1748
3093,16537,16762
3094,42210,42486
3095,31760,32002
3096,52074,52179
3097,52695,52802
3098,25925,26164
3099,54488,54599
3100,8721,8944
3101,39576,39850
3102,40591,40866
3103,1261,1472
3104,56583,56698
3105,13143,13367
3106,45634,45913
3107,11242,11466
3108,41658,41934
3109,37146,37418
3110,3950,4168
3111,29873,30112
3112,4669,4890
3113,19459,19690
3114,40785,41060
3115,16101,16326
3116,55651,55765
3117,12396,12620
3118,9211,9434
3119,36379,36651
3120,7432,7654
3121,5073,5294
3122,53682,53792
3123,6876,7097
3124,25900,26139
3125,25385,25623
3126,13254,13478
3127,2966,3181
3128,1812,2023
3129,20903,21138
3130,43965,44242
3131,21807,22043
3132,45732,46011
3133,4252,4473
3134,23072,23309
3135,49030,49109
3136,39148,39421
3137,14424,14649
3138,17950,18180
3139,15603,15828
3140,22466,22702
3141,13892,14117
3142,24065,24302
3143,16530,16755
3144,26264,26503
3145,3272,3488
3146,53161,53268
3147,34215,34465
3148,24675,24912
3149,2062,2273
3150,8598,8820
3151,23211,23448
3152,24430,24667
3153,12214,12438
3154,41139,41415
3155,55380,55494
3156,31437,31678
3157,13583,13807
3158,21930,22166
3159,12588,12812
3160,39047,39320
3161,42942,43219
3162,42312,42588
3163,35400,35663
3164,21779,22015
3165,35892,36158
3166,447,656
3167,48587,48666
3168,20968,21203
3169,6180,6401
3170,55702,55816
3171,56473,56588
3172,2132,2343
3173,51440,51541
3174,26910,27149
3175,16909,17136
3176,41,249
3177,1456,1667
3178,55851,55965
3179,45554,45833
3180,13346,13570
3181,56681,56796
3182,38568,38841
3183,1263,1474
3184,4460,4681
3185,22969,23206
3186,27718,27957
3187,42284,42560
3188,43506,43783
3189,49248,49328
3190,18746,18976
3191,53353,53461
3192,13798,14023
3193,29820,30059
3194,19845,20078
3195,3199,3415
3196,46202,46483
3197,20955,21190
3198,32786,33029
3199,55085,55198
3200,11407,11631
3201,51609,51712
3202,50837,50938
3203,50153,50252
3204,8060,8282
3205,8700,8923
3206,7306,7528
3207,46563,46846
3208,53773,53883
3209,15144,15369
3210,43652,43929
3211,18042,18272
3212,51311,51412
3213,48256,48335
3214,4105,4326
3215,7996,8218
3216,8710,8933
3217,52470,52577
3218,44133,44410
3219,16429,16654
3220,52984,53091
3221,16362,16587
3222,41959,42235
3223,55934,56048
3224,11519,11743
3225,35298,35560
3226,4441,4662
3227,9484,9707
3228,47,255
3229,29631,29870
3230,1268,1479
3231,47497,47782
3232,44657,44934
3233,53363,53471
3234,52483,52590
3235,52979,53086
3236,42206,42482
3237,17897,18126
3238,12427,12651
3239,40015,40289
3240,26418,26657
3241,24558,24795
3242,29988,30227
3243,14489,14714
3244,6059,6280
3245,215,423
3246,55647,55761
3247,22684,22921
3248,1280,1491
3249,34055,34302
3250,21804,22040
3251,20237,20470
3252,29082,29321
3253,53446,53555
3254,15563,15788
3255,13550,13774
3256,42119,42395
3257,48828,48907
3258,2450,2663
3259,45481,45760
3260,45687,45966
3261,24732,24969
3262,646,856
3263,46070,46351
3264,5849,6070
3265,49955,50051
3266,7254,7476
3267,5751,5972
3268,16682,16909
3269,34830,35087
3270,30280,30519
3271,3756,3974
3272,26771,27010
3273,10533,10757
3274,3602,3818
3275,14182,14407
3276,42590,42867
3277,31926,32168
3278,29197,29436
3279,38094,38367
3280,20496,20731
3281,511,720
3282,15029,15254
3283,34598,34855
3284,38649,38922
3285,12812,13036
3286,3084,3299
3287,52851,52958
3288,16340,16565
3289,37374,37647
3290,22442,22678
3291,11604,11828
3292,24685,24922
3293,28064,28303
3294,7202,7424
3295,40475,40750
3296,8812,9035
3297,9811,10035
3298,13303,13527
3299,30089,30328
3300,4113,4334
3301,36907,37179
3302,56073,56187
3303,1536,1747
3304,32716,32959
3305,36955,37227
3306,5866,6087
3307,45362,45640
3308,50794,50895
3309,19773,20006
3310,49509,49589
3311,40713,40988
3312,8326,8548
3313,20149,20382
3314,38464,38737
3315,28442,28681
3316,15111,15336
3317,54632,54743
3318,12744,12968
3319,41748,42024
3320,11683,11907
3321,16224,16449
3322,46998,47283
3323,22164,22400
3324,21374,21610
3325,25870,26109
3326,23417,23654
3327,30675,30914
3328,12346,12570
3329,12280,12504
3330,21813,22049
3331,10446,10670
3332,38513,38786
3333,43063,43340
3334,28969,29208
3335,54260,54371
3336,4281,4502
3337,32576,32819
3338,18771,19001
3339,46763,47047
3340,24546,24783
3341,53023,53130
3342,3565,3781
3343,56410,56525
3344,52953,53060
3345,40855,41130
3346,45136,45413
3347,8100,8322
3348,43300,43577
3349,33816,34063
3350,40261,40536
3351,32102,32344
3352,5300,5521
3353,8207,8429
3354,18186,18416
3355,23371,23608
3356,19002,19233
3357,1943,2154
3358,38033,38306
3359,3953,4171
3360,42239,42515
3361,42042,42318
3362,55024,55137
3363,24328,24565
3364,12058,12282
3365,42122,42398
3366,30350,30589
3367,23508,23745
3368,37082,37354
3369,45781,46060
3370,51279,51380
3371,35129,35391
3372,4933,5154
3373,28955,29194
3374,39881,40155
3375,162,370
3376,5508,5729
3377,42551,42828
3378,20557,20792
3379,37124,37396
3380,43456,43733
3381,48253,48332
3382,12704,12928
3383,23870,24107
3384,46146,46427
3385,4385,4606
3386,23073,23310
3387,15669,15894
3388,39026,39299
3389,48279,48358
3390,34703,34960
3391,2320,2532
3392,14212,14437
3393,35476,35739
3394,2795,3009
3395,40665,40939
3396,972,1182
3397,13107,13331
3398,7112,7334
3399,22187,22423
3400,8372,8594
3401,51411,51512
3402,35726,35991
3403,28916,29155
3404,26078,26317
3405,29607,29846
3406,42743,43020
3407,53516,53625
3408,11696,11920
3409,41967,42243
3410,53565,53675
3411,35087,35349
3412,11824,12048
3413,14591,14816
3414,53095,53202
3415,933,1143
3416,15405,15630
3417,36949,37221
3418,55233,55346
3419,53458,53567
3420,6618,6839
3421,10512,10736
3422,17619,17848
3423,5321,5542
3424,16400,16625
3425,14623,14848
3426,12940,13164
3427,23427,23664
3428,7200,7422
3429,15043,15268
3430,22991,23228
3431,10158,10382
3432,5226,5447
3433,48140,48219
3434,9714,9938
3435,26047,26286
3436,36405,36677
3437,7312,7534
3438,52988,53095
3439,46921,47206
3440,16632,16859
3441,607,816
3442,39544,39818
3443,50574,50674
3444,9689,9913
3445,11088,11312
3446,53940,54051
3447,38862,39135
3448,39021,39294
3449,33359,33605
3450,5865,6086
3451,32412,32655
3452,28138,28377
3453,35975,36241
3454,36499,36771
3455,34031,34278
3456,7558,7780
3457,51788,51893
3458,18381,18611
3459,48524,48603
3460,36899,37171
3461,4877,5098
3462,11489,11713
3463,35609,35873
3464,12129,12353
3465,35090,35352
3466,49807,49887
3467,399,608
3468,31516,31757
3469,28072,28311
3470,48681,48760
3471,52358,52465
3472,49092,49171
3473,45610,45889
3474,1101,1311
3475,26110,26349
3476,17733,17962
3477,9295,9518
3478,23144,23381
3479,41240,41516
3480,2991,3206
3481,31280,31521
3482,28876,29115
3483,15829,16054
3484,32408,32651
3485,24156,24393
3486,25592,25830
3487,11543,11767
3488,45290,45568
3489,41857,42133
3490,34686,34943
3491,1828,2039
3492,47634,27
3493,45283,45561
3494,52554,52661
3495,24466,24703
3496,30076,30315
3497,12138,12362
3498,40244,40519
3499,31417,31658
3500,14441,14666
3501,15453,15678
3502,14132,14357
3503,43981,44258
3504,46866,47150
3505,30459,30698
3506,32936,33179
3507,13986,14211
3508,24662,24899
3509,29108,29347
3510,50674,50774
3511,15101,15326
3512,23614,23851
3513,34582,34839
3514,7096,7318
3515,46003,46284
3516,24536,24773
3517,35882,36148
3518,24705,24942
3519,44296,44573
3520,32550,32793
3521,53971,54082
3522,56007,56121
3523,21904,22140
3524,25784,26022
3525,48233,48312
3526,28944,29183
3527,17817,18046
3528,21366,21602
3529,17783,18012
3530,51713,51816
3531,39629,39903
3532,45010,45287
3533,14602,14827
3534,31407,31648
3535,37163,37436
3536,3728,3946
3537,47133,47418
3538,10478,10702
3539,26758,26997
3540,5371,5592
3541,56615,56730
3542,32829,33072
3543,49455,49535
3544,31937,32179
3545,47684,77
3546,20205,20438
3547,44427,44704
3548,19988,20221
3549,45915,46194
3550,46301,46582
3551,56923,57038
3552,54980,55093
3553,39016,39289
3554,9673,9897
3555,2185,2396
3556,45100,45377
3557,14277,14502
3558,55620,55734
3559,51438,51539
3560,15530,15755
3561,3799,4017
3562,28639,28878
3563,37308,37581
3564,29093,29332
3565,9812,10036
3566,56700,56815
3567,15956,16181
3568,27336,27575
3569,46909,47194
3570,27787,28026
3571,10499,10723
3572,31810,32052
3573,3104,3319
3574,6747,6968
3575,31561,31802
3576,11849,12073
3577,55190,55303
3578,5329,5550
3579,25132,25370
3580,19896,20129
3581,49379,49459
3582,46600,46883
3583,46601,46884
3584,51986,52091
3585,52020,52125
3586,17139,17368
3587,30773,31012
3588,49798,49878
3589,7297,7519
3590,44700,44977
3591,56581,56696
3592,50565,50665
3593,36935,37207
3594,35899,36165
3595,11439,11663
3596,1356,1567
3597,53425,53534
3598,17328,17557
3599,6176,6397
3600,50162,50261
3601,4424,4645
3602,18419,18649
3603,28128,28367
3604,16501,16726
3605,8627,8849
3606,54657,54768
3607,56440,56555
3608,54578,54689
3609,52043,52148
3610,21309,21544
3611,49078,49157
3612,44702,44979
3613,50613,50713
3614,19581,19813
3615,10971,11195
3616,2646,2860
3617,4744,4965
3618,16386,16611
3619,31249,31490
3620,22464,22700
3621,26626,26865
3622,17122,17351
3623,11233,11457
3624,11145,11369
3625,880,1090
3626,9582,9806
3627,22860,23097
3628,18407,18637
3629,20773,21008
3630,13326,13550
3631,43636,43913
3632,52477,52584
3633,41995,42271
3634,30438,30677
3635,13594,13818
3636,29749,29988
3637,22171,22407
3638,25048,25285
3639,56875,56990
3640,43567,43844
3641,35773,36038
3642,5124,5345
3643,14844,15069
3644,38360,38633
3645,5271,5492
3646,15495,15720
3647,3179,3395
3648,27597,27836
3649,39466,39739
3650,18459,18689
3651,42338,42614
3652,21938,22174
3653,28048,28287
3654,50144,50243
3655,30855,31094
3656,39900,40174
3657,23444,23681
3658,30029,30268
3659,38022,38295
3660,34975,35237
3661,16917,17144
3662,37878,38151
3663,49474,49554
3664,5372,5593
3665,53051,53158
3666,27558,27797
3667,28867,29106
3668,39533,39807
3669,32675,32918
3670,5951,6172
3671,42048,42324
3672,34474,34724
3673,2784,2998
3674,28534,28773
3675,5811,6032
3676,41148,41424
3677,10171,10395
3678,24929,25166
3679,24148,24385
3680,27412,27651
3681,41307,41583
3682,65,273
3683,16355,16580
3684,18146,18376
3685,16557,16782
3686,2079,2290
3687,32659,32902
3688,7440,7662
3689,52725,52832
3690,43308,43585
3691,38616,38889
3692,29422,29661
3693,36073,36344
3694,41601,41877
3695,22837,23074
3696,25190,25428
3697,47272,47557
3698,51005,51106
3699,32249,32492
3700,38247,38520
3701,19066,19297
3702,7276,7498
3703,9735,9959
3704,37317,37590
3705,31109,31349
3706,17246,17475
3707,23499,23736
3708,3712,3930
3709,42244,42520
3710,30466,30705
3711,21305,21540
3712,34987,35249
3713,44349,44626
3714,41317,41593
3715,7336,7558
3716,27149,27388
3717,24081,24318
3718,8650,8872
3719,29890,30129
3720,48286,48365
3721,12838,13062
3722,17677,17906
3723,682,892
3724,20073,20306
3725,47271,47556
3726,38277,38550
3727,31681,31922
3728,38888,39161
3729,7400,7622
3730,2811,3025
3731,20642,20877
3732,39564,39838
3733,4379,4600
3734,20585,20820
3735,21102,21337
3736,44384,44661
3737,34158,34408
3738,14141,14366
3739,11240,11464
3740,36470,36742
3741,18435,18665
3742,17080,17309
3743,39981,40255
3744,22193,22429
3745,23813,24050
3746,2510,2724
3747,38700,38973
3748,13389,13613
3749,43260,43537
3750,14697,14922
3751,46494,46777
3752,35437,35700
3753,46130,46411
3754,32950,33193
3755,38988,39261
3756,29159,29398
3757,26656,26895
3758,47573,47858
3759,9094,9317
3760,17823,18052
3761,4695,4916
3762,24508,24745
3763,5750,5971
3764,19509,19740
3765,24544,24781
3766,10818,11042
3767,955,1165
3768,13061,13285
3769,28845,29084
3770,34098,34348
3771,33771,34018
3772,49702,49782
3773,36186,36457
3774,47891,47969
3775,49583,49663
3776,23411,23648
3777,5718,5939
3778,52233,52339
3779,6524,6745
3780,1910,2121
3781,21432,21668
3782,49503,49583
3783,28423,28662
3784,4220,4441
3785,38074,38347
3786,15899,16124
3787,44187,44464
3788,3358,3574
3789,11802,12026
3790,25978,26217
3791,23960,24197
3792,20643,20878
3793,53434,53543
3794,12487,12711
3795,32905,33148
3796,32224,32467
3797,33523,33769
3798,9937,10161
3799,279,487
3800,22284,22520
3801,55095,55208
3802,9656,9880
3803,33835,34082
3804,2590,2804
3805,56966,57081
3806,54832,54943
3807,52315,52421
3808,36646,36918
3809,51435,51536
3810,28947,29186
3811,10848,11072
3812,36849,37121
3813,44339,44616
3814,17719,17948
3815,31155,31395
3816,47476,47761
3817,16297,16522
3818,25203,25441
3819,39459,39732
3820,47616,47901
3821,55298,55411
3822,11253,11477
3823,41425,41701
3824,32991,33234
3825,1380,1591
3826,35792,36057
3827,7869,8091
3828,42531,42807
3829,56178,56292
3830,29966,30205
3831,49421,49501
3832,56438,56553
3833,4130,4351
3834,13698,13922
3835,38922,39195
3836,31013,31253
3837,38731,39004
3838,50832,50933
3839,49554,49634
3840,36720,36992
3841,43675,43952
3842,6338,6559
3843,36536,36808
3844,18915,19146
3845,20059,20292
3846,26599,26838
3847,40949,41225
3848,2223,2435
3849,6080,6301
3850,26513,26752
3851,7159,7381
3852,41647,41923
3853,3053,3268
3854,10333,10557
3855,33519,33765
3856,41697,41973
3857,26715,26954
3858,37753,38026
3859,10642,10866
3860,27804,28043
3861,20959,21194
3862,24833,25070
3863,45872,46151
3864,3007,3222
3865,48931,49010
3866,39351,39624
3867,34383,34633
3868,23465,23702
3869,971,1181
3870,17329,17558
3871,17132,17361
3872,36306,36578
3873,48461,48540
3874,18373,18603
3875,32430,32673
3876,11468,11692
3877,35847,36113
3878,14491,14716
3879,9885,10109
3880,37051,37323
3881,1098,1308
3882,25797,26035
3883,47179,47464
3884,29756,29995
3885,21819,22055
3886,32573,32816
3887,1080,1290
3888,42066,42342
3889,49323,49403
3890,47185,47470
3891,8119,8341
3892,49850,49945
3893,7727,7949
3894,43013,43290
3895,41855,42131
3896,17930,18159
3897,31800,32042
3898,11327,11551
3899,45393,45671
3900,51708,51811
3901,55624,55738
3902,43843,44120
3903,34094,34344
3904,47873,47951
3905,26036,26275
3906,46982,47267
3907,20737,20972
3908,9358,9581
3909,16623,16848
3910,39151,39424
3911,17893,18122
3912,55936,56050
3913,31703,31944
3914,43658,43935
3915,53142,53249
3916,54890,55001
3917,20381,20614
3918,41992,42268
3919,5656,5877
3920,36585,36857
3921,9283,9506
3922,26618,26857
3923,41341,41617
3924,9308,9531
3925,21285,21520
3926,42680,42957
3927,52796,52903
3928,14646,14871
3929,18537,18767
3930,3323,3539
3931,24769,25006
3932,28690,28929
3933,31507,31748
3934,49789,49869
3935,53289,53396
3936,4911,5132
3937,11354,11578
3938,24665,24902
3939,10881,11105
3940,36342,36614
3941,56703,56818
3942,40912,41187
3943,23934,24171
3944,13021,13245
3945,32213,32456
3946,30319,30558
3947,36844,37116
3948,36042,36313
3949,11268,11492
3950,34257,34507
3951,33858,34105
3952,55367,55481
3953,29438,29677
3954,2581,2795
3955,22824,23061
3956,10456,10680
3957,51601,51704
3958,44438,44715
3959,44210,44487
3960,23320,23557
3961,53675,53785
3962,15625,15850
3963,7322,7544
3964,54169,54280
3965,17418,17647
3966,38024,38297
3967,26481,26720
3968,44887,45164
3969,41389,41665
3970,34312,34562
3971,42959,43236
3972,33938,34185
3973,16731,16958
3974,39259,39532
3975,35506,35769
3976,14397,14622
3977,22020,22256
3978,52567,52674
3979,45645,45924
3980,42678,42955
3981,20065,20298
3982,39854,40128
3983,47639,32
3984,53959,54070
3985,46547,46830
3986,31037,31277
3987,31300,31541
3988,28669,28908
3989,16402,16627
3990,8287,8509
3991,37410,37683
3992,34677,34934
3993,32856,33099
3994,8103,8325
3995,9912,10136
3996,25105,25343
3997,48158,48237
3998,53805,53915
3999,7552,7774
4000,38870,39143
4001,6616,6837
4002,15542,15767
4003,24876,25113
4004,42025,42301
4005,2188,2399
4006,21251,21486
4007,7270,7492
4008,21836,22072
4009,40736,41011
4010,51558,51659
4011,50004,50102
4012,52889,52996
4013,46220,46501
4014,32117,32359
4015,8001,8223
4016,13870,14095
4017,17938,18167
4018,24635,24872
4019,42138,42414
4020,21939,22175
4021,16139,16364
4022,14066,14291
4023,24254,24491
4024,32109,32351
4025,45027,45304
4026,51276,51377
4027,39127,39400
4028,15275,15500
4029,6810,7031
4030,45594,45873
4031,15452,15677
4032,13416,13640
4033,2906,3120
4034,43404,43681
4035,54493,54604
4036,45402,45680
4037,33447,33693
4038,41896,42172
4039,45605,45884
4040,16726,16953
4041,44761,45038
4042,24755,24992
4043,46676,46960
4044,8513,8735
4045,610,819
4046,2092,2303
4047,48508,48587
4048,11987,12211
4049,562,771
4050,26432,26671
4051,47824,217
4052,36373,36645
4053,44743,45020
4054,39954,40228
4055,48490,48569
4056,55301,55414
4057,47566,47851
4058,32846,33089
4059,6977,7199
4060,12357,12581
4061,39378,39651
4062,24869,25106
4063,8631,8853
4064,18075,18305
4065,32067,32309
4066,54361,54472
4067,19598,19830
4068,15537,15762
4069,40985,41261
4070,24257,24494
4071,14155,14380
4072,28996,29235
4073,35608,35872
4074,34368,34618
4075,6486,6707
4076,29611,29850
4077,7930,8152
4078,19334,19565
4079,45735,46014
4080,34155,34405
4081,41790,42066
4082,44821,45098
4083,26984,27223
4084,31637,31878
4085,28871,29110
4086,6541,6762
4087,22486,22722
4088,26643,26882
4089,32697,32940
4090,36826,37098
4091,45705,45984
4092,10273,10497
4093,16882,17109
4094,45236,45514
4095,5762,5983
4096,23140,23377
4097,46113,46394
4098,31842,32084
4099,35159,35421
4100,21293,21528
4101,763,973
4102,51530,51631
4103,52485,52592
4104,45982,46263
4105,22063,22299
4106,36771,37043
4107,22362,22598
4108,4929,5150
4109,42092,42368
4110,14393,14618
4111,22763,23000
4112,44063,44340
4113,1076,1286
4114,4043,4261
4115,56322,56437
4116,10502,10726
4117,26025,26264
4118,52914,53021
4119,33542,33788
4120,45237,45515
4121,38795,39068
4122,16811,17038
4123,44987,45264
4124,56050,56164
4125,13283,13507
4126,35942,36208
4127,8167,8389
4128,50938,51039
4129,27678,27917
4130,3827,4045
4131,1525,1736
4132,9351,9574
4133,30977,31217
4134,41687,41963
4135,3586,3802
4136,9183,9406
4137,39458,39731
4138,25369,25607
4139,51447,51548
4140,51103,51204
4141,32182,32425
4142,11159,11383
4143,49522,49602
4144,4533,4754
4145,26979,27218
4146,46965,47250
4147,19967,20200
4148,32076,32318
4149,35256,35518
4150,2294,2506
4151,42000,42276
4152,49688,49768
4153,32793,33036
4154,11980,12204
4155,43222,43499
4156,16670,16897
4157,54818,54929
4158,48662,48741
4159,34570,34827
4160,33812,34059
4161,54165,54276
4162,13820,14045
4163,10202,10426
4164,4089,4310
4165,43301,43578
4166,20952,21187
4167,26311,26550
4168,30766,31005
4169,1709,1920
4170,38141,38414
4171,6782,7003
4172,25814,26052
4173,51799,51904
4174,4404,4625
4175,39520,39794
4176,28180,28419
4177,6557,6778
4178,51938,52043
4179,51948,52053
4180,27641,27880
4181,41234,41510
4182,48236,48315
4183,50727,50827
4184,24736,24973
4185,18439,18669
4186,33160,33406
4187,13575,13799
4188,29461,29700
4189,12700,12924
4190,49225,49305
4191,436,645
4192,26959,27198
4193,9387,9610
4194,56905,57020
4195,45307,45585
4196,21650,21886
4197,54045,54156
4198,37985,38258
4199,15681,15906
4200,41225,41501
4201,42523,42799
4202,24867,25104
4203,17190,17419
4204,53359,53467
4205,39791,40065
4206,56242,56356
4207,32306,32549
4208,56546,56661
4209,27458,27697
4210,15348,15573
4211,51070,51171
4212,28661,28900
4213,54057,54168
4214,5825,6046
4215,43398,43675
4216,37768,38041
4217,9428,9651
4218,20331,20564
4219,34301,34551
4220,4807,5028
4221,26079,26318
4222,9575,9799
4223,52188,52293
4224,23945,24182
4225,14498,14723
4226,3264,3480
4227,18182,18412
4228,47456,47741
4229,8144,8366
4230,5914,6135
4231,33025,33268
4232,15699,15924
4233,10582,10806
4234,13826,14051
4235,2652,2866
4236,52884,52991
4237,1451,1662
4238,18528,18758
4239,56371,56486
4240,22306,22542
4241,5126,5347
4242,36734,37006
4243,442,651
4244,20823,21058
4245,22143,22379
4246,56388,56503
4247,13839,14064
4248,9875,10099
4249,10312,10536
4250,29871,30110
4251,50897,50998
4252,9073,9296
4253,26562,26801
4254,19844,20077
4255,52632,52739
4256,3670,3887
4257,13833,14058
4258,10790,11014
4259,7731,7953
4260,32979,33222
4261,43110,43387
4262,42358,42634
4263,6114,6335
4264,14626,14851
4265,13927,14152
4266,14949,15174
4267,4369,4590
4268,43407,43684
4269,6519,6740
4270,10899,11123
4271,51403,51504
4272,55248,55361
4273,48071,48149
4274,32028,32270
4275,41235,41511
4276,46564,46847
4277,15614,15839
4278,52873,52980
4279,51064,51165
4280,25848,26086
4281,40791,41066
4282,24591,24828
4283,45247,45525
4284,10643,10867
4285,48454,48533
4286,14979,15204
4287,41527,41803
4288,39752,40026
4289,37972,38245
4290,45945,46224
4291,46093,46374
4292,27840,28079
4293,15560,15785
4294,29244,29483
4295,37397,37670
4296,18546,18776
4297,56013,56127
4298,25207,25445
4299,19965,20198
4300,41468,41744
4301,28532,28771
4302,45225,45503
4303,18465,18695
4304,31061,31301
4305,24383,24620
4306,11963,12187
4307,6300,6521
4308,53065,53172
4309,19528,19759
4310,27117,27356
4311,23159,23396
4312,42625,42902
4313,18023,18253
4314,23365,23602
4315,46144,46425
4316,22559,22795
4317,21486,21722
4318,8667,8889
4319,23046,23283
4320,45658,45937
4321,27090,27329
4322,50598,50698
4323,15468,15693
4324,9474,9697
4325,14862,15087
4326,1270,1481
4327,32773,33016
4328,36352,36624
4329,8731,8954
4330,27134,27373
4331,55499,55613
4332,21384,21620
4333,2643,2857
4334,2355,2567
4335,45831,46110
4336,43743,44020
4337,8430,8652
4338,10006,10230
4339,56101,56215
4340,47460,47745
4341,10599,10823
4342,37740,38013
4343,18686,18916
4344,49349,49429
4345,46707,46991
4346,40883,41158
4347,52767,52874
4348,42659,42936
4349,4950,5171
4350,4485,4706
4351,32214,32457
4352,17319,17548
4353,25316,25554
4354,16067,16292
4355,45183,45461
4356,9523,9747
4357,39706,39980
4358,15678,15903
4359,6837,7058
4360,38246,38519
4361,32304,32547
4362,12804,13028
4363,42718,42995
4364,8408,8630
4365,55797,55911
4366,39160,39433
4367,51625,51728
4368,22635,22872
4369,48599,48678
4370,26934,27173
4371,44763,45040
4372,11138,11362
4373,17532,17761
4374,30009,30248
4375,56542,56657
4376,16018,16243
4377,8511,8733
4378,20789,21024
4379,43809,44086
4380,37945,38218
4381,6917,7139
4382,5384,5605
4383,21795,22031
4384,9573,9797
4385,103,311
4386,15451,15676
4387,11576,11800
4388,4593,4814
4389,39982,40256
4390,52399,52506
4391,1649,1860
4392,22849,23086
4393,4434,4655
4394,13953,14178
4395,40218,40493
4396,22275,22511
4397,42781,43058
4398,23821,24058
4399,20769,21004
4400,56443,56558
4401,28100,28339
4402,4139,4360
4403,8874,9097
4404,35411,35674
4405,42561,42838
4406,37851,38124
4407,55712,55826
4408,34424,34674
4409,11730,11954
4410,23718,23955
4411,51572,51673
4412,17850,18079
4413,3808,4026
4414,47226,47511
4415,37883,38156
4416,20427,20660
4417,25402,25640
4418,30660,30899
4419,55646,55760
4420,482,691
4421,18699,18929
4422,1836,2047
4423,10547,10771
4424,55778,55892
4425,5485,5706
4426,50344,50444
4427,11622,11846
4428,555,764
4429,35576,35840
4430,21401,21637
4431,49429,49509
4432,6907,7128
4433,11861,12085
4434,50132,50231
4435,3222,3438
4436,56794,56909
4437,25016,25253
4438,51539,51640
4439,2904,3118
4440,53411,53520
4441,23129,23366
4442,52025,52130
4443,27613,27852
4444,41732,42008
4445,48697,48776
4446,46905,47190
4447,16627,16854
4448,31043,31283
4449,30533,30772
4450,8909,9132
4451,34043,34290
4452,40404,40679
4453,29265,29504
4454,53641,53751
4455,26321,26560
4456,11979,12203
4457,25778,26016
4458,48128,48207
4459,54446,54557
4460,19538,19769
4461,19349,19580
4462,19037,19268
4463,45158,45435
4464,10017,10241
4465,7800,8022
4466,47871,47949
4467,6996,7218
4468,24716,24953
4469,25750,25988
4470,28772,29011
4471,56908,57023
4472,12597,12821
4473,38728,39001
4474,55037,55150
4475,21457,21693
4476,2172,2383
4477,2878,3092
4478,9032,9255
4479,7626,7848
4480,24037,24274
4481,29917,30156
4482,39050,39323
4483,36923,37195
4484,2373,2585
4485,12988,13212
4486,11758,11982
4487,12344,12568
4488,51231,51332
4489,9305,9528
4490,3407,3623
4491,32227,32470
4492,27341,27580
4493,40760,41035
4494,24238,24475
4495,51400,51501
4496,53475,53584
4497,55338,55452
4498,8178,8400
4499,43383,43660
4500,27461,27700
4501,41442,41718
4502,5758,5979
4503,755,965
4504,2261,2473
4505,43918,44195
4506,29377,29616
4507,38001,38274
4508,49658,49738
4509,31897,32139
4510,22586,22823
4511,21607,21843
4512,13356,13580
4513,28822,29061
4514,41184,41460
4515,28796,29035
4516,50793,50894
4517,7708,7930
4518,5331,5552
4519,17349,17578
4520,17663,17892
4521,51655,51758
4522,47095,47380
4523,35714,35979
4524,44809,45086
4525,13376,13600
4526,55836,55950
4527,23114,23351
4528,16766,16993
4529,39524,39798
4530,3252,3468
4531,39137,39410
4532,20844,21079
4533,51850,51955
4534,3927,4145
4535,13700,13924
4536,37686,37959
4537,36561,36833
4538,26880,27119
4539,47359,47644
4540,16544,16769
4541,38407,38680
4542,5749,5970
4543,21903,22139
4544,53491,53600
4545,17180,17409
4546,25950,26189
4547,49452,49532
4548,32880,33123
4549,4074,4292
4550,45349,45627
4551,27477,27716
4552,37911,38184
4553,47541,47826
4554,40813,41088
4555,50945,51046
4556,1951,2162
4557,16933,17160
4558,49866,49962
4559,26482,26721
4560,39198,39471
4561,49314,49394
4562,53693,53803
4563,22667,22904
4564,30166,30405
4565,681,891
4566,43587,43864
4567,976,1186
4568,27359,27598
4569,52431,52538
4570,11581,11805
4571,31677,31918
4572,6731,6952
4573,27403,27642
4574,56628,56743
4575,8186,8408
4576,44448,44725
4577,35403,35666
4578,50707,50807
4579,11564,11788
4580,9357,9580
4581,46090,46371
4582,3706,3924
4583,37363,37636
4584,48307,48386
4585,13631,13855
4586,24888,25125
4587,25913,26152
4588,7012,7234
4589,15172,15397
4590,35641,35905
4591,22393,22629
4592,32535,32778
4593,2461,2674
4594,54508,54619
4595,42910,43187
4596,51129,51230
4597,51953,52058
4598,32252,32495
4599,31135,31375
4600,1920,2131
4601,8990,9213
4602,8188,8410
4603,11416,11640
4604,19052,19283
4605,10746,10970
4606,2877,3091
4607,22728,22965
4608,31481,31722
4609,47758,151
4610,37928,38201
4611,30586,30825
4612,55302,55415
4613,17867,18096
4614,16568,16793
4615,37683,37956
4616,55871,55985
4617,56121,56235
4618,46570,46853
4619,48208,48287
4620,9595,9819
4621,6816,7037
4622,19146,19377
4623,9907,10131
4624,29645,29884
4625,33795,34042
4626,6936,7158
4627,37214,37487
4628,51743,51847
4629,3704,3922
4630,39079,39352
4631,33863,34110
4632,46679,46963
4633,46236,46517
4634,26888,27127
4635,6273,6494
4636,1350,1561
4637,28362,28601
4638,39182,39455
4639,3064,3279
4640,14000,14225
4641,49416,49496
4642,42695,42972
4643,44530,44807
4644,48041,48119
4645,25154,25392
4646,52119,52224
4647,14121,14346
4648,5424,5645
4649,20025,20258
4650,23727,23964
4651,46855,47139
4652,9058,9281
4653,14205,14430
4654,23396,23633
4655,47337,47622
4656,51859,51964
4657,22587,22824
4658,23917,24154
4659,5513,5734
4660,50498,50598
4661,35521,35784
4662,6832,7053
4663,41022,41298
4664,5350,5571
4665,8376,8598
4666,5187,5408
4667,3911,4129
4668,41165,41441
4669,28054,28293
4670,11154,11378
4671,33316,33562
4672,55801,55915
4673,6525,6746
4674,12639,12863
4675,7447,7669
4676,38187,38460
4677,25452,25690
4678,8957,9180
4679,21586,21822
4680,14227,14452
4681,27077,27316
4682,8765,8988
4683,9375,9598
4684,10723,10947
4685,42100,42376
4686,39724,39998
4687,35690,35955
4688,44989,45266
4689,18287,18517
4690,17269,17498
4691,33884,34131
4692,40208,40483
4693,14142,14367
4694,26907,27146
4695,40867,41142
4696,35270,35532
4697,7755,7977
4698,14091,14316
4699,48881,48960
4700,37015,37287
4701,52759,52866
4702,49998,50095
4703,34024,34271
4704,30578,30817
4705,10731,10955
4706,38619,38892
4707,45988,46269
4708,53325,53433
4709,3370,3586
4710,23869,24106
4711,42225,42501
4712,13380,13604
4713,47796,189
4714,20253,20486
4715,1442,1653
4716,9758,9982
4717,13527,13751
4718,38642,38915
4719,31803,32045
4720,56730,56845
4721,25622,25860
4722,46455,46736
4723,18340,18570
4724,31025,31265
4725,31518,31759
4726,15249,15474
4727,38517,38790
4728,51226,51327
4729,44533,44810
4730,37989,38262
4731,36128,36399
4732,21522,21758
4733,8240,8462
4734,47205,47490
4735,38669,38942
4736,9122,9345
4737,6529,6750
4738,5086,5307
4739,21566,21802
4740,18406,18636
4741,47767,160
4742,26338,26577
4743,36386,36658
4744,37810,38083
4745,56465,56580
4746,34414,34664
4747,14761,14986
4748,42776,43053
4749,22669,22906
4750,25646,25884
4751,26014,26253
4752,45808,46087
4753,14909,15134
4754,1764,1975
4755,49781,49861
4756,54565,54676
4757,22782,23019
4758,27880,28119
4759,35946,36212
4760,323,531
4761,20672,20907
4762,17341,17570
4763,28594,28833
4764,48513,48592
4765,13686,13910
4766,37281,37554
4767,53012,53119
4768,51094,51195
4769,22018,22254
4770,11703,11927
4771,2619,2833
4772,25300,25538
4773,16398,16623
4774,51995,52100
4775,7654,7876
4776,34311,34561
4777,54109,54220
4778,25877,26116
4779,1957,2168
4780,52267,52373
4781,33590,33836
4782,56462,56577
4783,56472,56587
4784,48241,48320
4785,7334,7556
4786,20985,21220
4787,54275,54386
4788,42837,43114
4789,27195,27434
4790,17005,17234
4791,45246,45524
4792,4316,4537
4793,1762,1973
4794,39719,39993
4795,5807,6028
4796,12010,12234
4797,41126,41402
4798,10830,11054
4799,8352,8574
4800,24479,24716
4801,42654,42931
4802,53037,53144
4803,34988,35250
4804,33900,34147
4805,16057,16282
4806,48577,48656
4807,8870,9093
4808,19923,20156
4809,35276,35538
4810,11163,11387
4811,47887,47965
4812,34840,35097
4813,21710,21946
4814,26785,27024
4815,24451,24688
4816,13106,13330
4817,35953,36219
4818,36399,36671
4819,15162,15387
4820,27295,27534
4821,13144,13368
4822,35281,35543
4823,53101,53208
4824,12965,13189
4825,43377,43654
4826,6100,6321
4827,35131,35393
4828,29683,29922
4829,9856,10080
4830,19794,20027
4831,16658,16885
4832,35444,35707
4833,1313,1524
4834,53,261
4835,19963,20196
4836,27756,27995
4837,9945,10169
4838,55503,55617
4839,27379,27618
4840,45087,45364
4841,28501,28740
4842,29567,29806
4843,3517,3733
4844,10123,10347
4845,50963,51064
4846,33907,34154
4847,5418,5639
4848,33961,34208
4849,15176,15401
4850,52178,52283
4851,7679,7901
4852,51204,51305
4853,38886,39159
4854,32806,33049
4855,5208,5429
4856,8127,8349
4857,8833,9056
4858,49777,49857
4859,3968,4186
4860,6039,6260
4861,43032,43309
4862,51993,52098
4863,1289,1500
4864,35327,35589
4865,11027,11251
4866,48775,48854
4867,6421,6642
4868,14580,14805
4869,6451,6672
4870,29777,30016
4871,31182,31422
4872,14339,14564
4873,48409,48488
4874,21660,21896
4875,13063,13287
4876,11251,11475
4877,46355,46636
4878,24181,24418
4879,4641,4862
4880,10159,10383
4881,9106,9329
4882,49663,49743
4883,25342,25580
4884,54218,54329
4885,27450,27689
4886,27159,27398
4887,35625,35889
4888,39486,39759
4889,10222,10446
4890,6952,7174
4891,11702,11926
4892,53854,53965
4893,5444,5665
4894,45746,46025
4895,24360,24597
4896,18364,18594
4897,41540,41816
4898,44381,44658
4899,35257,35519
4900,45117,45394
4901,4778,4999
4902,42231,42507
4903,127,335
4904,8396,8618
4905,48367,48446
4906,52733,52840
4907,22025,22261
4908,23354,23591
4909,18617,18847
4910,33617,33863
4911,37884,38157
4912,17926,18155
4913,45215,45493
4914,46508,46791
4915,52213,52318
4916,27175,27414
4917,24920,25157
4918,35249,35511
4919,11420,11644
4920,49367,49447
4921,35439,35702
4922,48356,48435
4923,33205,33451
4924,14856,15081
4925,55137,55250
4926,52357,52464
4927,15098,15323
4928,6053,6274
4929,44278,44555
4930,52741,52848
4931,22570,22806
4932,41772,42048
4933,26896,27135
4934,26084,26323
4935,5050,5271
4936,17469,17698
4937,22425,22661
4938,50063,50161
4939,52734,52841
4940,52122,52227
4941,2791,3005
4942,38036,38309
4943,24550,24787
4944,45969,46250
4945,42914,43191
4946,32751,32994
4947,9180,9403
4948,42645,42922
4949,1402,1613
4950,44654,44931
4951,41285,41561
4952,7524,7746
4953,52797,52904
4954,47952,48030
4955,18034,18264
4956,46749,47033
4957,24740,24977
4958,6404,6625
4959,32614,32857
4960,44905,45182
4961,31840,32082
4962,4622,4843
4963,26335,26574
4964,10468,10692
4965,11520,11744
4966,52394,52501
4967,40887,41162
4968,1342,1553
4969,29122,29361
4970,21609,21845
4971,3689,3907
4972,31069,31309
4973,24530,24767
4974,28206,28445
4975,42504,42780
4976,55541,55655
4977,47562,47847
4978,54889,55000
4979,10514,10738
4980,32740,32983
4981,12918,13142
4982,53221,53328
4983,33018,33261
4984,30559,30798
4985,4520,4741
4986,2802,3016
4987,50998,51099
4988,39528,39802
4989,15312,15537
4990,23405,23642
4991,50493,50593
4992,53623,53733
4993,42280,42556
4994,42658,42935
4995,38238,38511
4996,55349,55463
4997,15754,15979
4998,50335,50435
4999,18045,18275
5000,17641,17870
5001,43846,44123
5002,26734,26973
5003,49793,49873
5004,20987,21222
5005,48752,48831
5006,2959,3174
5007,31496,31737
5008,46818,47102
5009,14140,14365
5010,30134,30373
5011,16288,16513
5012,15409,15634
5013,56603,56718
5014,52346,52453
5015,45807,46086
5016,33303,33549
5017,22862,23099
5018,29397,29636
5019,3970,4188
5020,15228,15453
5021,28776,29015
5022,10647,10871
5023,32625,32868
5024,25492,25730
5025,31134,31374
5026,35909,36175
5027,21562,21798
5028,34587,34844
5029,33655,33901
5030,227,435
5031,51960,52065
5032,23962,24199
5033,47811,204
5034,794,1004
5035,3120,3336
5036,20788,21023
5037,5670,5891
5038,17776,18005
5039,29769,30008
5040,44006,44283
5041,33277,33523
5042,56390,56505
5043,44893,45170
5044,827,1037
5045,23595,23832
5046,43789,44066
5047,36430,36702
5048,42692,42969
5049,53247,53354
5050,16724,16951
5051,9773,9997
5052,1955,2166
5053,26784,27023
5054,40271,40546
5055,10112,10336
5056,55830,55944
5057,46265,46546
5058,53345,53453
5059,12329,12553
5060,37038,37310
5061,56493,56608
5062,5721,5942
5063,19202,19433
5064,31932,32174
5065,53250,53357
5066,34847,35104
5067,38443,38716
5068,1815,2026
5069,1199,1409
5070,22619,22856
5071,28099,28338
5072,9640,9864
5073,40079,40353
5074,18519,18749
5075,23977,24214
5076,1269,1480
5077,10707,10931
5078,47745,138
5079,50735,50835
5080,24026,24263
5081,2520,2734
5082,50225,50325
5083,3967,4185
5084,3887,4105
5085,46438,46719
5086,9603,9827
5087,10287,10511
5088,19397,19628
5089,11932,12156
5090,36551,36823
5091,6293,6514
5092,51448,51549
5093,35738,36003
5094,49588,49668
5095,34284,34534
5096,1795,2006
5097,7513,7735
5098,6472,6693
5099,12658,12882
5100,54066,54177
5101,45141,45418
5102,18960,19191
5103,48731,48810
5104,31374,31615
5105,18431,18661
5106,19927,20160
5107,56635,56750
5108,27658,27897
5109,1394,1605
5110,1730,1941
5111,39346,39619
5112,18204,18434
5113,37424,37697
5114,2467,2680
5115,15010,15235
5116,52505,52612
5117,28447,28686
5118,23051,23288
5119,478,687
5120,23478,23715
5121,33369,33615
5122,12001,12225
5123,24189,24426
5124,40043,40317
5125,25896,26135
5126,45650,45929
5127,752,962
5128,16778,17005
5129,35790,36055
5130,29572,29811
5131,53085,53192
5132,53816,53927
5133,32329,32572
5134,34070,34317
5135,46337,46618
5136,20380,20613
5137,40258,40533
5138,11845,12069
5139,50888,50989
5140,39229,39502
5141,48107,48186
5142,31483,31724
5143,40126,40400
5144,53660,53770
5145,30826,31065
5146,1704,1915
5147,854,1064
5148,26973,27212
5149,2120,2331
5150,36341,36613
5151,38604,38877
5152,50573,50673
5153,11521,11745
5154,24277,24514
5155,34707,34964
5156,18314,18544
5157,20349,20582
5158,21947,22183
5159,28660,28899
5160,22522,22758
5161,25274,25512
5162,5855,6076
5163,30738,30977
5164,33050,33293
5165,48500,48579
5166,48581,48660
5167,13838,14063
5168,27640,27879
5169,2565,2779
5170,29236,29475
5171,39762,40036
5172,14548,14773
5173,23049,23286
5174,8976,9199
5175,9230,9453
5176,51015,51116
5177,26095,26334
5178,32030,32272
5179,2729,2943
5180,26761,27000
5181,50628,50728
5182,15514,15739
5183,52125,52230
5184,49366,49446
5185,51023,51124
5186,54104,54215
5187,31463,31704
5188,45878,46157
5189,41607,41883
5190,35502,35765
5191,7063,7285
5192,26041,26280
5193,18303,18533
5194,1572,1783
5195,26662,26901
5196,32603,32846
5197,47816,209
5198,5887,6108
5199,4625,4846
5200,51186,51287
5201,24803,25040
5202,53140,53247
5203,44137,44414
5204,18083,18313
5205,23872,24109
5206,35581,35845
5207,10571,10795
5208,9123,9346
5209,14337,14562
5210,38812,39085
5211,49576,49656
5212,13641,13865
5213,3491,3707
5214,53073,53180
5215,20802,21037
5216,5954,6175
5217,15216,15441
5218,31082,31322
5219,51699,51802
5220,47834,227
5221,11245,11469
5222,42307,42583
5223,28766,29005
5224,23888,24125
5225,44352,44629
5226,12756,12980
5227,51594,51696
5228,4406,4627
5229,24578,24815
5230,6082,6303
5231,11336,11560
5232,25495,25733
5233,21550,21786
5234,808,1018
5235,38353,38626
5236,7295,7517
5237,51969,52074
5238,30528,30767
5239,15773,15998
5240,34559,34816
5241,47157,47442
5242,44009,44286
5243,42040,42316
5244,12969,13193
5245,20417,20650
5246,23154,23391
5247,6588,6809
5248,31919,32161
5249,54624,54735
5250,27337,27576
5251,43974,44251
5252,48764,48843
5253,40978,41254
5254,8864,9087
5255,44792,45069
5256,33981,34228
5257,55967,56081
5258,26050,26289
5259,18442,18672
5260,33848,34095
5261,36498,36770
5262,23589,23826
5263,46229,46510
5264,41039,41315
5265,41554,41830
5266,40633,40908
5267,9999,10223
5268,19208,19439
5269,37474,37747
5270,20635,20870
5271,12171,12395
5272,51180,51281
5273,34134,34384
5274,47671,64
5275,3107,3322
5276,34544,34801
5277,8730,8953
5278,11559,11783
5279,21107,21342
5280,22354,22590
5281,28945,29184
5282,27262,27501
5283,23425,23662
5284,44275,44552
5285,37347,37620
5286,47595,47880
5287,11433,11657
5288,41069,41345
5289,42020,42296
5290,3819,4037
5291,56448,56563
5292,56261,56375
5293,46853,47137
5294,44575,44852
5295,56883,56998
5296,11694,11918
5297,1259,1470
5298,5667,5888
5299,56181,56295
5300,32642,32885
5301,53344,53452
5302,34941,35203
5303,24078,24315
5304,33919,34166
5305,31095,31335
5306,1207,1417
5307,39619,39893
5308,23616,23853
5309,6659,6880
5310,12299,12523
5311,20974,21209
5312,35570,35834
5313,44362,44639
5314,23539,23776
5315,12240,12464
5316,44301,44578
5317,6152,6373
5318,36215,36486
5319,33052,33295
5320,39548,39822
5321,42151,42427
5322,27629,27868
5323,23017,23254
5324,703,913
5325,6187,6408
5326,20527,20762
5327,8831,9054
5328,5534,5755
5329,31525,31766
5330,24519,24756
5331,52652,52759
5332,6116,6337
5333,17746,17975
5334,7251,7473
5335,35801,36066
5336,37532,37805
5337,53372,53481
5338,37114,37386
5339,51584,51686
5340,37052,37324
5341,52067,52172
5342,34861,35118
5343,45104,45381
5344,37616,37889
5345,2206,2418
5346,24102,24339
5347,28842,29081
5348,24488,24725
5349,21705,21941
5350,55144,55257
5351,23195,23432
5352,4037,4255
5353,49284,49364
5354,821,1031
5355,22514,22750
5356,51419,51520
5357,41408,41684
5358,33309,33555
5359,55253,55366
5360,2124,2335
5361,18653,18883
5362,18080,18310
5363,1693,1904
5364,16975,17202
5365,25205,25443
5366,23521,23758
5367,44178,44455
5368,53640,53750
5369,20999,21234
5370,38770,39043
5371,22850,23087
5372,40749,41024
5373,14247,14472
5374,1339,1550
5375,50231,50331
5376,41972,42248
5377,23498,23735
5378,53995,54106
5379,45140,45417
5380,21972,22208
5381,49940,50036
5382,14291,14516
5383,33881,34128
5384,6076,6297
5385,46145,46426
5386,48879,48958
5387,24630,24867
5388,22047,22283
5389,47504,47789
5390,27099,27338
5391,50114,50213
5392,29558,29797
5393,29986,30225
5394,24016,24253
5395,33652,33898
5396,56855,56970
5397,4538,4759
5398,39963,40237
5399,37085,37357
5400,45477,45756
5401,41433,41709
5402,22877,23114
5403,3339,3555
5404,26296,26535
5405,12053,12277
5406,50068,50166
5407,38805,39078
5408,3303,3519
5409,36124,36395
5410,36543,36815
5411,13046,13270
5412,37453,37726
5413,6121,6342
5414,18029,18259
5415,39547,39821
5416,30929,31168
5417,12896,13120
5418,47140,47425
5419,11546,11770
5420,16142,16367
5421,51570,51671
5422,21060,21295
5423,30744,30983
5424,56886,57001
5425,16409,16634
5426,14261,14486
5427,3273,3489
5428,46996,47281
5429,55714,55828
5430,45160,45437
5431,22542,22778
5432,43954,44231
5433,1681,1892
5434,35143,35405
5435,23991,24228
5436,721,931
5437,6212,6433
5438,656,866
5439,18255,18485
5440,53564,53674
5441,49245,49325
5442,41923,42199
5443,7026,7248
5444,16038,16263
5445,35510,35773
5446,35312,35574
5447,46538,46821
5448,44078,44355
5449,46490,46773
5450,48809,48888
5451,48678,48757
5452,24979,25216
5453,17991,18221
5454,12312,12536
5455,4947,5168
5456,41898,42174
5457,33678,33924
5458,30844,31083
5459,48108,48187
5460,954,1164
5461,9889,10113
5462,4300,4521
5463,17979,18209
5464,56717,56832
5465,51213,51314
5466,8778,9001
5467,29943,30182
5468,16079,16304
5469,49613,49693
5470,25629,25867
5471,3410,3626
5472,39196,39469
5473,49802,49882
5474,31538,31779
5475,41495,41771
5476,37662,37935
5477,36784,37056
5478,19061,19292
5479,48605,48684
5480,50615,50715
5481,33439,33685
5482,53022,53129
5483,37821,38094
5484,30527,30766
5485,28654,28893
5486,42321,42597
5487,46119,46400
5488,55508,55622
5489,16900,17127
5490,53578,53688
5491,782,992
5492,25471,25709
5493,50461,50561
5494,13882,14107
5495,2297,2509
5496,56429,56544
5497,51287,51388
5498,41672,41948
5499,45912,46191
5500,12908,13132
5501,28248,28487
5502,40111,40385
5503,4763,4984
5504,38481,38754
5505,37578,37851
5506,21447,21683
5507,35429,35692
5508,24756,24993
5509,5480,5701
5510,11535,11759
5511,47842,47920
5512,11151,11375
5513,53869,53980
5514,5574,5795
5515,38672,38945
5516,34614,34871
5517,4397,4618
5518,25953,26192
5519,12651,12875
5520,40078,40352
5521,47330,47615
5522,21255,21490
5523,30168,30407
5524,2849,3063
5525,13843,14068
5526,8681,8903
5527,41803,42079
5528,36968,37240
5529,28030,28269
5530,32964,33207
5531,29791,30030
5532,16698,16925
5533,7905,8127
5534,23887,24124
5535,54585,54696
5536,4514,4735
5537,47607,47892
5538,22131,22367
5539,54526,54637
5540,39402,39675
5541,32075,32317
5542,28830,29069
5543,37136,37408
5544,22357,22593
5545,43887,44164
5546,20590,20825
5547,53519,53628
5548,9683,9907
5549,14083,14308
5550,28080,28319
5551,4219,4440
5552,30772,31011
5553,48127,48206
5554,28953,29192
5555,38025,38298
5556,19662,19895
5557,53915,54026
5558,51834,51939
5559,42970,43247
5560,41423,41699
5561,55939,56053
5562,54435,54546
5563,21320,21555
5564,1045,1255
5565,54714,54825
5566,10517,10741
5567,53686,53796
5568,35894,36160
5569,40293,40568
5570,29351,29590
5571,21363,21599
5572,21480,21716
5573,22019,22255
5574,37186,37459
5575,52382,52489
5576,14819,15044
5577,6320,6541
5578,52601,52708
5579,23472,23709
5580,13174,13398
5581,40639,40914
5582,21454,21690
5583,7824,8046
5584,41886,42162
5585,17057,17286
5586,47654,47
5587,39120,39393
5588,46310,46591
5589,40515,40790
5590,28327,28566
5591,43250,43527
5592,49002,49081
5593,43861,44138
5594,6556,6777
5595,22452,22688
5596,43473,43750
5597,18125,18355
5598,9095,9318
5599,40242,40517
5600,10724,10948
5601,30242,30481
5602,36825,37097
5603,56127,56241
5604,44333,44610
5605,18981,19212
5606,28541,28780
5607,18212,18442
5608,54029,54140
5609,42240,42516
5610,27112,27351
5611,45869,46148
5612,49754,49834
5613,9913,10137
5614,41615,41891
5615,8413,8635
5616,40913,41188
5617,46852,47136
5618,20212,20445
5619,12060,12284
5620,13648,13872
5621,27282,27521
5622,56706,56821
5623,10144,10368
5624,45527,45806
5625,39411,39684
5626,7035,7257
5627,11676,11900
5628,49549,49629
5629,34402,34652
5630,54707,54818
5631,49524,49604
5632,34238,34488
5633,22870,23107
5634,23916,24153
5635,45540,45819
5636,40154,40428
5637,22311,22547
5638,25862,26101
5639,7339,7561
5640,42331,42607
5641,31887,32129
5642,50829,50930
5643,14712,14937
5644,16468,16693
5645,46501,46784
5646,22577,22813
5647,48942,49021
5648,52211,52316
5649,37416,37689
5650,12143,12367
5651,7561,7783
5652,55825,55939
5653,5411,5632
5654,19993,20226
5655,5043,5264
5656,7960,8182
5657,33417,33663
5658,20475,20710
5659,51105,51206
5660,6442,6663
5661,41841,42117
5662,8623,8845
5663,25940,26179
5664,29325,29564
5665,53436,53545
5666,26142,26381
5667,37197,37470
5668,49682,49762
5669,26159,26398
5670,42633,42910
5671,27463,27702
5672,41099,41375
5673,6647,6868
5674,17797,18026
5675,28323,28562
5676,32156,32398
5677,52289,52395
5678,54343,54454
5679,42810,43087
5680,17902,18131
5681,48218,48297
5682,20798,21033
5683,2960,3175
5684,52550,52657
5685,49792,49872
5686,48596,48675
5687,37804,38077
5688,44236,44513
5689,10314,10538
5690,30272,30511
5691,18684,18914
5692,41280,41556
5693,33970,34217
5694,1162,1372
5695,20976,21211
5696,30184,30423
5697,8075,8297
5698,15826,16051
5699,16486,16711
5700,4510,4731
5701,24613,24850
5702,48883,48962
5703,12646,12870
5704,32525,32768
5705,50359,50459
5706,14759,14984
5707,6887,7108
5708,12253,12477
5709,2649,2863
5710,34137,34387
5711,30591,30830
5712,8670,8892
5713,3527,3743
5714,49064,49143
5715,53547,53656
5716,32042,32284
5717,2986,3201
5718,54844,54955
5719,15227,15452
5720,10644,10868
5721,33989,34236
5722,41889,42165
5723,28159,28398
5724,54449,54560
5725,34630,34887
5726,45621,45900
5727,12390,12614
5728,48632,48711
5729,19770,20003
5730,14199,14424
5731,41250,41526
5732,42921,43198
5733,36625,36897
5734,36026,36297
5735,47258,47543
5736,13588,13812
5737,44308,44585
5738,46278,46559
5739,53495,53604
5740,28749,28988
5741,29131,29370
5742,44625,44902
5743,47994,48072
5744,8614,8836
5745,14016,14241
5746,28237,28476
5747,21602,21838
5748,14353,14578
5749,16832,17059
5750,33068,33311
5751,9555,9779
5752,13006,13230
5753,55576,55690
5754,23737,23974
5755,40446,40721
5756,1561,1772
5757,33137,33383
5758,55179,55292
5759,54072,54183
5760,7728,7950
5761,27556,27795
5762,24439,24676
5763,3951,4169
5764,51332,51433
5765,11554,11778
5766,54203,54314
5767,6184,6405
5768,43542,43819
5769,53365,53473
5770,21272,21507
5771,35993,36259
5772,56103,56217
5773,20549,20784
5774,6406,6627
5775,37606,37879
5776,33247,33493
5777,11119,11343
5778,9991,10215
5779,55361,55475
5780,9470,9693
5781,44736,45013
5782,24049,24286
5783,29775,30014
5784,9060,9283
5785,21868,22104
5786,6388,6609
5787,50212,50312
5788,50,258
5789,52130,52235
5790,9370,9593
5791,51290,51391
5792,28932,29171
5793,47503,47788
5794,14780,15005
5795,9147,9370
5796,42366,42642
5797,50011,50109
5798,46062,46343
5799,15807,16032
5800,27509,27748
5801,16877,17104
5802,47748,141
5803,8445,8667
5804,53949,54060
5805,7922,8144
5806,6025,6246
5807,43042,43319
5808,48568,48647
5809,31154,31394
5810,40345,40620
5811,47368,47653
5812,16535,16760
5813,49823,49903
5814,6384,6605
5815,19363,19594
5816,8825,9048
5817,55025,55138
5818,24095,24332
5819,1874,2085
5820,13742,13967
5821,22303,22539
5822,13385,13609
5823,90,298
5824,4671,4892
5825,55679,55793
5826,8522,8744
5827,38910,39183
5828,43597,43874
5829,36839,37111
5830,45045,45322
5831,1775,1986
5832,40052,40326
5833,39379,39652
5834,55682,55796
5835,29833,30072
5836,52644,52751
5837,43935,44212
5838,6263,6484
5839,26212,26451
5840,44459,44736
5841,35540,35803
5842,12869,13093
5843,27926,28165
5844,55853,55967
5845,50530,50630
5846,13431,13655
5847,11920,12144
5848,18612,18842
5849,20591,20826
5850,47465,47750
5851,50748,50848
5852,16654,16881
5853,29536,29775
5854,8875,9098
5855,30110,30349
5856,45567,45846
5857,40934,41209
5858,19130,19361
5859,20561,20796
5860,11940,12164
5861,31143,31383
5862,14352,14577
5863,56919,57034
5864,37462,37735
5865,21937,22173
5866,37582,37855
5867,52835,52942
5868,17264,17493
5869,36095,36366
5870,51580,51681
5871,27303,27542
5872,28560,28799
5873,30291,30530
5874,42652,42929
5875,41008,41284
5876,11496,11720
5877,2023,2234
5878,54951,55062
5879,669,879
5880,50552,50652
5881,26165,26404
5882,17838,18067
5883,8485,8707
5884,4378,4599
5885,20800,21035
5886,4704,4925
5887,46188,46469
5888,27030,27269
5889,13950,14175
5890,22551,22787
5891,36927,37199
5892,49046,49125
5893,55938,56052
5894,43233,43510
5895,4600,4821
5896,18795,19026
5897,1549,1760
5898,14999,15224
5899,34256,34506
5900,4247,4468
5901,2089,2300
5902,46128,46409
5903,33684,33930
5904,39903,40177
5905,56902,57017
5906,14897,15122
5907,47618,47903
5908,17990,18220
5909,22861,23098
5910,14562,14787
5911,33270,33516
5912,35940,36206
5913,47737,130
5914,4701,4922
5915,49048,49127
5916,7088,7310
5917,35488,35751
5918,14009,14234
5919,56724,56839
5920,22839,23076
5921,10546,10770
5922,18972,19203
5923,26968,27207
5924,39995,40269
5925,56522,56637
5926,37331,37604
5927,37253,37526
5928,50018,50116
5929,34197,34447
5930,44863,45140
5931,29258,29497
5932,39005,39278
5933,41510,41786
5934,10792,11016
5935,43170,43447
5936,55544,55658
5937,35591,35855
5938,36592,36864
5939,25098,25336
5940,11426,11650
5941,29584,29823
5942,5673,5894
5943,23110,23347
5944,41785,42061
5945,47509,47794
5946,1888,2099
5947,56208,56322
5948,11531,11755
5949,33864,34111
5950,18555,18785
5951,15920,16145
5952,2655,2869
5953,12178,12402
5954,30409,30648
5955,4024,4242
5956,19043,19274
5957,2750,2964
5958,7895,8117
5959,20796,21031
5960,48187,48266
5961,3394,3610
5962,19578,19810
5963,34446,34696
5964,1408,1619
5965,55728,55842
5966,1437,1648
5967,56616,56731
5968,18416,18646
5969,52291,52397
5970,2046,2257
5971,33521,33767
5972,47209,47494
5973,55151,55264
5974,18395,18625
5975,7122,7344
5976,30363,30602
5977,50546,50646
5978,15492,15717
5979,32451,32694
5980,51054,51155
5981,9040,9263
5982,14370,14595
5983,29314,29553
5984,31316,31557
5985,11509,11733
5986,17704,17933
5987,42702,42979
5988,1361,1572
5989,54876,54987
5990,16093,16318
5991,47285,47570
5992,36894,37166
5993,7748,7970
5994,10601,10825
5995,40327,40602
5996,13785,14010
5997,52103,52208
5998,54548,54659
5999,27539,27778
6000,32317,32560
6001,37137,37409
6002,35928,36194
6003,342,551
6004,11367,11591
6005,14300,14525
6006,36582,36854
6007,13002,13226
6008,32420,32663
6009,49017,49096
6010,20810,21045
6011,22024,22260
6012,43653,43930
6013,3261,3477
6014,32733,32976
6015,10624,10848
6016,56309,56424
6017,20813,21048
6018,14085,14310
6019,14399,14624
6020,54686,54797
6021,46223,46504
6022,52204,52309
6023,48465,48544
6024,41802,42078
6025,17890,18119
6026,4869,5090
6027,7531,7753
6028,48644,48723
6029,42165,42441
6030,44555,44832
6031,55738,55852
6032,31779,32021
6033,32834,33077
6034,9154,9377
6035,15857,16082
6036,29815,30054
6037,54337,54448
6038,33021,33264
6039,49250,49330
6040,52093,52198
6041,39250,39523
6042,49223,49303
6043,32673,32916
6044,6970,7192
6045,29770,30009
6046,34052,34299
6047,21243,21478
6048,9186,9409
6049,44037,44314
6050,16247,16472
6051,51355,51456
6052,52715,52822
6053,37203,37476
6054,24336,24573
6055,49153,49233
6056,5852,6073
6057,39098,39371
6058,37420,37693
6059,14787,15012
6060,25689,25927
6061,24384,24621
6062,31817,32059
6063,6032,6253
6064,55718,55832
6065,25109,25347
6066,24312,24549
6067,27523,27762
6068,12161,12385
6069,33595,33841
6070,48014,48092
6071,1901,2112
6072,30094,30333
6073,18717,18947
6074,1944,2155
6075,35995,36261
6076,54389,54500
6077,9028,9251
6078,48456,48535
6079,33759,34006
6080,36809,37081
6081,6759,6980
6082,17591,17820
6083,56980,57095
6084,16904,17131
6085,48358,48437
6086,20576,20811
6087,5706,5927
6088,14719,14944
6089,14728,14953
6090,14208,14433
6091,21448,21684
6092,5396,5617
6093,17533,17762
6094,9612,9836
6095,23386,23623
6096,3348,3564
6097,27974,28213
6098,33299,33545
6099,49626,49706
6100,27132,27371
6101,8090,8312
6102,8467,8689
6103,48560,48639
6104,26883,27122
6105,47245,47530
6106,52352,52459
6107,14597,14822
6108,31227,31468
6109,30843,31082
6110,3493,3709
6111,43033,43310
6112,36048,36319
6113,9584,9808
6114,32119,32361
6115,44656,44933
6116,50363,50463
6117,41928,42204
6118,36587,36859
6119,33808,34055
6120,6811,7032
6121,40330,40605
6122,55558,55672
6123,23193,23430
6124,43768,44045
6125,14867,15092
6126,49053,49132
6127,8584,8806
6128,18755,18985
6129,4663,4884
6130,31440,31681
6131,28436,28675
6132,10817,11041
6133,11074,11298
6134,56955,57070
6135,11471,11695
6136,3089,3304
6137,31532,31773
6138,35906,36172
6139,34010,34257
6140,20752,20987
6141,41514,41790
6142,20363,20596
6143,16803,17030
6144,47564,47849
6145,21528,21764
6146,51003,51104
6147,33926,34173
6148,28693,28932
6149,34504,34761
6150,32145,32387
6151,14679,14904
6152,37766,38039
6153,301,509
6154,20198,20431
6155,12912,13136
6156,19244,19475
6157,43847,44124
6158,5151,5372
6159,41295,41571
6160,56133,56247
6161,51436,51537
6162,55066,55179
6163,20344,20577
6164,45938,46217
6165,26197,26436
6166,49033,49112
6167,14308,14533
6168,4266,4487
6169,39605,39879
6170,52174,52279
6171,55283,55396
6172,44968,45245
6173,15052,15277
6174,32312,32555
6175,43062,43339
6176,1839,2050
6177,3857,4075
6178,48168,48247
6179,22158,22394
6180,19256,19487
6181,4560,4781
6182,10902,11126
6183,11456,11680
6184,11734,11958
6185,18770,19000
6186,51372,51473
6187,50548,50648
6188,46061,46342
6189,48476,48555
6190,36638,36910
6191,42333,42609
6192,22179,22415
6193,8388,8610
6194,18226,18456
6195,22739,22976
6196,38047,38320
6197,30807,31046
6198,11414,11638
6199,4936,5157
6200,14956,15181
6201,38149,38422
6202,53403,53512
6203,31263,31504
6204,2259,2471
6205,45689,45968
6206,25347,25585
6207,29291,29530
6208,34371,34621
6209,38052,38325
6210,50105,50204
6211,30379,30618
6212,13154,13378
6213,41809,42085
6214,5049,5270
6215,9090,9313
6216,29529,29768
6217,29071,29310
6218,30140,30379
6219,11929,12153
6220,27860,28099
6221,22681,22918
6222,1757,1968
6223,39782,40056
6224,54917,55028
6225,1353,1564
6226,26664,26903
6227,32558,32801
6228,40135,40409
6229,45428,45706
6230,51794,51899
6231,34273,34523
6232,41499,41775
6233,29933,30172
6234,17362,17591
6235,34053,34300
6236,41351,41627
6237,55511,55625
6238,11440,11664
6239,2689,2903
6240,25822,26060
6241,10203,10427
6242,42608,42885
6243,20260,20493
6244,51538,51639
6245,27334,27573
6246,26674,26913
6247,28332,28571
6248,54346,54457
6249,32450,32693
6250,7087,7309
6251,14010,14235
6252,21441,21677
6253,56025,56139
6254,26514,26753
6255,9272,9495
6256,42815,43092
6257,31956,32198
6258,44097,44374
6259,1853,2064
6260,10913,11137
6261,50303,50403
6262,43697,43974
6263,2543,2757
6264,53006,53113
6265,53836,53947
6266,6049,6270
6267,40109,40383
6268,3656,3873
6269,45820,46099
6270,8563,8785
6271,51234,51335
6272,12137,12361
6273,41104,41380
6274,7431,7653
6275,5564,5785
6276,8692,8914
6277,31857,32099
6278,38139,38412
6279,35225,35487
6280,45834,46113
6281,55599,55713
6282,46561,46844
6283,55661,55775
6284,21033,21268
6285,31568,31809
6286,21227,21462
6287,55121,55234
6288,28721,28960
6289,43047,43324
6290,43211,43488
6291,24589,24826
6292,37697,37970
6293,4683,4904
6294,50730,50830
6295,8953,9176
6296,48011,48089
6297,25494,25732
6298,1522,1733
6299,8492,8714
6300,30230,30469
6301,21290,21525
6302,52008,52113
6303,20243,20476
6304,37948,38221
6305,4159,4380
6306,10769,10993
6307,21837,22073
6308,22203,22439
6309,24918,25155
6310,28927,29166
6311,50527,50627
6312,35101,35363
6313,28439,28678
6314,46910,47195
6315,12512,12736
6316,6829,7050
6317,54139,54250
6318,15726,15951
6319,29387,29626
6320,3640,3857
6321,6900,7121
6322,36210,36481
6323,52537,52644
6324,9618,9842
6325,49538,49618
6326,44240,44517
6327,54205,54316
6328,5594,5815
6329,54941,55052
6330,16062,16287
6331,49689,49769
6332,8159,8381
6333,44524,44801
6334,19623,19855
6335,27553,27792
6336,53469,53578
6337,42098,42374
6338,53044,53151
6339,4573,4794
6340,19159,19390
6341,40854,41129
6342,38326,38599
6343,54102,54213
6344,19267,19498
6345,48569,48648
6346,21298,21533
6347,31400,31641
6348,13907,14132
6349,12148,12372
6350,38740,39013
6351,20041,20274
6352,38448,38721
6353,31874,32116
6354,45059,45336
6355,8973,9196
6356,22436,22672
6357,16481,16706
6358,13320,13544
6359,48402,48481
6360,46362,46643
6361,25849,26087
6362,30077,30316
6363,29096,29335
6364,4430,4651
6365,5902,6123
6366,895,1105
6367,34412,34662
6368,54141,54252
6369,4321,4542
6370,21202,21437
6371,14269,14494
6372,12450,12674
6373,42134,42410
6374,36281,36552
6375,44802,45079
6376,35441,35704
6377,34955,35217
6378,48720,48799
6379,29045,29284
6380,53714,53824
6381,18310,18540
6382,10407,10631
6383,358,567
6384,33875,34122
6385,46067,46348
6386,53412,53521
6387,30248,30487
6388,26386,26625
6389,41073,41349
6390,20403,20636
6391,55498,55612
6392,24527,24764
6393,1410,1621
6394,17244,17473
6395,16461,16686
6396,48443,48522
6397,5078,5299
6398,20486,20721
6399,35755,36020
6400,53371,53480
6401,9963,10187
6402,38409,38682
6403,4958,5179
6404,23299,23536
6405,36994,37266
6406,10103,10327
6407,31294,31535
6408,16505,16730
6409,26552,26791
6410,42648,42925
6411,44139,44416
6412,3170,3386
6413,17263,17492
6414,24385,24622
6415,21217,21452
6416,29803,30042
6417,55484,55598
6418,52521,52628
6419,54110,54221
6420,46056,46337
6421,27455,27694
6422,29938,30177
6423,15196,15421
6424,42476,42752
6425,26923,27162
6426,5885,6106
6427,1743,1954
6428,20897,21132
6429,25188,25426
6430,54207,54318
6431,43803,44080
6432,41961,42237
6433,13879,14104
6434,46275,46556
6435,34963,35225
6436,46239,46520
6437,42772,43049
6438,21898,22134
6439,484,693
6440,54609,54720
6441,22155,22391
6442,11073,11297
6443,8980,9203
6444,2552,2766
6445,11224,11448
6446,21526,21762
6447,45520,45799
6448,5935,6156
6449,32000,32242
6450,23300,23537
6451,9209,9432
6452,48376,48455
6453,20119,20352
6454,26334,26573
6455,24812,25049
6456,15646,15871
6457,16597,16822
6458,44659,44936
6459,35043,35305
6460,55345,55459
6461,54937,55048
6462,21677,21913
6463,21045,21280
6464,32707,32950
6465,53774,53884
6466,40888,41163
6467,17155,17384
6468,32512,32755
6469,45728,46007
6470,35268,35530
6471,11396,11620
6472,19261,19492
6473,1008,1218
6474,10917,11141
6475,24164,24401
6476,21544,21780
6477,36479,36751
6478,29696,29935
6479,54198,54309
6480,49594,49674
6481,12096,12320
6482,986,1196
6483,28257,28496
6484,43159,43436
6485,1111,1321
6486,4860,5081
6487,9365,9588
6488,4921,5142
6489,35718,35983
6490,6336,6557
6491,20535,20770
6492,6027,6248
6493,40789,41064
6494,19193,19424
6495,32238,32481
6496,18093,18323
6497,35196,35458
6498,4412,4633
6499,40944,41219
6500,18822,19053
6501,52885,52992
6502,47234,47519
6503,41173,41449
6504,37224,37497
6505,16116,16341
6506,23400,23637
6507,31884,32126
6508,26781,27020
6509,21470,21706
6510,11951,12175
6511,11234,11458
6512,45367,45645
6513,37731,38004
6514,48512,48591
6515,6947,7169
6516,45796,46075
6517,54836,54947
6518,3228,3444
6519,36321,36593
6520,17001,17228
6521,13105,13329
6522,56551,56666
6523,16127,16352
6524,9269,9492
6525,40482,40757
6526,56868,56983
6527,34126,34376
6528,8177,8399
6529,883,1093
6530,19699,19932
6531,21469,21705
6532,11995,12219
6533,4948,5169
6534,49288,49368
6535,6855,7076
6536,41623,41899
6537,17511,17740
6538,13335,13559
6539,34993,35255
6540,18904,19135
6541,11130,11354
6542,24967,25204
6543,20395,20628
6544,22825,23062
6545,14846,15071
6546,25390,25628
6547,4257,4478
6548,48825,48904
6549,33274,33520
6550,29896,30135
6551,14432,14657
6552,39478,39751
6553,16100,16325
6554,31927,32169
6555,42880,43157
6556,37701,37974
6557,33541,33787
6558,3158,3374
6559,55034,55147
6560,52207,52312
6561,32887,33130
6562,26566,26805
6563,44044,44321
6564,29900,30139
6565,37297,37570
6566,50939,51040
6567,52189,52294
6568,37648,37921
6569,44094,44371
6570,38281,38554
6571,1239,1449
6572,54973,55084
6573,29419,29658
6574,39792,40066
6575,49972,50068
6576,38488,38761
6577,15193,15418
6578,17959,18189
6579,17607,17836
6580,35220,35482
6581,45641,45920
6582,55016,55129
6583,54246,54357
6584,52063,52168
6585,12702,12926
6586,43736,44013
6587,50965,51066
6588,50789,50890
6589,39759,40033
6590,4916,5137
6591,34432,34682
6592,20259,20492
6593,37355,37628
6594,10037,10261
6595,18461,18691
6596,50078,50176
6597,34133,34383
6598,34715,34972
6599,15067,15292
6600,8482,8704
6601,255,463
6602,11999,12223
6603,4,5
6604,32742,32985
6605,7865,8087
6606,36465,36737
6607,48742,48821
6608,54095,54206
6609,45462,45741
6610,34101,34351
6611,46906,47191
6612,50515,50615
6613,23897,24134
6614,16934,17161
6615,36192,36463
6616,42938,43215
6617,4311,4532
6618,4832,5053
6619,15587,15812
6620,5407,5628
6621,547,756
6622,48336,48415
6623,37399,37672
6624,33041,33284
6625,14106,14331
6626,30021,30260
6627,53339,53447
6628,12094,12318
6629,35170,35432
6630,9980,10204
6631,5273,5494
6632,6992,7214
6633,54945,55056
6634,20911,21146
6635,40857,41132
6636,32198,32441
6637,52384,52491
6638,47678,71
6639,34011,34258
6640,18298,18528
6641,2734,2948
6642,49483,49563
6643,11868,12092
6644,45947,46226
6645,43025,43302
6646,5347,5568
6647,31546,31787
6648,11135,11359
6649,33698,33944
6650,38660,38933
6651,32120,32362
6652,53441,53550
6653,43038,43315
6654,44707,44984
6655,23902,24139
6656,41742,42018
6657,27604,27843
6658,37642,37915
6659,8066,8288
6660,8199,8421
6661,38990,39263
6662,50719,50819
6663,7543,7765
6664,8510,8732
6665,47577,47862
6666,37262,37535
6667,16144,16369
6668,52124,52229
6669,55985,56099
6670,19300,19531
6671,3978,4196
6672,43585,43862
6673,26102,26341
6674,46754,47038
6675,29153,29392
6676,53390,53499
6677,10454,10678
6678,22700,22937
6679,21598,21834
6680,44698,44975
6681,7631,7853
6682,18325,18555
6683,19755,19988
6684,29995,30234
6685,33389,33635
6686,49507,49587
6687,20096,20329
6688,30543,30782
6689,8137,8359
6690,5830,6051
6691,28187,28426
6692,48280,48359
6693,9553,9777
6694,17193,17422
6695,47689,82
6696,29049,29288
6697,36795,37067
6698,5039,5260
6699,16736,16963
6700,14273,14498
6701,56274,56388
6702,21744,21980
6703,46713,46997
6704,56534,56649
6705,9606,9830
6706,7364,7586
6707,32273,32516
6708,12688,12912
6709,3475,3691
6710,37286,37559
6711,13414,13638
6712,16259,16484
6713,31717,31958
6714,18151,18381
6715,39099,39372
6716,50339,50439
6717,15903,16128
6718,6689,6910
6719,14096,14321
6720,47649,42
6721,22935,23172
6722,32427,32670
6723,20616,20851
6724,43996,44273
6725,51739,51843
6726,56187,56301
6727,53730,53840
6728,33284,33530
6729,9661,9885
6730,51417,51518
6731,22952,23189
6732,30695,30934
6733,5217,5438
6734,49206,49286
6735,23726,23963
6736,38903,39176
6737,25231,25469
6738,37094,37366
6739,27084,27323
6740,2011,2222
6741,50929,51030
6742,10552,10776
6743,27314,27553
6744,26767,27006
6745,53105,53212
6746,22380,22616
6747,26870,27109
6748,22113,22349
6749,35029,35291
6750,34244,34494
6751,5532,5753
6752,48077,48155
6753,17745,17974
6754,17163,17392
6755,32357,32600
6756,38804,39077
6757,15716,15941
6758,47150,47435
6759,48414,48493
6760,30147,30386
6761,7404,7626
6762,31673,31914
6763,15123,15348
6764,53914,54025
6765,1226,1436
6766,21516,21752
6767,55731,55845
6768,56560,56675
6769,28886,29125
6770,10906,11130
6771,30671,30910
6772,34099,34349
6773,14973,15198
6774,8265,8487
6775,47102,47387
6776,47394,47679
6777,4972,5193
6778,13829,14054
6779,31427,31668
6780,43402,43679
6781,25396,25634
6782,51470,51571
6783,33252,33498
6784,25772,26010
6785,43914,44191
6786,49733,49813
6787,28368,28607
6788,33328,33574
6789,25085,25323
6790,4657,4878
6791,14342,14567
6792,13874,14099
6793,40775,41050
6794,39723,39997
6795,33188,33434
6796,33397,33643
6797,54507,54618
6798,14643,14868
6799,16582,16807
6800,7357,7579
6801,41047,41323
6802,53313,53421
6803,37812,38085
6804,38499,38772
6805,49685,49765
6806,20868,21103
6807,37507,37780
6808,15304,15529
6809,54253,54364
6810,13253,13477
6811,26932,27171
6812,8844,9067
6813,35038,35300
6814,21142,21377
6815,7572,7794
6816,52418,52525
6817,39373,39646
6818,35788,36053
6819,37527,37800
6820,40020,40294
6821,14474,14699
6822,36257,36528
6823,19063,19294
6824,38319,38592
6825,51318,51419
6826,35226,35488
6827,55254,55367
6828,8427,8649
6829,49566,49646
6830,51269,51370
6831,53400,53509
6832,24671,24908
6833,21116,21351
6834,38199,38472
6835,36847,37119
6836,22029,22265
6837,10657,10881
6838,23734,23971
6839,27238,27477
6840,53033,53140
6841,25695,25933
6842,27274,27513
6843,5744,5965
6844,30522,30761
6845,37362,37635
6846,38717,38990
6847,45549,45828
6848,19674,19907
6849,45179,45457
6850,47506,47791
6851,22094,22330
6852,52038,52143
6853,23243,23480
6854,22106,22342
6855,54671,54782
6856,27589,27828
6857,30644,30883
6858,13498,13722
6859,29440,29679
6860,1158,1368
6861,4587,4808
6862,19749,19982
6863,45766,46045
6864,22830,23067
6865,30276,30515
6866,52096,52201
6867,54181,54292
6868,41411,41687
6869,24615,24852
6870,52031,52136
6871,23239,23476
6872,25482,25720
6873,53988,54099
6874,44033,44310
6875,56588,56703
6876,651,861
6877,10879,11103
6878,10691,10915
6879,44776,45053
6880,42313,42589
6881,47471,47756
6882,22054,22290
6883,41419,41695
6884,30825,31064
6885,6493,6714
6886,21466,21702
6887,23600,23837
6888,50709,50809
6889,51357,51458
6890,21249,21484
6891,47351,47636
6892,37996,38269
6893,17118,17347
6894,54197,54308
6895,642,852
6896,5711,5932
6897,839,1049
6898,10286,10510
6899,17609,17838
6900,36977,37249
6901,31268,31509
6902,29727,29966
6903,53760,53870
6904,47928,48006
6905,8368,8590
6906,14920,15145
6907,13872,14097
6908,48047,48125
6909,16857,17084
6910,111,319
6911,36420,36692
6912,14443,14668
6913,29304,29543
6914,3010,3225
6915,45000,45277
6916,33109,33352
6917,48390,48469
6918,48819,48898
6919,24636,24873
6920,12136,12360
6921,16002,16227
6922,50608,50708
6923,55075,55188
6924,45840,46119
6925,49969,50065
6926,29807,30046
6927,29781,30020
6928,30545,30784
6929,50408,50508
6930,40095,40369
6931,10808,11032
6932,11533,11757
6933,16172,16397
6934,56231,56345
6935,11349,11573
6936,50771,50871
6937,6848,7069
6938,14619,14844
6939,53106,53213
6940,32131,32373
6941,13620,13844
6942,52540,52647
6943,19455,19686
6944,35176,35438
6945,29180,29419
6946,40512,40787
6947,73,281
6948,35694,35959
6949,54296,54407
6950,42265,42541
6951,29326,29565
6952,43273,43550
6953,26154,26393
6954,20279,20512
6955,22023,22259
6956,12532,12756
6957,3537,3753
6958,52353,52460
6959,3767,3985
6960,55635,55749
6961,32477,32720
6962,879,1089
6963,3368,3584
6964,48908,48987
6965,32073,32315
6966,46880,47165
6967,48618,48697
6968,28911,29150
6969,48493,48572
6970,8110,8332
6971,25683,25921
6972,6979,7201
6973,14754,14979
6974,20269,20502
6975,48412,48491
6976,32640,32883
6977,52507,52614
6978,17596,17825
6979,50326,50426
6980,52389,52496
6981,33484,33730
6982,35483,35746
6983,1063,1273
6984,31314,31555
6985,19781,20014
6986,13212,13436
6987,6484,6705
6988,37573,37846
6989,8401,8623
6990,13140,13364
6991,55184,55297
6992,37596,37869
6993,29882,30121
6994,41067,41343
6995,3995,4213
6996,826,1036
6997,6188,6409
6998,31555,31796
6999,29164,29403
7000,21017,21252
7001,49954,50050
7002,31962,32204
7003,20032,20265
7004,16528,16753
7005,31528,31769
7006,56303,56418
7007,36239,36510
7008,18745,18975
7009,23103,23340
7010,10543,10767
7011,30282,30521
7012,54908,55019
7013,11428,11652
7014,49173,49253
7015,43212,43489
7016,32784,33027
7017,30197,30436
7018,42252,42528
7019,19055,19286
7020,8986,9209
7021,52939,53046
7022,17852,18081
7023,31588,31829
7024,22856,23093
7025,13487,13711
7026,43830,44107
7027,15655,15880
7028,27101,27340
7029,3156,3372
7030,31682,31923
7031,29416,29655
7032,6326,6547
7033,54348,54459
7034,32763,33006
7035,3524,3740
7036,33729,33976
7037,43934,44211
7038,1480,1691
7039,27258,27497
7040,54808,54919
7041,3331,3547
7042,39460,39733
7043,45815,46094
7044,49523,49603
7045,5221,5442
7046,26944,27183
7047,53685,53795
7048,24603,24840
7049,48796,48875
7050,16930,17157
7051,38190,38463
7052,51304,51405
7053,21093,21328
7054,47323,47608
7055,17179,17408
7056,29643,29882
7057,43633,43910
7058,27674,27913
7059,37229,37502
7060,25701,25939
7061,6537,6758
7062,36435,36707
7063,16569,16794
7064,11672,11896
7065,7183,7405
7066,18486,18716
7067,25138,25376
7068,13671,13895
7069,13019,13243
7070,25164,25402
7071,48146,48225
7072,20478,20713
7073,47936,48014
7074,43347,43624
7075,50870,50971
7076,49476,49556
7077,9657,9881
7078,40620,40895
7079,10109,10333
7080,23818,24055
7081,27721,27960
7082,23915,24152
7083,29060,29299
7084,48878,48957
7085,52776,52883
7086,14888,15113
7087,54691,54802
7088,37446,37719
7089,25908,26147
7090,8203,8425
7091,20508,20743
7092,5734,5955
7093,37716,37989
7094,23593,23830
7095,23712,23949
7096,55709,55823
7097,44185,44462
7098,17557,17786
7099,39978,40252
7100,35044,35306
7101,8574,8796
7102,14463,14688
7103,9931,10155
7104,6304,6525
7105,29625,29864
7106,35000,35262
7107,48177,48256
7108,49988,50085
7109,11826,12050
7110,34602,34859
7111,50973,51074
7112,52969,53076
7113,20426,20659
7114,29362,29601
7115,17866,18095
7116,18533,18763
7117,23047,23284
7118,32534,32777
7119,16368,16593
7120,33711,33958
7121,39573,39847
7122,675,885
7123,53076,53183
7124,5710,5931
7125,37113,37385
7126,45803,46082
7127,5942,6163
7128,35890,36156
7129,5500,5721
7130,48847,48926
7131,37160,37432
7132,32882,33125
7133,11104,11328
7134,2140,2351
7135,43178,43455
7136,15927,16152
7137,39447,39720
7138,21114,21349
7139,3889,4107
7140,45677,45956
7141,44101,44378
7142,11226,11450
7143,24008,24245
7144,52323,52430
7145,30114,30353
7146,41218,41494
7147,16938,17165
7148,10343,10567
7149,53210,53317
7150,18754,18984
7151,33213,33459
7152,19843,20076
7153,3310,3526
7154,16047,16272
7155,22210,22446
7156,52290,52396
7157,37490,37763
7158,1407,1618
7159,30742,30981
7160,29485,29724
7161,24344,24581
7162,11464,11688
7163,16296,16521
7164,43616,43893
7165,53542,53651
7166,20631,20866
7167,28258,28497
7168,1164,1374
7169,44928,45205
7170,17790,18019
7171,3598,3814
7172,35449,35712
7173,25026,25263
7174,35296,35558
7175,33403,33649
7176,13503,13727
7177,16875,17102
7178,40129,40403
7179,11079,11303
7180,53900,54011
7181,45633,45912
7182,15686,15911
7183,1714,1925
7184,16648,16875
7185,29932,30171
7186,14236,14461
7187,42573,42850
7188,40844,41119
7189,46100,46381
7190,10231,10455
7191,4655,4876
7192,32014,32256
7193,47602,47887
7194,27822,28061
7195,11046,11270
7196,54153,54264
7197,21043,21278
7198,3306,3522
7199,32987,33230
7200,6259,6480
7201,28675,28914
7202,7141,7363
7203,12283,12507
7204,39420,39693
7205,29944,30183
7206,51876,51981
7207,9482,9705
7208,48183,48262
7209,43366,43643
7210,19394,19625
7211,17688,17917
7212,22977,23214
7213,47204,47489
7214,24866,25103
7215,45338,45616
7216,1232,1442
7217,1769,1980
7218,2945,3160
7219,5794,6015
7220,38167,38440
7221,15979,16204
7222,9581,9805
7223,49026,49105
7224,38982,39255
7225,8888,9111
7226,43134,43411
7227,36593,36865
7228,35104,35366
7229,11865,12089
7230,1808,2019
7231,19471,19702
7232,9385,9608
7233,8805,9028
7234,51360,51461
7235,4561,4782
7236,53382,53491
7237,13227,13451
7238,47338,47623
7239,55291,55404
7240,16865,17092
7241,54604,54715
7242,27027,27266
7243,53107,53214
7244,12903,13127
7245,52684,52791
7246,12313,12537
7247,85,293
7248,24142,24379
7249,49137,49217
7250,46796,47080
7251,18866,19097
7252,29615,29854
7253,55404,55518
7254,45539,45818
7255,10036,10260
7256,15485,15710
7257,18421,18651
7258,17918,18147
7259,21379,21615
7260,14039,14264
7261,37832,38105
7262,55852,55966
7263,49895,49991
7264,51994,52099
7265,22423,22659
7266,38055,38328
7267,11371,11595
7268,16856,17083
7269,50247,50347
7270,41061,41337
7271,14222,14447
7272,5092,5313
7273,31615,31856
7274,10044,10268
7275,51619,51722
7276,25547,25785
7277,38229,38502
7278,429,638
7279,4092,4313
7280,4768,4989
7281,14520,14745
7282,52966,53073
7283,50869,50970
7284,14482,14707
7285,50333,50433
7286,37969,38242
7287,56202,56316
7288,18375,18605
7289,42663,42940
7290,47277,47562
7291,42393,42669
7292,54870,54981
7293,43194,43471
7294,42621,42898
7295,51220,51321
7296,37645,37918
7297,46192,46473
7298,6745,6966
7299,4912,5133
7300,37992,38265
7301,31230,31471
7302,14147,14372
7303,18480,18710
7304,20698,20933
7305,15738,15963
7306,37408,37681
7307,14305,14530
7308,56720,56835
7309,41288,41564
7310,10735,10959
7311,6805,7026
7312,28074,28313
7313,2460,2673
7314,40968,41244
7315,37537,37810
7316,41526,41802
7317,19533,19764
7318,29155,29394
7319,20221,20454
7320,56210,56324
7321,25744,25982
7322,26073,26312
7323,25687,25925
7324,17999,18229
7325,23592,23829
7326,49550,49630
7327,36695,36967
7328,31308,31549
7329,13201,13425
7330,31504,31745
7331,17381,17610
7332,56484,56599
7333,10774,10998
7334,15786,16011
7335,48410,48489
7336,21652,21888
7337,8932,9155
7338,28262,28501
7339,55314,55427
7340,43345,43622
7341,19935,20168
7342,44493,44770
7343,9378,9601
7344,28526,28765
7345,19916,20149
7346,31390,31631
7347,32510,32753
7348,46606,46889
7349,35511,35774
7350,261,469
7351,2673,2887
7352,28979,29218
7353,39108,39381
7354,16418,16643
7355,52970,53077
7356,53328,53436
7357,7491,7713
7358,7415,7637
7359,38259,38532
7360,33587,33833
7361,44174,44451
7362,51187,51288
7363,43214,43491
7364,32334,32577
7365,22259,22495
7366,31122,31362
7367,37595,37868
7368,34181,34431
7369,28226,28465
7370,6227,6448
7371,5937,6158
7372,37020,37292
7373,28164,28403
7374,11374,11598
7375,39166,39439
7376,52202,52307
7377,21657,21893
7378,36525,36797
7379,12206,12430
7380,15627,15852
7381,45838,46117
7382,42204,42480
7383,24267,24504
7384,40575,40850
7385,6394,6615
7386,40350,40625
7387,43896,44173
7388,6063,6284
7389,28600,28839
7390,24861,25098
7391,14822,15047
7392,14196,14421
7393,2028,2239
7394,27016,27255
7395,5994,6215
7396,40031,40305
7397,35446,35709
7398,22056,22292
7399,32515,32758
7400,41813,42089
7401,41251,41527
7402,18985,19216
7403,40916,41191
7404,22408,22644
7405,34986,35248
7406,20050,20283
7407,413,622
7408,46771,47055
7409,41228,41504
7410,13480,13704
7411,23662,23899
7412,24197,24434
7413,32303,32546
7414,37955,38228
7415,40065,40339
7416,18799,19030
7417,46556,46839
7418,1369,1580
7419,4941,5162
7420,1422,1633
7421,48467,48546
7422,50317,50417
7423,32462,32705
7424,39083,39356
7425,21532,21768
7426,55644,55758
7427,5735,5956
7428,46904,47189
7429,12021,12245
7430,33214,33460
7431,25024,25261
7432,33415,33661
7433,48813,48892
7434,8087,8309
7435,55416,55530
7436,1527,1738
7437,4191,4412
7438,55696,55810
7439,32739,32982
7440,55931,56045
7441,50099,50198
7442,56825,56940
7443,7450,7672
7444,35012,35274
7445,40198,40473
7446,31429,31670
7447,784,994
7448,48749,48828
7449,39770,40044
7450,44748,45025
7451,12615,12839
7452,16243,16468
7453,38944,39217
7454,41915,42191
7455,42212,42488
7456,7528,7750
7457,6646,6867
7458,166,374
7459,55282,55395
7460,42209,42485
7461,17233,17462
7462,40684,40958
7463,47367,47652
7464,6773,6994
7465,470,679
7466,41356,41632
7467,43332,43609
7468,38355,38628
7469,42388,42664
7470,21556,21792
7471,395,604
7472,27867,28106
7473,9210,9433
7474,21078,21313
7475,41498,41774
7476,34842,35099
7477,51476,51577
7478,6709,6930
7479,30447,30686
7480,24855,25092
7481,32064,32306
7482,35672,35937
7483,17517,17746
7484,28188,28427
7485,29172,29411
7486,9842,10066
7487,24660,24897
7488,35699,35964
7489,28724,28963
7490,10845,11069
7491,54703,54814
7492,33123,33367
7493,15384,15609
7494,9042,9265
7495,35552,35816
7496,41963,42239
7497,13229,13453
7498,39498,39772
7499,32789,33032
7500,12565,12789
7501,14110,14335
7502,8720,8943
7503,4840,5061
7504,16337,16562
7505,51385,51486
7506,43101,43378
7507,41827,42103
7508,4448,4669
7509,54460,54571
7510,5880,6101
7511,30638,30877
7512,47845,47923
7513,24720,24957
7514,49762,49842
7515,11858,12082
7516,12730,12954
7517,29204,29443
7518,6479,6700
7519,29487,29726
7520,33466,33712
7521,27413,27652
7522,7267,7489
7523,31204,31444
7524,35438,35701
7525,49224,49304
7526,52609,52716
7527,20385,20618
7528,26429,26668
7529,14154,14379
7530,54444,54555
7531,43470,43747
7532,16872,17099
7533,53539,53648
7534,27390,27629
7535,40619,40894
7536,53828,53939
7537,18829,19060
7538,52608,52715
7539,1131,1341
7540,46597,46880
7541,41511,41787
7542,41671,41947
7543,10380,10604
7544,25886,26125
7545,12708,12932
7546,43386,43663
7547,31522,31763
7548,31056,31296
7549,56597,56712
7550,48366,48445
7551,9870,10094
7552,40881,41156
7553,18414,18644
7554,10249,10473
7555,52559,52666
7556,2265,2477
7557,7889,8111
7558,21108,21343
7559,9325,9548
7560,48416,48495
7561,39040,39313
7562,39624,39898
7563,54893,55004
7564,18010,18240
7565,1087,1297
7566,8211,8433
7567,756,966
7568,8160,8382
7569,42964,43241
7570,21005,21240
7571,10982,11206
7572,50701,50801
7573,37620,37893
7574,11155,11379
7575,23747,23984
7576,47698,91
7577,29237,29476
7578,10548,10772
7579,54990,55103
7580,7559,7781
7581,42698,42975
7582,16845,17072
7583,15240,15465
7584,30830,31069
7585,47200,47485
7586,10515,10739
7587,32478,32721
7588,32599,32842
7589,39542,39816
7590,42537,42814
7591,1803,2014
7592,49101,49180
7593,20048,20281
7594,25564,25802
7595,23184,23421
7596,2560,2774
7597,13607,13831
7598,47186,47471
7599,9465,9688
7600,32479,32722
7601,33462,33708
7602,16624,16850
7603,18213,18443
7604,47568,47853
7605,36526,36798
7606,16365,16590
7607,42565,42842
7608,26855,27094
7609,5248,5469
7610,33630,33876
7611,3516,3732
7612,19510,19741
7613,3300,3516
7614,22525,22761
7615,50057,50155
7616,14677,14902
7617,7198,7420
7618,9346,9569
7619,31202,31442
7620,54154,54265
7621,47213,47498
7622,6737,6958
7623,9446,9669
7624,53285,53392
7625,6015,6236
7626,17245,17474
7627,27511,27750
7628,48210,48289
7629,22375,22611
7630,40339,40614
7631,1925,2136
7632,31815,32057
7633,7128,7350
7634,21006,21241
7635,56507,56622
7636,40118,40392
7637,14012,14237
7638,24381,24618
7639,11421,11645
7640,22082,22318
7641,34420,34670
7642,33862,34109
7643,39868,40142
7644,32657,32900
7645,30223,30462
7646,44869,45146
7647,30817,31056
7648,39462,39735
7649,34762,35019
7650,25117,25355
7651,16681,16908
7652,5836,6057
7653,48197,48276
7654,32900,33143
7655,14183,14408
7656,31472,31713
7657,41444,41720
7658,54284,54395
7659,27371,27610
7660,21187,21422
7661,33529,33775
7662,52490,52597
7663,55315,55428
7664,36969,37241
7665,19835,20068
7666,37008,37280
7667,35885,36151
7668,56345,56460
7669,43598,43875
7670,23446,23683
7671,40685,40959
7672,54331,54442
7673,47644,37
7674,36091,36362
7675,37953,38226
7676,35908,36174
7677,46727,47011
7678,6252,6473
7679,39271,39544
7680,240,448
7681,28456,28695
7682,11185,11409
7683,47036,47321
7684,13912,14137
7685,12438,12662
7686,9093,9316
7687,6379,6600
7688,9804,10028
7689,17807,18036
7690,46175,46456
7691,41584,41860
7692,20036,20269
7693,24738,24975
7694,31348,31589
7695,12498,12722
7696,51028,51129
7697,31435,31676
7698,9711,9935
7699,16982,17209
7700,50569,50669
7701,46584,46867
7702,36878,37150
7703,35919,36185
7704,42747,43024
7705,41634,41910
7706,6177,6398
7707,35485,35748
7708,51779,51884
7709,44367,44644
7710,40122,40396
7711,56777,56892
7712,6865,7086
7713,25664,25902
7714,56028,56142
7715,16808,17035
7716,40457,40732
7717,32701,32944
7718,44981,45258
7719,43428,43705
7720,12820,13044
7721,49741,49821
7722,42359,42635
7723,28233,28472
7724,6145,6366
7725,32177,32420
7726,51957,52062
7727,5814,6035
7728,39558,39832
7729,46147,46428
7730,19499,19730
7731,35962,36228
7732,22575,22811
7733,6533,6754
7734,43618,43895
7735,48799,48878
7736,35543,35806
7737,23367,23604
7738,8982,9205
7739,56225,56339
7740,25330,25568
7741,16102,16327
7742,6849,7070
7743,20832,21067
7744,17824,18053
7745,6006,6227
7746,24698,24935
7747,9212,9435
7748,52663,52770
7749,17226,17455
7750,18299,18529
7751,27776,28015
7752,52823,52930
7753,9967,10191
7754,14003,14228
7755,8006,8228
7756,16847,17074
7757,56782,56897
7758,9231,9454
7759,17074,17303
7760,25802,26040
7761,38457,38730
7762,34081,34331
7763,26087,26326
7764,48972,49051
7765,12779,13003
7766,4101,4322
7767,51628,51731
7768,7917,8139
7769,20113,20346
7770,11839,12063
7771,25606,25844
7772,12189,12413
7773,6496,6717
7774,7894,8116
7775,11173,11397
7776,15015,15240
7777,37012,37284
7778,38119,38392
7779,42825,43102
7780,52655,52762
7781,10344,10568
7782,25076,25314
7783,16935,17162
7784,4919,5140
7785,6200,6421
7786,5666,5887
7787,17407,17636
7788,42725,43002
7789,23871,24108
7790,5373,5594
7791,24504,24741
7792,35979,36245
7793,2204,2416
7794,28517,28756
7795,26703,26942
7796,43716,43993
7797,46751,47035
7798,54536,54647
7799,20488,20723
7800,3888,4106
7801,49979,50075
7802,9525,9749
7803,24296,24533
7804,34813,35070
7805,6650,6871
7806,31764,32006
7807,17107,17336
7808,43427,43704
7809,27124,27363
7810,31206,31446
7811,2862,3076
7812,22723,22960
7813,2754,2968
7814,52827,52934
7815,42023,42299
7816,44871,45148
7817,20983,21218
7818,50197,50297
7819,29207,29446
7820,36512,36784
7821,21138,21373
7822,23957,24194
7823,52513,52620
7824,48934,49013
7825,36068,36339
7826,34465,34715
7827,49521,49601
7828,32699,32942
7829,39648,39922
7830,51907,52012
7831,45238,45516
7832,26691,26930
7833,16471,16696
7834,32468,32711
7835,22441,22677
7836,35635,35899
7837,26067,26306
7838,34056,34303
7839,248,456
7840,742,952
7841,9784,10008
7842,34909,35171
7843,18824,19055
7844,17603,17832
7845,47274,47559
7846,46640,46923
7847,5841,6062
7848,10015,10239
7849,55876,55990
7850,38884,39157
7851,40029,40303
7852,27846,28085
7853,12444,12668
7854,36840,37112
7855,44403,44680
7856,42904,43181
7857,14578,14803
7858,36707,36979
7859,33082,33325
7860,21173,21408
7861,50156,50255
7862,39927,40201
7863,11275,11499
7864,10530,10754
7865,54027,54138
7866,22679,22916
7867,37027,37299
7868,49230,49310
7869,38244,38517
7870,28851,29090
7871,32402,32645
7872,33847,34094
7873,9352,9575
7874,32422,32665
7875,36219,36490
7876,20456,20691
7877,41648,41924
7878,38908,39181
7879,42840,43117
7880,9904,10128
7881,28943,29182
7882,32025,32267
7883,11738,11962
7884,10504,10728
7885,5613,5834
7886,14056,14281
7887,40846,41121
7888,11908,12132
7889,479,688
7890,11571,11795
7891,55617,55731
7892,48483,48562
7893,16064,16289
7894,35097,35359
7895,12691,12915
7896,27168,27407
7897,44447,44724
7898,54656,54767
7899,22580,22816
7900,46182,46463
7901,34818,35075
7902,9290,9513
7903,48648,48727
7904,14471,14696
7905,8412,8634
7906,5516,5737
7907,36152,36423
7908,49319,49399
7909,7716,7938
7910,10777,11001
7911,1389,1600
7912,24598,24835
7913,23000,23237
7914,26458,26697
7915,20489,20724
7916,17801,18030
7917,53170,53277
7918,48069,48147
7919,29703,29942
7920,50205,50305
7921,40288,40563
7922,27271,27510
7923,42917,43194
7924,15116,15341
7925,23189,23426
7926,53092,53199
7927,1094,1304
7928,38301,38574
7929,48890,48969
7930,54600,54711
7931,2213,2425
7932,31367,31608
7933,7945,8167
7934,34144,34394
7935,19652,19885
7936,15567,15792
7937,7901,8123
7938,8992,9215
7939,34841,35098
7940,55761,55875
7941,35784,36049
7942,47863,47941
7943,23213,23450
7944,53074,53181
7945,52102,52207
7946,19147,19378
7947,26506,26745
7948,21755,21991
7949,17099,17328
7950,3268,3484
7951,15557,15782
7952,39661,39935
7953,751,961
7954,24825,25062
7955,20371,20604
7956,32721,32964
7957,34545,34802
7958,23993,24230
7959,43745,44022
7960,26906,27145
7961,17925,18154
7962,18597,18827
7963,19735,19968
7964,18658,18888
7965,29556,29795
7966,904,1114
7967,38222,38495
7968,14940,15165
7969,1365,1576
7970,20998,21233
7971,40836,41111
7972,724,934
7973,40246,40521
7974,4918,5139
7975,8076,8298
7976,19802,20035
7977,1706,1917
7978,37628,37901
7979,6151,6372
7980,2916,3130
7981,44216,44493
7982,24900,25137
7983,46671,46954
7984,41522,41798
7985,43512,43789
7986,18307,18537
7987,44522,44799
7988,21767,22003
7989,22237,22473
7990,46026,46307
7991,42229,42505
7992,14088,14313
7993,55921,56035
7994,49228,49308
7995,34203,34453
7996,25593,25831
7997,41754,42030
7998,9130,9353
7999,26380,26619
8000,1140,1350
8001,17490,17719
8002,9996,10220
8003,7862,8084
8004,28287,28526
8005,32732,32975
8006,56721,56836
8007,22144,22380
8008,16082,16307
8009,40661,40935
8010,707,917
8011,172,380
8012,54226,54337
8013,48663,48742
8014,3415,3631
8015,22125,22361
8016,28694,28933
8017,54186,54297
8018,33319,33565
8019,228,436
8020,21592,21828
8021,6107,6328
8022,9353,9576
8023,39857,40131
8024,25370,25608
8025,1234,1444
8026,25092,25330
8027,24468,24705
8028,54378,54489
8029,23062,23299
8030,19284,19515
8031,21902,22138
8032,50739,50839
8033,41831,42107
8034,7044,7266
8035,37564,37837
8036,296,504
8037,41556,41832
8038,3682,3899
8039,48214,48293
8040,17470,17699
8041,39211,39484
8042,38539,38812
8043,32708,32951
8044,39994,40268
8045,24149,24386
8046,25516,25754
8047,22787,23024
8048,37235,37508
8049,40637,40912
8050,33181,33427
8051,18501,18731
8052,11172,11396
8053,50777,50878
8054,13188,13412
8055,23769,24006
8056,35193,35455
8057,55855,55969
8058,14131,14356
8059,1113,1323
8060,51461,51562
8061,7067,7289
8062,41271,41547
8063,14187,14412
8064,38519,38792
8065,33962,34209
8066,35202,35464
8067,16600,16825
8068,3157,3373
8069,12875,13099
8070,13461,13685
8071,20569,20804
8072,9012,9235
8073,35770,36035
8074,12901,13125
8075,35435,35698
8076,19268,19499
8077,36364,36636
8078,29975,30214
8079,20761,20996
8080,25130,25368
8081,44113,44390
8082,24420,24657
8083,7133,7355
8084,51838,51943
8085,11607,11831
8086,49164,49244
8087,56275,56389
8088,25544,25782
8089,38947,39220
8090,31075,31315
8091,50166,50265
8092,29352,29591
8093,50310,50410
8094,26696,26935
8095,25121,25359
8096,39035,39308
8097,38125,38398
8098,31459,31700
8099,47499,47784
8100,37436,37709
8101,38906,39179
8102,27584,27823
8103,30575,30814
8104,26509,26748
8105,28042,28281
8106,623,833
8107,147,355
8108,3688,3906
8109,14987,15212
8110,38963,39236
8111,29513,29752
8112,36036,36307
8113,20584,20819
8114,4745,4966
8115,40205,40480
8116,42070,42346
8117,5940,6161
8118,50536,50636
8119,40999,41275
8120,54065,54176
8121,24441,24678
8122,55754,55868
8123,24938,25175
8124,7686,7908
8125,23787,24024
8126,31705,31946
8127,17743,17972
8128,36047,36318
8129,10807,11031
8130,12358,12582
8131,54721,54832
8132,5290,5511
8133,26654,26893
8134,31551,31792
8135,25552,25790
8136,49994,50091
8137,29748,29987
8138,39522,39796
8139,7014,7236
8140,23683,23920
8141,29036,29275
8142,47872,47950
8143,29067,29306
8144,51767,51872
8145,43927,44204
8146,52864,52971
8147,18200,18430
8148,39538,39812
8149,20232,20465
8150,52983,53090
8151,1848,2059
8152,42554,42831
8153,31662,31903
8154,51421,51522
8155,10645,10869
8156,45166,45443
8157,53800,53910
8158,16265,16490
8159,29849,30088
8160,47610,47895
8161,51405,51506
8162,22092,22328
8163,24834,25071
8164,6755,6976
8165,15198,15423
8166,31878,32120
8167,23618,23855
8168,11444,11668
8169,44831,45108
8170,12126,12350
8171,13029,13253
8172,652,862
8173,24779,25016
8174,39129,39402
8175,7987,8209
8176,48745,48824
8177,41456,41732
8178,11781,12005
8179,11751,11975
8180,41426,41702
8181,52240,52346
8182,14891,15116
8183,13020,13244
8184,55771,55885
8185,55864,55978
8186,3567,3783
8187,6763,6984
8188,41476,41752
8189,38577,38850
8190,24992,25229
8191,38703,38976
8192,3982,4200
8193,38561,38834
8194,7610,7832
8195,12527,12751
8196,16894,17121
8197,50387,50487
8198,49485,49565
8199,55228,55341
8200,7773,7995
8201,45880,46159
8202,5570,5791
8203,1381,1592
8204,11285,11509
8205,21768,22004
8206,48726,48805
8207,38531,38804
8208,3947,4165
8209,27799,28038
8210,37338,37611
8211,8486,8708
8212,52941,53048
8213,2001,2212
8214,15362,15587
8215,6325,6546
8216,47809,202
8217,13044,13268
8218,34927,35189
8219,26211,26450
8220,5621,5842
8221,28812,29051
8222,7801,8023
8223,13557,13781
8224,4223,4444
8225,9888,10112
8226,8839,9062
8227,28017,28256
8228,2683,2897
8229,49897,49993
8230,29152,29391
8231,25556,25794
8232,12367,12591
8233,15293,15518
8234,37079,37351
8235,28684,28923
8236,2624,2838
8237,52056,52161
8238,8642,8864
8239,22876,23113
8240,22128,22364
8241,18812,19043
8242,43766,44043
8243,17478,17707
8244,7562,7784
8245,1208,1418
8246,2613,2827
8247,38724,38997
8248,21407,21643
8249,40130,40404
8250,24523,24760
8251,9049,9272
8252,26204,26443
8253,15798,16023
8254,41945,42221
8255,33602,33848
8256,11755,11979
8257,46352,46633
8258,44858,45135
8259,37205,37478
8260,40765,41040
8261,12982,13206
8262,48022,48100
8263,42681,42958
8264,36083,36354
8265,17029,17258
8266,1171,1381
8267,50086,50184
8268,30983,31223
8269,17367,17596
8270,46042,46323
8271,45218,45496
8272,52021,52126
8273,33001,33244
8274,43936,44213
8275,12605,12829
8276,50190,50290
8277,54775,54886
8278,26157,26396
8279,7043,7265
8280,6234,6455
8281,176,384
8282,2533,2747
8283,20945,21180
8284,56014,56128
8285,15020,15245
8286,46138,46419
8287,19893,20126
8288,14420,14645
8289,38148,38421
8290,6808,7029
8291,34515,34772
8292,20364,20597
8293,15327,15552
8294,19807,20040
8295,12537,12761
8296,44002,44279
8297,26972,27211
8298,52526,52633
8299,56876,56991
8300,13190,13414
8301,31116,31356
8302,26846,27085
8303,30883,31122
8304,20688,20923
8305,53068,53175
8306,22828,23065
8307,35807,36072
8308,326,534
8309,4714,4935
8310,36739,37011
8311,28243,28482
8312,15386,15611
8313,50433,50533
8314,28417,28656
8315,8384,8606
8316,19831,20064
8317,55386,55500
8318,32864,33107
8319,54396,54507
8320,23013,23250
8321,865,1075
8322,20074,20307
8323,56848,56963
8324,16550,16775
8325,45940,46219
8326,50822,50923
8327,18123,18353
8328,369,578
8329,29979,30218
8330,52627,52734
8331,2310,2522
8332,8521,8743
8333,32579,32822
8334,37734,38007
8335,9791,10015
8336,5081,5302
8337,17039,17268
8338,39,247
8339,28753,28992
8340,15018,15243
8341,21177,21412
8342,42861,43138
8343,20368,20601
8344,11391,11615
8345,13868,14093
8346,6683,6904
8347,7234,7456
8348,14287,14512
8349,2953,3168
8350,29985,30224
8351,12635,12859
8352,35657,35922
8353,23641,23878
8354,28550,28789
8355,40138,40412
8356,24074,24311
8357,24946,25183
8358,34013,34260
8359,15299,15524
8360,25595,25833
8361,32875,33118
8362,33842,34089
8363,32045,32287
8364,32253,32496
8365,18014,18244
8366,28702,28941
8367,51920,52025
8368,37102,37374
8369,3256,3472
8370,39825,40099
8371,53994,54105
8372,54388,54499
8373,26960,27199
8374,35553,35817
8375,24219,24456
8376,22052,22288
8377,30392,30631
8378,36823,37095
8379,32798,33041
8380,34795,35052
8381,49217,49297
8382,55954,56068
8383,5165,5386
8384,7105,7327
8385,29814,30053
8386,50734,50834
8387,8037,8259
8388,6123,6344
8389,12007,12231
8390,38153,38426
8391,2868,3082
8392,22051,22287
8393,41202,41478
8394,22764,23001
8395,29179,29418
8396,26192,26431
8397,499,708
8398,16751,16978
8399,1509,1720
8400,51212,51313
8401,54399,54510
8402,16728,16955
8403,14594,14819
8404,35260,35522
8405,44551,44828
8406,18040,18270
8407,41979,42255
8408,19367,19598
8409,40559,40834
8410,29382,29621
8411,30228,30467
8412,8154,8376
8413,16527,16752
8414,19958,20191
8415,36474,36746
8416,51374,51475
8417,24190,24427
8418,8607,8829
8419,41254,41530
8420,9715,9939
8421,36550,36822
8422,16188,16413
8423,30765,31004
8424,28515,28754
8425,33955,34202
8426,43006,43283
8427,13340,13564
8428,24318,24555
8429,7236,7458
8430,31742,31983
8431,51104,51205
8432,4166,4387
8433,51622,51725
8434,18548,18778
8435,27763,28002
8436,39392,39665
8437,10436,10660
8438,54954,55065
8439,24005,24242
8440,48871,48950
8441,54175,54286
8442,1838,2049
8443,22878,23115
8444,47525,47810
8445,19847,20080
8446,30153,30392
8447,54002,54113
8448,29231,29470
8449,20062,20295
8450,21771,22007
8451,18502,18732
8452,34332,34582
8453,36779,37051
8454,18656,18886
8455,30927,31166
8456,25573,25811
8457,54309,54420
8458,53993,54104
8459,3740,3958
8460,9452,9675
8461,39261,39534
8462,26682,26921
8463,4350,4571
8464,24582,24819
8465,26352,26591
8466,31151,31391
8467,5601,5822
8468,19679,19912
8469,48909,48988
8470,13635,13859
8471,51492,51593
8472,10498,10722
8473,4093,4314
8474,34112,34362
8475,17542,17771
8476,10789,11013
8477,55221,55334
8478,3092,3307
8479,56870,56985
8480,376,585
8481,16096,16321
8482,36184,36455
8483,2796,3010
8484,28170,28409
8485,26655,26894
8486,13398,13622
8487,18882,19113
8488,56219,56333
8489,6861,7082
8490,42345,42621
8491,15752,15977
8492,24260,24497
8493,46304,46585
8494,41027,41303
8495,31261,31502
8496,46102,46383
8497,51535,51636
8498,27204,27443
8499,46664,46947
8500,55122,55235
8501,49163,49243
8502,4766,4987
8503,9936,10160
8504,26346,26585
8505,4013,4231
8506,32570,32813
8507,24925,25162
8508,9281,9504
8509,52908,53015
8510,10302,10526
8511,25140,25378
8512,40569,40844
8513,14341,14566
8514,12800,13024
8515,15374,15599
8516,8306,8528
8517,32982,33225
8518,56169,56283
8519,36653,36925
8520,52947,53054
8521,53779,53889
8522,19444,19675
8523,14050,14275
8524,15718,15943
8525,178,386
8526,101,309
8527,42774,43051
8528,5274,5495
8529,41229,41505
8530,24007,24244
8531,33231,33477
8532,28147,28386
8533,56497,56612
8534,45325,45603
8535,51593,51695
8536,55352,55466
8537,33027,33270
8538,5307,5528
8539,5326,5547
8540,11782,12006
8541,27566,27805
8542,7178,7400
8543,16275,16500
8544,32024,32266
8545,825,1035
8546,55555,55669
8547,19466,19697
8548,9175,9398
8549,50376,50476
8550,33855,34102
8551,7791,8013
8552,7455,7677
8553,52396,52503
8554,49093,49172
8555,34982,35244
8556,43286,43563
8557,21760,21996
8558,39330,39603
8559,36983,37255
8560,23483,23720
8561,55250,55363
8562,32470,32713
8563,13269,13493
8564,52783,52890
8565,21553,21789
8566,8941,9164
8567,36975,37247
8568,7204,7426
8569,41764,42040
8570,15168,15393
8571,16019,16244
8572,14014,14239
8573,52782,52889
8574,107,315
8575,38126,38399
8576,13726,13951
8577,18890,19121
8578,16156,16381
8579,46195,46476
8580,29527,29766
8581,31460,31701
8582,983,1193
8583,26058,26297
8584,25375,25613
8585,19863,20096
8586,37153,37425
8587,37863,38136
8588,541,750
8589,8861,9084
8590,37219,37492
8591,54737,54848
8592,20726,20961
8593,33982,34229
8594,51523,51624
8595,8142,8364
8596,6024,6245
8597,9410,9633
8598,18626,18856
8599,34846,35103
8600,3503,3719
8601,54108,54219
8602,26943,27182
8603,42170,42446
8604,26800,27039
8605,13306,13530
8606,11502,11726
8607,51192,51293
8608,8706,8929
8609,51399,51500
8610,37066,37338
8611,30085,30324
8612,29553,29792
8613,49410,49490
8614,8558,8780
8615,42637,42914
8616,35379,35642
8617,27478,27717
8618,41982,42258
8619,30509,30748
8620,23812,24049
8621,1492,1703
8622,7354,7576
8623,44329,44606
8624,29992,30231
8625,50648,50748
8626,12816,13040
8627,31050,31290
8628,51389,51490
8629,9469,9692
8630,22692,22929
8631,42468,42744
8632,29720,29959
8633,37260,37533
8634,18659,18889
8635,32011,32253
8636,36025,36296
8637,16061,16286
8638,21792,22028
8639,13600,13824
8640,17818,18047
8641,40908,41183
8642,28890,29129
8643,23487,23724
8644,13408,13632
8645,36571,36843
8646,15002,15227
8647,51966,52071
8648,1593,1804
8649,17160,17389
8650,37792,38065
8651,24817,25054
8652,24537,24774
8653,28205,28444
8654,51205,51306
8655,25423,25661
8656,33624,33870
8657,50610,50710
8658,53531,53640
8659,25935,26174
8660,37130,37402
8661,19211,19442
8662,14524,14749
8663,28124,28363
8664,9434,9657
8665,14628,14853
8666,6415,6636
8667,40644,40919
8668,19911,20144
8669,54138,54249
8670,52624,52731
8671,16553,16778
8672,26895,27134
8673,53212,53319
8674,12938,13162
8675,43045,43322
8676,15536,15761
8677,23749,23986
8678,24042,24279
8679,7498,7720
8680,17578,17807
8681,20258,20491
8682,44849,45126
8683,11252,11476
8684,44310,44587
8685,47862,47940
8686,31881,32123
8687,31736,31977
8688,38542,38815
8689,19713,19946
8690,5754,5975
8691,13451,13675
8692,28746,28985
8693,49295,49375
8694,43842,44119
8695,14718,14943
8696,8438,8660
8697,17765,17994
8698,54573,54684
8699,46891,47176
8700,30858,31097
8701,12707,12931
8702,49283,49363
8703,54875,54986
8704,20116,20349
8705,20216,20449
8706,21713,21949
8707,52569,52676
8708,20715,20950
8709,24535,24772
8710,46997,47282
8711,8048,8270
8712,12319,12543
8713,56617,56732
8714,6587,6808
8715,3664,3881
8716,48157,48236
8717,50163,50262
8718,32799,33042
8719,46452,46733
8720,53455,53564
8721,14111,14336
8722,32347,32590
8723,174,382
8724,9917,10141
8725,49435,49515
8726,11417,11641
8727,45937,46216
8728,44724,45001
8729,9334,9557
8730,32055,32297
8731,56406,56521
8732,22243,22479
8733,5522,5743
8734,48228,48307
8735,34843,35100
8736,51845,51950
8737,4875,5096
8738,19232,19463
8739,46447,46728
8740,13946,14171
8741,26592,26831
8742,10267,10491
8743,321,529
8744,17097,17326
8745,20150,20383
8746,50873,50974
8747,21434,21670
8748,49490,49570
8749,1953,2164
8750,20451,20686
8751,146,354
8752,45999,46280
8753,38076,38349
8754,32890,33133
8755,36958,37230
8756,11910,12134
8757,20428,20661
8758,2361,2573
8759,14924,15149
8760,22424,22660
8761,10234,10458
8762,22523,22759
8763,37264,37537
8764,54422,54533
8765,46779,47063
8766,29094,29333
8767,9668,9892
8768,33696,33942
8769,42247,42523
8770,41880,42156
8771,16147,16372
8772,31022,31262
8773,14737,14962
8774,56914,57029
8775,22768,23005
8776,37030,37302
8777,49496,49576
8778,44344,44621
8779,40640,40915
8780,53219,53326
8781,3733,3951
8782,34957,35219
8783,23391,23628
8784,55579,55693
8785,33476,33722
8786,56348,56463
8787,19724,19957
8788,55867,55981
8789,32180,32423
8790,50294,50394
8791,50987,51088
8792,15782,16007
8793,11547,11771
8794,48238,48317
8795,2724,2938
8796,16381,16606
8797,17958,18188
8798,47340,47625
8799,30079,30318
8800,54059,54170
8801,49913,50009
8802,6354,6575
8803,16763,16990
8804,33169,33415
8805,35858,36124
8806,5026,5247
8807,55289,55402
8808,21765,22001
8809,24405,24642
8810,33999,34246
8811,29582,29821
8812,7993,8215
8813,9569,9793
8814,15367,15592
8815,573,782
8816,50044,50142
8817,39318,39591
8818,33679,33925
8819,53331,53439
8820,4278,4499
8821,21218,21453
8822,9748,9972
8823,7969,8191
8824,46974,47259
8825,13548,13772
8826,35588,35852
8827,28179,28418
8828,4436,4657
8829,19369,19600
8830,36827,37099
8831,40947,41223
8832,30445,30684
8833,26343,26582
8834,36670,36942
8835,39454,39727
8836,39626,39900
8837,40742,41017
8838,29421,29660
8839,34260,34510
8840,22595,22832
8841,8709,8932
8842,25899,26138
8843,54966,55077
8844,26407,26646
8845,55461,55575
8846,28952,29191
8847,4624,4845
8848,11103,11327
8849,50457,50557
8850,14275,14500
8851,27747,27986
8852,50052,50150
8853,2672,2886
8854,2900,3114
8855,49360,49440
8856,18545,18775
8857,20340,20573
8858,27934,28173
8859,23181,23418
8860,2133,2344
8861,12712,12936
8862,22831,23068
8863,42036,42312
8864,48984,49063
8865,53781,53891
8866,14989,15214
8867,7120,7342
8868,2197,2409
8869,32411,32654
8870,40299,40574
8871,34944,35206
8872,23093,23330
8873,13913,14138
8874,5394,5615
8875,12929,13153
8876,20174,20407
8877,24914,25151
8878,18819,19050
8879,46635,46918
8880,2332,2544
8881,42251,42527
8882,19530,19761
8883,44507,44784
8884,49750,49830
8885,54799,54910
8886,50009,50107
8887,34688,34945
8888,3847,4065
8889,7171,7393
8890,12724,12948
8891,18485,18715
8892,22884,23121
8893,43283,43560
8894,32154,32396
8895,5153,5374
8896,6636,6857
8897,11270,11494
8898,52945,53052
8899,3478,3694
8900,33660,33906
8901,52841,52948
8902,42349,42625
8903,17887,18116
8904,29167,29406
8905,33714,33961
8906,29913,30152
8907,37354,37627
8908,13530,13754
8909,14312,14537
8910,54199,54310
8911,3681,3898
8912,20172,20405
8913,45299,45577
8914,10894,11118
8915,28617,28856
8916,56956,57071
8917,44281,44558
8918,46065,46346
8919,39976,40250
8920,43181,43458
8921,15381,15606
8922,6215,6436
8923,33534,33780
8924,49805,49885
8925,2963,3178
8926,9119,9342
8927,3068,3283
8928,51677,51780
8929,4367,4588
8930,13832,14057
8931,21058,21293
8932,37788,38061
8933,50570,50670
8934,10621,10845
8935,32475,32718
8936,36301,36573
8937,17291,17520
8938,38362,38635
8939,13246,13470
8940,23162,23399
8941,41477,41753
8942,54481,54592
8943,38651,38924
8944,23720,23957
8945,3265,3481
8946,33478,33724
8947,56598,56713
8948,14806,15031
8949,25078,25316
8950,629,839
8951,8665,8887
8952,15361,15586
8953,635,845
8954,46794,47078
8955,1493,1704
8956,14303,14528
8957,47907,47985
8958,41817,42093
8959,19895,20128
8960,40430,40705
8961,26866,27105
8962,34806,35063
8963,13261,13485
8964,56803,56918
8965,46342,46623
8966,33480,33726
8967,8077,8299
8968,49441,49521
8969,14998,15223
8970,29324,29563
8971,17185,17414
8972,55273,55386
8973,11047,11271
8974,11973,12197
8975,48143,48222
8976,4394,4615
8977,15618,15843
8978,25113,25351
8979,19203,19434
8980,52933,53040
8981,50639,50739
8982,11351,11575
8983,43563,43840
8984,28737,28976
8985,14127,14352
8986,52033,52138
8987,14547,14772
8988,55711,55825
8989,50488,50588
8990,8216,8438
8991,15555,15780
8992,14650,14875
8993,7924,8146
8994,41944,42220
8995,39348,39621
8996,16661,16888
8997,18370,18600
8998,15558,15783
8999,19481,19712
9000,18838,19069
9001,33830,34077
9002,8647,8869
9003,3859,4077
9004,53932,54043
9005,24516,24753
9006,3052,3267
9007,55930,56044
9008,2553,2767
9009,3599,3815
9010,46159,46440
9011,26349,26588
9012,11222,11446
9013,50545,50645
9014,43355,43632
9015,36032,36303
9016,48206,48285
9017,48944,49023
9018,29085,29324
9019,48821,48900
9020,1886,2097
9021,30860,31099
9022,477,686
9023,23023,23260
9024,56314,56429
9025,46511,46794
9026,3779,3997
9027,19977,20210
9028,820,1030
9029,41906,42182
9030,54995,55108
9031,23484,23721
9032,38505,38778
9033,54332,54443
9034,42302,42578
9035,3109,3324
9036,28538,28777
9037,37477,37750
9038,52669,52776
9039,56708,56823
9040,23580,23817
9041,21497,21733
9042,6220,6441
9043,36835,37107
9044,26302,26541
9045,48486,48565
9046,3202,3418
9047,39715,39989
9048,20028,20261
9049,15449,15674
9050,51323,51424
9051,56924,57039
9052,9298,9521
9053,1941,2152
9054,32762,33005
9055,8104,8326
9056,30348,30587
9057,18087,18317
9058,42202,42478
9059,5896,6117
9060,7152,7374
9061,35350,35613
9062,25118,25356
9063,11322,11546
9064,24470,24707
9065,53418,53527
9066,47218,47503
9067,52009,52114
9068,195,403
9069,14788,15013
9070,8816,9039
9071,27719,27958
9072,18159,18389
9073,25378,25616
9074,17117,17346
9075,3417,3633
9076,5023,5244
9077,54375,54486
9078,6856,7077
9079,32348,32591
9080,5910,6131
9081,28982,29221
9082,49390,49470
9083,25605,25843
9084,42665,42942
9085,10447,10671
9086,13611,13835
9087,29466,29705
9088,55384,55498
9089,9600,9824
9090,34369,34619
9091,1528,1739
9092,41245,41521
9093,31475,31716
9094,25850,26088
9095,16347,16572
9096,39621,39895
9097,40108,40382
9098,32463,32706
9099,50207,50307
9100,39921,40195
9101,55588,55702
9102,690,900
9103,49385,49465
9104,7190,7412
9105,45620,45899
9106,31239,31480
9107,7151,7373
9108,40766,41041
9109,5614,5835
9110,33967,34214
9111,16080,16305
9112,25531,25769
9113,29059,29298
9114,20498,20733
9115,3284,3500
9116,20394,20627
9117,34506,34763
9118,51657,51760
9119,28683,28922
9120,1857,2068
9121,40997,41273
9122,48643,48722
9123,35573,35837
9124,41415,41691
9125,42651,42928
9126,7360,7582
9127,35340,35602
9128,3385,3601
9129,28906,29145
9130,7294,7516
9131,56417,56532
9132,420,629
9133,13460,13684
9134,39012,39285
9135,43732,44009
9136,2940,3155
9137,34548,34805
9138,17731,17960
9139,56054,56168
9140,49947,50043
9141,5446,5667
9142,30863,31102
9143,54216,54327
9144,40856,41131
9145,2291,2503
9146,3391,3607
9147,13152,13376
9148,5585,5806
9149,54654,54765
9150,23206,23443
9151,54280,54391
9152,55188,55301
9153,17399,17628
9154,6853,7074
9155,15635,15860
9156,32254,32497
9157,56027,56141
9158,44563,44840
9159,31006,31246
9160,29688,29927
9161,41787,42063
9162,46629,46912
9163,56076,56190
9164,8029,8251
9165,44056,44333
9166,34356,34606
9167,21620,21856
9168,16013,16238
9169,34274,34524
9170,16652,16879
9171,32815,33058
9172,1894,2105
9173,17324,17553
9174,28391,28630
9175,5712,5933
9176,17915,18144
9177,47890,47968
9178,51348,51449
9179,47734,127
9180,9505,9729
9181,17119,17348
9182,40560,40835
9183,48832,48911
9184,48444,48523
9185,11447,11671
9186,30880,31119
9187,565,774
9188,32564,32807
9189,3080,3295
9190,44324,44601
9191,1798,2009
9192,1986,2197
9193,33241,33487
9194,49270,49350
9195,27899,28138
9196,53647,53757
9197,35387,35650
9198,49443,49523
9199,35961,36227
9200,46258,46539
9201,44704,44981
9202,22075,22311
9203,46133,46414
9204,27008,27247
9205,29554,29793
9206,20280,20513
9207,43805,44082
9208,26326,26565
9209,54927,55038
9210,28050,28289
9211,930,1140
9212,47045,47330
9213,45084,45361
9214,36812,37084
9215,26289,26528
9216,52169,52274
9217,51343,51444
9218,21280,21515
9219,16191,16416
9220,62,270
9221,23460,23697
9222,29075,29314
9223,1835,2046
9224,43703,43980
9225,15852,16077
9226,11319,11543
9227,45015,45292
9228,41470,41746
9229,1970,2181
9230,13248,13472
9231,44999,45276
9232,47746,139
9233,44096,44373
9234,21184,21419
9235,24023,24260
9236,39948,40222
9237,55243,55356
9238,22642,22879
9239,55490,55604
9240,4566,4787
9241,10000,10224
9242,22600,22837
9243,16095,16320
9244,43625,43902
9245,38989,39262
9246,5332,5553
9247,14621,14846
9248,31391,31632
9249,26723,26962
9250,44519,44796
9251,40953,41229
9252,54166,54277
9253,53951,54062
9254,49946,50042
9255,27818,28057
9256,30126,30365
9257,42536,42813
9258,24939,25176
9259,12995,13219
9260,53996,54107
9261,3807,4025
9262,9545,9769
9263,53467,53576
9264,22685,22922
9265,4002,4220
9266,27708,27947
9267,464,673
9268,43195,43472
9269,4212,4433
9270,24713,24950
9271,17954,18184
9272,44953,45230
9273,26688,26927
9274,46525,46808
9275,17172,17401
9276,37154,37426
9277,44888,45165
9278,46208,46489
9279,33964,34211
9280,31619,31860
9281,9278,9501
9282,25443,25681
9283,21659,21895
9284,2014,2225
9285,6428,6649
9286,28390,28629
9287,33163,33409
9288,3369,3585
9289,54466,54577
9290,31364,31605
9291,3849,4067
9292,658,868
9293,34829,35086
9294,4294,4515
9295,15662,15887
9296,34881,35139
9297,35433,35696
9298,34142,34392
9299,55433,55547
9300,56854,56969
9301,18651,18881
9302,11312,11536
9303,39633,39907
9304,26711,26950
9305,47383,47668
9306,45020,45297
9307,10374,10598
9308,29299,29538
9309,7583,7805
9310,21751,21987
9311,42902,43179
9312,53169,53276
9313,19136,19367
9314,556,765
9315,44979,45256
9316,8803,9026
9317,10709,10933
9318,48430,48509
9319,19572,19803
9320,47001,47286
9321,46790,47074
9322,36397,36669
9323,28931,29170
9324,2806,3020
9325,33042,33285
9326,10909,11133
9327,13716,13940
9328,7279,7501
9329,13809,14034
9330,13066,13290
9331,5100,5321
9332,36920,37192
9333,82,290
9334,47151,47436
9335,11326,11550
9336,40468,40743
9337,50580,50680
9338,47532,47817
9339,9949,10173
9340,42928,43205
9341,8089,8311
9342,47710,103
9343,14475,14700
9344,55138,55251
9345,51506,51607
9346,45485,45764
9347,39766,40040
9348,25585,25823
9349,50309,50409
9350,45727,46006
9351,21303,21538
9352,33669,33915
9353,48665,48744
9354,41549,41825
9355,24997,25234
9356,20908,21143
9357,13976,14201
9358,46121,46402
9359,48506,48585
9360,11661,11885
9361,2109,2320
9362,26408,26647
9363,2885,3099
9364,24472,24709
9365,9899,10123
9366,34888,35146
9367,39892,40166
9368,34385,34635
9369,44984,45261
9370,56106,56220
9371,32263,32506
9372,45565,45844
9373,29963,30202
9374,43065,43342
9375,38250,38523
9376,19557,19788
9377,29640,29879
9378,4973,5194
9379,38434,38707
9380,48004,48082
9381,446,655
9382,53001,53108
9383,10237,10461
9384,40308,40583
9385,25815,26053
9386,41012,41288
9387,36427,36699
9388,23878,24115
9389,41773,42049
9390,13525,13749
9391,42906,43183
9392,27058,27297
9393,7973,8195
9394,7911,8133
9395,13749,13974
9396,5264,5485
9397,16285,16510
9398,51494,51595
9399,31065,31305
9400,38083,38356
9401,1678,1889
9402,14371,14596
9403,49427,49507
9404,50667,50767
9405,44342,44619
9406,12758,12982
9407,11692,11916
9408,9226,9449
9409,43154,43431
9410,44662,44939
9411,35499,35762
9412,252,460
9413,30225,30464
9414,19612,19844
9415,12943,13167
9416,11514,11738
9417,16725,16952
9418,9542,9766
9419,23429,23666
9420,6809,7030
9421,36945,37217
9422,56358,56473
9423,41361,41637
9424,43992,44269
9425,14724,14949
9426,33047,33290
9427,12843,13067
9428,17066,17295
9429,42191,42467
9430,34928,35190
9431,39162,39435
9432,45461,45740
9433,43389,43666
9434,39555,39829
9435,44841,45118
9436,39504,39778
9437,27878,28117
9438,29359,29598
9439,44299,44576
9440,19622,19854
9441,17734,17963
9442,43513,43790
9443,51432,51533
9444,26174,26413
9445,4945,5166
9446,6886,7107
9447,50127,50226
9448,5351,5572
9449,14886,15111
9450,34645,34902
9451,1483,1694
9452,37009,37281
9453,42950,43227
9454,13855,14080
9455,28449,28688
9456,56136,56250
9457,52529,52636
9458,36324,36596
9459,5683,5904
9460,8359,8581
9461,43722,43999
9462,32771,33014
9463,52622,52729
9464,27849,28088
9465,37688,37961
9466,43765,44042
9467,23920,24157
9468,30706,30945
9469,27164,27403
9470,10265,10489
9471,12286,12510
9472,33860,34107
9473,8123,8345
9474,2507,2721
9475,30934,31173
9476,41068,41344
9477,49479,49559
9478,10937,11161
9479,2337,2549
9480,54993,55106
9481,30180,30419
9482,42599,42876
9483,34542,34799
9484,24194,24431
9485,47989,48067
9486,26980,27219
9487,10148,10372
9488,685,895
9489,56083,56197
9490,12423,12647
9491,5232,5453
9492,53793,53903
9493,22699,22936
9494,50075,50173
9495,20078,20311
9496,28377,28616
9497,1799,2010
9498,18749,18979
9499,53992,54103
9500,7108,7330
9501,4193,4414
9502,29145,29384
9503,38952,39225
9504,8483,8705
9505,22711,22948
9506,38395,38668
9507,53086,53193
9508,12118,12342
9509,55740,55854
9510,4258,4479
9511,26300,26539
9512,4047,4265
9513,9198,9421
9514,45162,45439
9515,48699,48778
9516,39061,39334
9517,18531,18761
9518,36051,36322
9519,37411,37684
9520,47427,47712
9521,15107,15332
9522,13806,14031
9523,16898,17125
9524,8150,8372
9525,48221,48300
9526,32531,32774
9527,10243,10467
9528,38107,38380
9529,31807,32049
9530,43581,43858
9531,24561,24798
9532,14062,14287
9533,24743,24980
9534,34236,34486
9535,1514,1725
9536,40334,40609
9537,46417,46698
9538,6197,6418
9539,10402,10626
9540,32323,32566
9541,17525,17754
9542,3196,3412
9543,48469,48548
9544,12919,13143
9545,15645,15870
9546,54552,54663
9547,53465,53574
9548,8629,8851
9549,45644,45923
9550,40901,41176
9551,20684,20919
9552,48219,48298
9553,6740,6961
9554,33601,33847
9555,5595,5816
9556,21201,21436
9557,12516,12740
9558,50334,50434
9559,21560,21796
9560,9874,10098
9561,19610,19842
9562,53645,53755
9563,19073,19304
9564,49788,49868
9565,16889,17116
9566,56444,56559
9567,25938,26177
9568,40466,40741
9569,10652,10876
9570,49677,49757
9571,54789,54900
9572,56538,56653
9573,15576,15801
9574,44915,45192
9575,46831,47115
9576,46,254
9577,22358,22594
9578,33626,33872
9579,54012,54123
9580,32994,33237
9581,28357,28596
9582,21845,22081
9583,23257,23494
9584,24545,24782
9585,21520,21756
9586,21428,21664
9587,24529,24766
9588,8420,8642
9589,49726,49806
9590,13760,13985
9591,17456,17685
9592,41710,41986
9593,3393,3609
9594,47020,47305
9595,22558,22794
9596,35003,35265
9597,33413,33659
9598,18384,18614
9599,33547,33793
9600,14215,14440
9601,7000,7222
9602,15592,15817
9603,12036,12260
9604,19395,19626
9605,5310,5531
9606,6702,6923
9607,54333,54444
9608,9651,9875
9609,39350,39623
9610,39674,39948
9611,2026,2237
9612,14473,14698
9613,30827,31066
9614,48670,48749
9615,14783,15008
9616,38012,38285
9617,45291,45569
9618,34600,34857
9619,31297,31538
9620,20940,21175
9621,4810,5031
9622,31428,31669
9623,34046,34293
9624,10488,10712
9625,32574,32817
9626,51485,51586
9627,42971,43248
9628,11137,11361
9629,7846,8068
9630,55881,55995
9631,3423,3639
9632,55659,55773
9633,29689,29928
9634,45972,46253
9635,14962,15187
9636,35371,35634
9637,28509,28748
9638,28922,29161
9639,38937,39210
9640,33809,34056
9641,34430,34680
9642,779,989
9643,50033,50131
9644,48792,48871
9645,37291,37564
9646,19756,19989
9647,47690,83
9648,41652,41928
9649,45346,45624
9650,21311,21546
9651,11191,11415
9652,55215,55328
9653,37931,38204
9654,42525,42801
9655,6938,7160
9656,6903,7124
9657,56469,56584
9658,55482,55596
9659,10556,10780
9660,33641,33887
9661,25336,25574
9662,49585,49665
9663,32340,32583
9664,22440,22676
9665,15729,15954
9666,14402,14627
9667,6250,6471
9668,19035,19266
9669,53634,53744
9670,574,783
9671,31727,31968
9672,22649,22886
9673,54742,54853
9674,47024,47309
9675,40467,40742
9676,49042,49121
9677,55785,55899
9678,4283,4504
9679,9027,9250
9680,41244,41520
9681,43105,43382
9682,10865,11089
9683,1068,1278
9684,37047,37319
9685,43817,44094
9686,32083,32325
9687,5821,6042
9688,51000,51101
9689,6249,6470
9690,8303,8525
9691,17657,17886
9692,11741,11965
9693,44396,44673
9694,25486,25724
9695,11660,11884
9696,56200,56314
9697,15292,15517
9698,1507,1718
9699,26747,26986
9700,21016,21251
9701,11972,12196
9702,31862,32104
9703,28897,29136
9704,6893,7114
9705,45204,45482
9706,4729,4950
9707,7019,7241
9708,44023,44300
9709,41810,42086
9710,31753,31994
9711,24829,25066
9712,30829,31068
9713,39529,39803
9714,28140,28379
9715,13097,13321
9716,45871,46150
9717,34179,34429
9718,4046,4264
9719,52474,52581
9720,44453,44730
9721,43672,43949
9722,56278,56392
9723,54977,55090
9724,28312,28551
9725,2957,3172
9726,26499,26738
9727,56016,56130
9728,38602,38875
9729,35198,35460
9730,32792,33035
9731,46862,47146
9732,36453,36725
9733,47962,48040
9734,18705,18935
9735,15478,15703
9736,18404,18634
9737,34062,34309
9738,42992,43269
9739,35085,35347
9740,8794,9017
9741,48556,48635
9742,11142,11366
9743,31593,31834
9744,56604,56719
9745,12873,13097
9746,56480,56595
9747,31823,32065
9748,53310,53418
9749,31879,32121
9750,27537,27776
9751,38575,38848
9752,40838,41113
9753,44309,44586
9754,32862,33105
9755,56793,56908
9756,3630,3847
9757,41360,41636
9758,36529,36801
9759,46507,46790
9760,6653,6874
9761,39200,39473
9762,16223,16448
9763,54936,55047
9764,29243,29482
9765,31903,32145
9766,54825,54936
9767,43291,43568
9768,22566,22802
9769,5315,5536
9770,2145,2356
9771,6401,6622
9772,5370,5591
9773,38291,38564
9774,9730,9954
9775,20922,21157
9776,5089,5310
9777,4805,5026
9778,32248,32491
9779,20878,21113
9780,19829,20062
9781,50452,50552
9782,20249,20482
9783,39595,39869
9784,46085,46366
9785,30676,30915
9786,46791,47075
9787,19759,19992
9788,22499,22735
9789,16717,16944
9790,14255,14480
9791,54114,54225
9792,15710,15935
9793,38310,38583
9794,28731,28970
9795,15118,15343
9796,39969,40243
9797,25861,26100
9798,8304,8526
9799,6360,6581
9800,26998,27237
9801,22644,22881
9802,22780,23017
9803,7771,7993
9804,20224,20457
9805,52127,52232
9806,6260,6481
9807,19103,19334
9808,19839,20072
9809,16999,17226
9810,8791,9014
9811,12600,12824
9812,6444,6665
9813,46572,46855
9814,34106,34356
9815,27138,27377
9816,28335,28574
9817,460,669
9818,37704,37977
9819,42416,42692
9820,39272,39545
9821,20107,20340
9822,44785,45062
9823,43107,43384
9824,3963,4181
9825,25491,25729
9826,34262,34512
9827,42738,43015
9828,20811,21046
9829,1387,1598
9830,13552,13776
9831,56954,57069
9832,12791,13015
9833,845,1055
9834,48929,49008
9835,44848,45125
9836,35408,35671
9837,36076,36347
9838,11583,11807
9839,19373,19604
9840,56585,56700
9841,34666,34923
9842,9511,9735
9843,40156,40430
9844,38150,38423
9845,56459,56574
9846,55902,56016
9847,2955,3170
9848,44021,44298
9849,52279,52385
9850,39013,39286
9851,53871,53982
9852,39076,39349
9853,44762,45039
9854,126,334
9855,33336,33582
9856,28864,29103
9857,31550,31791
9858,16272,16497
9859,47025,47310
9860,55919,56033
9861,42188,42464
9862,28352,28591
9863,25015,25252
9864,9787,10011
9865,6106,6327
9866,47299,47584
9867,40416,40691
9868,27185,27424
9869,54130,54241
9870,43726,44003
9871,24410,24647
9872,10213,10437
9873,5434,5655
9874,28203,28442
9875,12904,13128
9876,18682,18912
9877,341,550
9878,51902,52007
9879,17030,17259
9880,7919,8141
9881,11184,11408
9882,46755,47039
9883,22339,22575
9884,56755,56870
9885,38261,38534
9886,51786,51891
9887,33302,33548
9888,12854,13078
9889,53518,53627
9890,43508,43785
9891,51517,51618
9892,7315,7537
9893,54880,54991
9894,32928,33171
9895,7761,7983
9896,33753,34000
9897,52839,52946
9898,53128,53235
9899,33266,33512
9900,52878,52985
9901,36834,37106
9902,8452,8674
9903,40024,40298
9904,22457,22693
9905,38142,38415
9906,53272,53379
9907,4889,5110
9908,38609,38882
9909,4330,4551
9910,55492,55606
9911,6972,7194
9912,52190,52295
9913,55227,55340
9914,6785,7006
9915,39546,39820
9916,48073,48151
9917,37732,38005
9918,42330,42606
9919,20196,20429
9920,45750,46029
9921,17049,17278
9922,56569,56684
9923,28022,28261
9924,34592,34849
9925,39922,40196
9926,53163,53270
9927,27156,27395
9928,27292,27531
9929,28015,28254
9930,56463,56578
9931,44828,45105
9932,41917,42193
9933,49791,49871
9934,3328,3544
9935,9350,9573
9936,39568,39842
9937,35730,35995
9938,56946,57061
9939,29123,29362
9940,20047,20280
9941,8525,8747
9942,11028,11252
9943,39403,39676
9944,37046,37318
9945,16853,17080
9946,54537,54648
9947,43948,44225
9948,13490,13714
9949,13604,13828
9950,32096,32338
9951,11794,12018
9952,49292,49372
9953,29068,29307
9954,38935,39208
9955,10005,10229
9956,40316,40591
9957,16678,16905
9958,10847,11071
9959,15110,15335
9960,33165,33411
9961,11343,11567
9962,35764,36029
9963,32466,32709
9964,2848,3062
9965,36230,36501
9966,18647,18877
9967,20520,20755
9968,48840,48919
9969,49708,49788
9970,53734,53844
9971,23170,23407
9972,25480,25718
9973,51481,51582
9974,30327,30566
9975,6230,6451
9976,26869,27108
9977,26816,27055
9978,50979,51080
9979,56974,57089
9980,207,415
9981,11118,11342
9982,7507,7729
9983,49430,49510
9984,8070,8292
9985,31049,31289
9986,33876,34123
9987,4132,4353
9988,2152,2363
9989,52561,52668
9990,21491,21727
9991,10713,10937
9992,30686,30925
9993,38234,38507
9994,43191,43468
9995,48900,48979
9996,11102,11326
9997,6765,6986
9998,24870,25107
9999,17701,17930
10000,38258,38531
10001,15222,15447
10002,8620,8842
10003,47173,47458
10004,180,388
10005,19235,19466
10006,44359,44636
10007,47380,47665
10008,43393,43670
10009,13763,13988
10010,56241,56355
10011,7732,7954
10012,27692,27931
10013,28717,28956
10014,7687,7909
10015,20254,20487
10016,4483,4704
10017,41362,41638
10018,42289,42565
10019,35963,36229
10020,12033,12257
10021,40679,40953
10022,25439,25677
10023,11230,11454
10024,11083,11307
10025,21534,21770
10026,47474,47759
10027,11957,12181
10028,15607,15832
10029,47681,74
10030,48099,48178
10031,1872,2083
10032,38449,38722
10033,38640,38913
10034,5015,5236
10035,31216,31456
10036,8138,8360
10037,32116,32358
10038,14610,14835
10039,1033,1243
10040,41867,42143
10041,16593,16818
10042,42016,42292
10043,48924,49003
10044,54979,55092
10045,8676,8898
10046,17348,17577
10047,35733,35998
10048,35056,35318
10049,36584,36856
10050,12746,12970
10051,14749,14974
10052,34313,34563
10053,51009,51110
10054,30071,30310
10055,8236,8458
10056,45384,45662
10057,51266,51367
10058,43364,43641
10059,36548,36820
10060,46575,46858
10061,45211,45489
10062,30394,30633
10063,26402,26641
10064,35146,35408
10065,23574,23811
10066,37517,37790
10067,25052,25289
10068,44494,44771
10069,16750,16977
10070,2774,2988
10071,17489,17718
10072,24151,24388
10073,52343,52450
10074,33079,33322
10075,44175,44452
10076,52115,52220
10077,12893,13117
10078,18140,18370
10079,10563,10787
10080,50472,50572
10081,31625,31866
10082,12342,12566
10083,23388,23625
10084,39322,39595
10085,8687,8909
10086,38300,38573
10087,35095,35357
10088,21284,21519
10089,46972,47257
10090,36077,36348
10091,37204,37477
10092,56531,56646
10093,15431,15656
10094,36996,37268
10095,28028,28267
10096,39681,39955
10097,44918,45195
10098,6870,7091
10099,9399,9622
10100,36326,36598
10101,25561,25799
10102,16130,16355
10103,53322,53430
10104,54531,54642
10105,21557,21793
10106,24754,24991
10107,33906,34153
10108,6456,6677
10109,7022,7244
10110,18350,18580
10111,21199,21434
10112,9213,9436
10113,17554,17783
10114,14606,14831
10115,3883,4101
10116,42955,43232
10117,17627,17856
10118,19281,19512
10119,38681,38954
10120,29983,30222
10121,17314,17543
10122,29997,30236
10123,25557,25795
10124,28358,28597
10125,5731,5952
10126,56638,56753
10127,54078,54189
10128,11494,11718
10129,25656,25894
10130,26034,26273
10131,56389,56504
10132,9301,9524
10133,16455,16680
10134,244,452
10135,12679,12903
10136,13743,13968
10137,22298,22534
10138,2463,2676
10139,48346,48425
10140,27298,27537
10141,7116,7338
10142,17986,18216
10143,50828,50929
10144,1908,2119
10145,28700,28939
10146,553,762
10147,51818,51923
10148,25916,26155
10149,5846,6067
10150,11636,11860
10151,19753,19986
10152,3536,3752
10153,40058,40332
10154,51871,51976
10155,35292,35554
10156,14351,14576
10157,43319,43596
10158,14116,14341
10159,32756,32999
10160,29156,29395
10161,55203,55316
10162,26290,26529
10163,13748,13973
10164,6510,6731
10165,48460,48539
10166,39090,39363
10167,52324,52431
10168,4616,4837
10169,36127,36398
10170,22737,22974
10171,29684,29923
10172,48415,48494
10173,31559,31800
10174,50933,51034
10175,22273,22509
10176,29271,29510
10177,15183,15408
10178,11992,12216
10179,25012,25249
10180,20757,20992
10181,5851,6072
10182,20167,20400
10183,10174,10398
10184,13735,13960
10185,34805,35062
10186,17010,17239
10187,9034,9257
10188,49094,49173
10189,39915,40189
10190,7958,8180
10191,12529,12753
10192,47153,47438
10193,48631,48710
10194,55041,55154
10195,24362,24599
10196,25233,25471
10197,20703,20938
10198,53280,53387
10199,49,257
10200,53790,53900
10201,8436,8658
10202,25042,25279
10203,25841,26079
10204,6840,7061
10205,56203,56317
10206,1026,1236
10207,22315,22551
10208,13991,14216
10209,12220,12444
10210,5755,5976
10211,17811,18040
10212,53144,53251
10213,7808,8030
10214,40904,41179
10215,13137,13361
10216,2423,2636
10217,12617,12841
10218,23412,23649
10219,18568,18798
10220,48248,48327
10221,56841,56956
10222,41473,41749
10223,47801,194
10224,37500,37773
10225,35819,36084
10226,6426,6647
10227,3363,3579
10228,9527,9751
10229,994,1204
10230,43216,43493
10231,47588,47873
10232,37392,37665
10233,40902,41177
10234,46388,46669
10235,33952,34199
10236,31477,31718
10237,37140,37412
10238,24265,24502
10239,21150,21385
10240,20405,20638
10241,29254,29493
10242,21496,21732
10243,34893,35151
10244,51487,51588
10245,40219,40494
10246,16637,16864
10247,11237,11461
10248,37518,37791
10249,35284,35546
10250,23706,23943
10251,39929,40203
10252,3929,4147
10253,40536,40811
10254,37407,37680
10255,37663,37936
10256,32383,32626
10257,39905,40179
10258,15836,16061
10259,5212,5433
10260,32974,33217
10261,36804,37076
10262,45866,46145
10263,18028,18258
10264,23537,23774
10265,9072,9295
10266,37909,38182
10267,27059,27298
10268,23713,23950
10269,32933,33176
10270,16804,17031
10271,22307,22543
10272,17620,17849
10273,46169,46450
10274,41670,41946
10275,28152,28391
10276,2540,2754
10277,22741,22978
10278,2360,2572
10279,50855,50956
10280,6624,6845
10281,51121,51222
10282,31244,31485
10283,19496,19727
10284,7966,8188
10285,35392,35655
10286,51404,51505
10287,55601,55715
10288,33013,33256
10289,20775,21010
10290,41978,42254
10291,54614,54725
10292,38766,39039
10293,38016,38289
10294,11441,11665
10295,40461,40736
10296,49311,49391
10297,56759,56874
10298,34250,34500
10299,6463,6684
10300,7244,7466
10301,49129,49208
10302,575,784
10303,54209,54320
10304,20866,21101
10305,45378,45656
10306,25538,25776
10307,14661,14886
10308,44089,44366
10309,44122,44399
10310,10437,10661
10311,56344,56459
10312,1569,1780
10313,4588,4809
10314,25420,25658
10315,760,970
10316,18714,18944
10317,13401,13625
10318,38458,38731
10319,5931,6152
10320,43369,43646
10321,33743,33990
10322,1288,1499
10323,27356,27595
10324,42609,42886
10325,33385,33631
10326,27627,27866
10327,914,1124
10328,48535,48614
10329,20469,20704
10330,34335,34585
10331,23615,23852
10332,22137,22373
10333,25610,25848
10334,52592,52699
10335,43596,43873
10336,1243,1453
10337,4750,4971
10338,38249,38522
10339,29014,29253
10340,36044,36315
10341,13322,13546
10342,30355,30594
10343,11215,11439
10344,41936,42212
10345,49198,49278
10346,40770,41045
10347,7329,7551
10348,15137,15362
10349,54558,54669
10350,21507,21743
10351,7909,8131
10352,49393,49473
10353,49636,49716
10354,47978,48056
10355,51632,51735
10356,6619,6840
10357,35514,35777
10358,32464,32707
10359,43806,44083
10360,41346,41622
10361,27903,28142
10362,16521,16746
10363,47799,192
10364,16643,16870
10365,17095,17324
10366,10020,10244
10367,30028,30267
10368,54099,54210
10369,31967,32209
10370,56454,56569
10371,48843,48922
10372,45832,46111
10373,37910,38183
10374,6910,7131
10375,45193,45471
10376,30358,30597
10377,26105,26344
10378,38161,38434
10379,28748,28987
10380,47826,219
10381,20285,20518
10382,21459,21695
10383,34145,34395
10384,28276,28515
10385,25261,25499
10386,19551,19782
10387,4732,4953
10388,49061,49140
10389,55937,56051
10390,44925,45202
10391,14157,14382
10392,13984,14209
10393,56702,56817
10394,49382,49462
10395,30557,30796
10396,55637,55751
10397,53893,54004
10398,11042,11266
10399,48779,48858
10400,39438,39711
10401,49501,49581
10402,8854,9077
10403,51525,51626
10404,27621,27860
10405,14250,14475
10406,52280,52386
10407,22331,22567
10408,1926,2137
10409,54952,55063
10410,35367,35630
10411,17320,17549
10412,28443,28682
10413,36798,37070
10414,49108,49187
10415,76,284
10416,49337,49417
10417,48935,49014
10418,8767,8990
10419,52367,52474
10420,49227,49307
10421,39630,39904
10422,50880,50981
10423,33227,33473
10424,2104,2315
10425,7863,8085
10426,5925,6146
10427,26048,26287
10428,18796,19027
10429,32439,32682
10430,48706,48785
10431,50167,50266
10432,17764,17993
10433,34193,34443
10434,48952,49031
10435,43504,43781
10436,20418,20651
10437,28975,29214
10438,23931,24168
10439,38375,38648
10440,16722,16949
10441,10857,11081
10442,54127,54238
10443,18586,18816
10444,3866,4084
10445,41892,42168
10446,33344,33590
10447,54512,54623
10448,8904,9127
10449,6412,6633
10450,28783,29022
10451,18477,18707
10452,4542,4763
10453,37613,37886
10454,2623,2837
10455,15173,15398
10456,15177,15402
10457,10341,10565
10458,26619,26858
10459,36260,36531
10460,45028,45305
10461,33276,33522
10462,36336,36608
10463,2357,2569
10464,3687,3904
10465,42854,43131
10466,43916,44193
10467,10355,10579
10468,55565,55679
10469,12395,12619
10470,2469,2683
10471,11422,11646
10472,1928,2139
10473,19160,19391
10474,20379,20612
10475,22088,22324
10476,1073,1283
10477,17758,17987
10478,44882,45159
10479,548,757
10480,2256,2468
10481,41989,42265
10482,1902,2113
10483,18002,18232
10484,1571,1782
10485,25119,25357
10486,11254,11478
10487,4994,5215
10488,4318,4539
10489,50524,50624
10490,45026,45303
10491,43327,43604
10492,44906,45183
10493,35753,36018
10494,32152,32394
10495,44557,44834
10496,1224,1434
10497,5659,5880
10498,8406,8628
10499,15954,16179
10500,98,306
10501,55627,55741
10502,140,348
10503,14800,15025
10504,46526,46809
10505,23791,24028
10506,32627,32870
10507,28434,28673
10508,47360,47645
10509,7287,7509
10510,47534,47819
10511,6183,6404
10512,14986,15211
10513,49800,49880
10514,53275,53382
10515,417,626
10516,12570,12794
10517,15522,15747
10518,1993,2204
10519,30987,31227
10520,35527,35790
10521,48579,48658
10522,22867,23104
10523,14390,14615
10524,13690,13914
10525,32023,32265
10526,40425,40700
10527,51944,52049
10528,552,761
10529,50489,50589
10530,8902,9125
10531,1805,2016
10532,13493,13717
10533,11803,12027
10534,8698,8921
10535,8165,8387
10536,12156,12380
10537,28789,29028
10538,9977,10201
10539,10236,10460
10540,4814,5035
10541,17417,17646
10542,17825,18054
10543,23025,23262
10544,38251,38524
10545,51365,51466
10546,10071,10295
10547,3245,3461
10548,16859,17086
10549,18071,18301
10550,11186,11410
10551,36448,36720
10552,21211,21446
10553,39702,39976
10554,15115,15340
10555,30265,30504
10556,49398,49478
10557,32240,32483
10558,11700,11924
10559,25936,26175
10560,30145,30384
10561,975,1185
10562,5760,5981
10563,48947,49026
10564,55669,55783
10565,27305,27544
10566,17819,18048
10567,48995,49074
10568,31566,31807
10569,33845,34092
10570,47833,226
10571,23703,23940
10572,19226,19457
10573,24809,25046
10574,15255,15480
10575,41999,42275
10576,14887,15112
10577,25654,25892
10578,48518,48597
10579,10866,11090
10580,6469,6690
10581,31562,31803
10582,8126,8348
10583,15636,15861
10584,51858,51963
10585,37960,38233
10586,17210,17439
10587,51810,51915
10588,3219,3435
10589,8760,8983
10590,50861,50962
10591,17951,18181
10592,26123,26362
10593,34419,34669
10594,48259,48338
10595,52830,52937
10596,23967,24204
10597,200,408
10598,37360,37633
10599,9039,9262
10600,1652,1863
10601,4548,4769
10602,25001,25238
10603,46071,46352
10604,56008,56122
10605,34704,34961
10606,29249,29488
10607,22287,22523
10608,26852,27091
10609,43856,44133
10610,31672,31913
10611,10353,10577
10612,45206,45484
10613,47646,39
10614,55882,55996
10615,16854,17081
10616,35005,35267
10617,46652,46935
10618,11282,11506
10619,38322,38595
10620,9001,9224
10621,43615,43892
10622,33716,33963
10623,37284,37557
10624,45049,45326
10625,52081,52186
10626,19775,20008
10627,40866,41141
10628,50061,50159
10629,41866,42142
10630,25996,26235
10631,33748,33995
10632,33211,33457
10633,50336,50436
10634,33623,33869
10635,44834,45111
10636,47053,47338
10637,21229,21464
10638,19376,19607
10639,993,1203
10640,31590,31831
10641,56696,56811
10642,47836,229
10643,55824,55938
10644,28468,28707
10645,14434,14659
10646,39751,40025
10647,17096,17325
10648,24153,24390
10649,42985,43262
10650,55487,55601
10651,26070,26309
10652,15717,15942
10653,37927,38200
10654,44612,44889
10655,43054,43331
10656,18369,18599
10657,5603,5824
10658,24722,24959
10659,1319,1530
10660,39381,39654
10661,41608,41884
10662,37056,37328
10663,25100,25338
10664,38752,39025
10665,22297,22533
10666,17895,18124
10667,25762,26000
10668,53696,53806
10669,45674,45953
10670,7677,7899
10671,30042,30281
10672,15647,15872
10673,4326,4547
10674,20296,20529
10675,30910,31149
10676,25582,25820
10677,20021,20254
10678,28427,28666
10679,18130,18360
10680,54434,54545
10681,3879,4097
10682,43915,44192
10683,47369,47654
10684,48401,48480
10685,34501,34758
10686,13589,13813
10687,33746,33993
10688,20441,20675
10689,3001,3216
10690,39285,39558
10691,18794,19025
10692,22648,22885
10693,30836,31075
10694,17506,17735
10695,21827,22063
10696,19018,19249
10697,46008,46289
10698,19858,20091
10699,34381,34631
10700,33998,34245
10701,26216,26455
10702,8328,8550
10703,17215,17444
10704,7668,7890
10705,21195,21430
10706,55491,55605
10707,9323,9546
10708,51545,51646
10709,39902,40176
10710,23621,23858
10711,44036,44313
10712,20997,21232
10713,9926,10150
10714,50402,50502
10715,33063,33306
10716,51710,51813
10717,45379,45657
10718,3386,3602
10719,46637,46920
10720,10637,10861
10721,45961,46242
10722,40408,40683
10723,50330,50430
10724,6724,6945
10725,37019,37291
10726,23965,24202
10727,4946,5167
10728,39703,39977
10729,40969,41245
10730,13758,13983
10731,3106,3321
10732,39894,40168
10733,50458,50558
10734,39161,39434
10735,4795,5016
10736,29200,29439
10737,42125,42401
10738,4727,4948
10739,49226,49306
10740,38624,38897
10741,19082,19313
10742,17060,17289
10743,40463,40738
10744,38934,39207
10745,44358,44635
10746,41304,41580
10747,196,404
10748,34104,34354
10749,24708,24945
10750,14842,15067
10751,51512,51613
10752,52234,52340
10753,5653,5874
10754,47772,165
10755,20732,20967
10756,39366,39639
10757,6589,6810
10758,6254,6475
10759,24022,24259
10760,49121,49200
10761,47113,47398
10762,50014,50112
10763,11211,11435
10764,16075,16300
10765,3142,3358
10766,45085,45362
10767,56093,56207
10768,14781,15006
10769,27344,27583
10770,3711,3929
10771,32351,32594
10772,43275,43552
10773,25344,25582
10774,41799,42075
10775,2333,2545
10776,23048,23285
10777,29850,30089
10778,30750,30989
10779,41638,41914
10780,14152,14377
10781,17728,17957
10782,22351,22587
10783,47878,47956
10784,44320,44597
10785,31633,31874
10786,2635,2849
10787,41911,42187
10788,17352,17581
10789,19791,20024
10790,55395,55509
10791,45330,45608
10792,56770,56885
10793,50398,50498
10794,29729,29968
10795,51696,51799
10796,15840,16065
10797,18238,18468
10798,6147,6368
10799,33058,33301
10800,21035,21270
10801,43826,44103
10802,43044,43321
10803,4845,5066
10804,28848,29087
10805,50847,50948
10806,6596,6817
10807,12540,12764
10808,41160,41436
10809,22605,22842
10810,31936,32178
10811,49570,49650
10812,6620,6841
10813,12539,12763
10814,54479,54590
10815,13,14
10816,21854,22090
10817,12209,12433
10818,24795,25032
10819,18587,18817
10820,20759,20994
10821,49089,49168
10822,26815,27054
10823,12292,12516
10824,26487,26726
10825,22536,22772
10826,27522,27761
10827,42390,42666
10828,1927,2138
10829,38554,38827
10830,55356,55470
10831,35914,36180
10832,23187,23424
10833,4419,4640
10834,56381,56496
10835,20458,20693
10836,52899,53006
10837,24101,24338
10838,53327,53435
10839,12742,12966
10840,39041,39314
10841,40648,40923
10842,24379,24616
10843,28664,28903
10844,15842,16067
10845,3066,3281
10846,23251,23488
10847,56397,56512
10848,24609,24846
10849,48773,48852
10850,856,1066
10851,29311,29550
10852,3921,4139
10853,15192,15417
10854,27579,27818
10855,12601,12825
10856,25271,25509
10857,51111,51212
10858,47078,47363
10859,6518,6739
10860,54687,54798
10861,4279,4500
10862,21961,22197
10863,15848,16073
10864,27197,27436
10865,31340,31581
10866,53801,53911
10867,56687,56802
10868,1958,2169
10869,30446,30685
10870,43801,44078
10871,27481,27720
10872,44942,45219
10873,37994,38267
10874,47171,47456
10875,48876,48955
10876,36478,36750
10877,7699,7921
10878,39813,40087
10879,23232,23469
10880,29908,30147
10881,11954,12178
10882,9096,9319
10883,26135,26374
10884,40726,41001
10885,26546,26785
10886,1318,1529
10887,27927,28166
10888,38595,38868
10889,40551,40826
10890,8802,9025
10891,24283,24520
10892,18860,19091
10893,27363,27602
10894,52758,52865
10895,30608,30847
10896,43299,43576
10897,3505,3721
10898,53286,53393
10899,1860,2071
10900,55400,55514
10901,39233,39506
10902,4892,5113
10903,14614,14839
10904,17706,17935
10905,8785,9008
10906,35464,35727
10907,7181,7403
10908,15762,15987
10909,40255,40530
10910,13536,13760
10911,14818,15043
10912,49014,49093
10913,47721,114
10914,8506,8728
10915,29704,29943
10916,4528,4749
10917,31044,31284
10918,27255,27494
10919,34599,34856
10920,34188,34438
10921,38529,38802
10922,36530,36802
10923,52525,52632
10924,42315,42591
10925,25131,25369
10926,51996,52101
10927,30316,30555
10928,28823,29062
10929,6372,6593
10930,49986,50083
10931,41736,42012
10932,3054,3269
10933,4451,4672
10934,51315,51416
10935,31880,32122
10936,13687,13911
10937,30271,30510
10938,14532,14757
10939,7822,8044
10940,1118,1328
10941,5051,5272
10942,41859,42135
10943,46724,47008
10944,27023,27262
10945,42522,42798
10946,15790,16015
10947,41226,41502
10948,49009,49088
10949,6050,6271
10950,8920,9143
10951,12824,13048
10952,54403,54514
10953,47227,47512
10954,56030,56144
10955,32296,32539
10956,26147,26386
10957,44020,44297
10958,22334,22570
10959,38848,39121
10960,26271,26510
10961,12846,13070
10962,44797,45074
10963,42889,43166
10964,24915,25152
10965,16070,16295
10966,53822,53933
10967,235,443
10968,48766,48845
10969,34862,35119
10970,12369,12593
10971,37552,37825
10972,53694,53804
10973,43022,43299
10974,9131,9354
10975,36248,36519
10976,44603,44880
10977,28459,28698
10978,34959,35221
10979,10445,10669
10980,51789,51894
10981,43072,43349
10982,25704,25942
10983,7448,7670
10984,49403,49483
10985,12728,12952
10986,49920,50016
10987,27210,27449
10988,34392,34642
10989,21182,21417
10990,20505,20740
10991,16341,16566
10992,22231,22467
10993,11638,11862
10994,52987,53094
10995,43471,43748
10996,25257,25495
10997,16603,16828
10998,43692,43969
10999,44572,44849
11000,44577,44854
11001,5944,6165
11002,14295,14520
11003,36508,36780
11004,18709,18939
11005,39581,39855
11006,55668,55782
11007,32788,33031
11008,17875,18104
11009,28672,28911
11010,979,1189
11011,30561,30800
11012,31447,31688
11013,45984,46265
11014,8878,9101
11015,17247,17476
11016,51275,51376
11017,2934,3148
11018,11086,11310
11019,34884,35142
11020,14325,14550
11021,48132,48211
11022,5378,5599
11023,11993,12217
11024,18471,18701
11025,40980,41256
11026,28386,28625
11027,24146,24383
11028,7396,7618
11029,33440,33686
11030,50208,50308
11031,30724,30963
11032,29980,30219
11033,35904,36170
11034,48427,48506
11035,55755,55869
11036,38347,38620
11037,48688,48767
11038,38850,39123
11039,52712,52819
11040,31695,31936
11041,17112,17341
11042,37558,37831
11043,37980,38253
11044,28283,28522
11045,12772,12996
11046,34759,35016
11047,51803,51908
11048,51531,51632
11049,4781,5002
11050,28470,28709
11051,45324,45602
11052,54613,54724
11053,38527,38800
11054,40192,40466
11055,23909,24146
11056,21096,21331
11057,31067,31307
11058,14373,14598
11059,26953,27192
11060,21210,21445
11061,21446,21682
11062,36627,36899
11063,27874,28113
11064,33192,33438
11065,56094,56208
11066,6008,6229
11067,40689,40963
11068,1130,1340
11069,41767,42043
11070,41209,41485
11071,53662,53772
11072,34578,34835
11073,20900,21135
11074,4272,4493
11075,3031,3246
11076,18176,18406
11077,22629,22866
11078,16227,16452
11079,36805,37077
11080,4665,4886
11081,5158,5379
11082,46559,46842
11083,44248,44525
11084,56468,56583
11085,1156,1366
11086,44397,44674
11087,34547,34804
11088,12460,12684
11089,22255,22491
11090,27495,27734
11091,36134,36405
11092,28171,28410
11093,4562,4783
11094,23778,24015
11095,9151,9374
11096,33555,33801
11097,27616,27855
11098,19946,20179
11099,3790,4008
11100,41463,41739
11101,39957,40231
11102,48255,48334
11103,4838,5059
11104,13242,13466
11105,7246,7468
11106,44209,44486
11107,54575,54686
11108,49055,49134
11109,54965,55076
11110,14162,14387
11111,8824,9047
11112,51882,51987
11113,45505,45784
11114,3614,3831
11115,29012,29251
11116,9650,9874
11117,16437,16662
11118,10677,10901
11119,38136,38409
11120,41759,42035
11121,38110,38383
11122,41485,41761
11123,35105,35367
11124,19458,19689
11125,14908,15133
11126,487,696
11127,56123,56237
11128,48902,48981
11129,15126,15351
11130,19633,19865
11131,11121,11345
11132,3178,3394
11133,46646,46929
11134,5605,5826
11135,10413,10637
11136,52454,52561
11137,7292,7514
11138,17969,18199
11139,525,734
11140,3286,3502
11141,36102,36373
11142,39280,39553
11143,35025,35287
11144,54693,54804
11145,35391,35654
11146,45670,45949
11147,13103,13327
11148,34202,34452
11149,26436,26675
11150,40367,40642
11151,42566,42843
11152,49499,49579
11153,37572,37845
11154,30508,30747
11155,44189,44466
11156,39666,39940
11157,29263,29502
11158,33449,33695
11159,33143,33389
11160,54440,54551
11161,46677,46961
11162,45232,45510
11163,38936,39209
11164,13297,13521
11165,8971,9194
11166,40071,40345
11167,7768,7990
11168,13454,13678
11169,385,594
11170,26850,27089
11171,56808,56923
11172,45024,45301
11173,43004,43281
11174,14328,14553
11175,24168,24405
11176,44195,44472
11177,4910,5131
11178,50199,50299
11179,13651,13875
11180,7803,8025
11181,34156,34406
11182,4104,4325
11183,51815,51920
11184,614,824
11185,33558,33804
11186,25414,25652
11187,24067,24304
11188,6418,6639
11189,14189,14414
11190,24144,24381
11191,16943,17170
11192,51048,51149
11193,4167,4388
11194,20384,20617
11195,43897,44174
11196,26591,26830
11197,50263,50363
11198,42130,42406
11199,17913,18142
11200,49074,49153
11201,502,711
11202,14477,14702
11203,8703,8926
11204,42404,42680
11205,52635,52742
11206,33251,33497
11207,12300,12524
11208,45817,46096
11209,49693,49773
11210,25989,26228
11211,40388,40663
11212,45385,45663
11213,40690,40964
11214,48810,48889
11215,15444,15669
11216,8311,8533
11217,40879,41154
11218,19616,19848
11219,35135,35397
11220,56900,57015
11221,34553,34810
11222,9077,9300
11223,14350,14575
11224,51541,51642
11225,18118,18348
11226,20944,21179
11227,19892,20125
11228,1029,1239
11229,14991,15216
11230,4382,4603
11231,54850,54961
11232,44636,44913
11233,47713,106
11234,31640,31881
11235,17524,17753
11236,42322,42598
11237,21066,21301
11238,19508,19739
11239,51949,52054
11240,45998,46279
11241,35903,36169
11242,52800,52907
11243,20885,21120
11244,47074,47359
11245,24731,24968
11246,53954,54065
11247,6084,6305
11248,15256,15481
11249,29757,29996
11250,7883,8105
11251,29541,29780
11252,38303,38576
11253,51878,51983
11254,10626,10850
11255,51707,51810
11256,182,390
11257,27848,28087
11258,52840,52947
11259,7249,7471
11260,36565,36837
11261,21692,21928
11262,42094,42370
11263,30011,30250
11264,35624,35888
11265,27373,27612
11266,37787,38060
11267,12718,12942
11268,20056,20289
11269,41487,41763
11270,16788,17015
11271,46803,47087
11272,8955,9178
11273,1544,1755
11274,32860,33103
11275,33038,33281
11276,56134,56248
11277,47221,47506
11278,28101,28340
11279,10669,10893
11280,56847,56962
11281,42908,43185
11282,43087,43364
11283,55548,55662
11284,35286,35548
11285,30458,30697
11286,6929,7151
11287,42283,42559
11288,30919,31158
11289,310,518
11290,5452,5673
11291,41913,42189
11292,5782,6003
11293,52717,52824
11294,12676,12900
11295,30641,30880
11296,13790,14015
11297,41882,42158
11298,42811,43088
11299,56528,56643
11300,9939,10163
11301,3906,4124
11302,15068,15293
11303,16105,16330
11304,52433,52540
11305,48583,48662
11306,50239,50339
11307,38497,38770
11308,2058,2269
11309,31556,31797
11310,41796,42072
11311,31177,31417
11312,41535,41811
11313,35322,35584
11314,48399,48478
11315,12264,12488
11316,10086,10310
11317,53088,53195
11318,51682,51785
11319,33645,33891
11320,53424,53533
11321,15024,15249
11322,1307,1518
11323,10576,10800
11324,21179,21414
11325,11511,11735
11326,5878,6099
11327,7872,8094
11328,48237,48316
11329,20563,20798
11330,43352,43629
11331,46675,46958
11332,14194,14419
11333,12892,13116
11334,4603,4824
11335,25490,25728
11336,38432,38705
11337,38239,38512
11338,8220,8442
11339,40862,41137
11340,5060,5281
11341,18106,18336
11342,34855,35112
11343,16407,16632
11344,6955,7177
11345,27488,27727
11346,22583,22819
11347,492,701
11348,52150,52255
11349,16115,16340
11350,7389,7611
11351,50256,50356
11352,37915,38188
11353,5425,5646
11354,22779,23016
11355,33566,33812
11356,51780,51885
11357,15529,15754
11358,4405,4626
11359,45041,45318
11360,20440,20673
11361,26172,26411
11362,53235,53342
11363,48808,48887
11364,18269,18499
11365,4259,4480
11366,26246,26485
11367,6673,6894
11368,51168,51269
11369,25334,25572
11370,4601,4822
11371,54006,54117
11372,4843,5064
11373,31993,32235
11374,5383,5604
11375,51762,51867
11376,38785,39058
11377,46126,46407
11378,32098,32340
11379,41092,41368
11380,50791,50892
11381,26,234
11382,27583,27822
11383,24805,25042
11384,35283,35545
11385,44057,44334
11386,189,397
11387,8161,8383
11388,32115,32357
11389,54728,54839
11390,33072,33315
11391,10984,11208
11392,18374,18604
11393,49562,49642
11394,31024,31264
11395,21671,21907
11396,36088,36359
11397,28477,28716
11398,7126,7348
11399,56817,56932
11400,27642,27881
11401,27939,28178
11402,14307,14532
11403,47249,47534
11404,26624,26863
11405,43318,43595
11406,45760,46039
11407,29671,29910
11408,28997,29236
11409,27194,27433
11410,25718,25956
11411,40987,41263
11412,50586,50686
11413,10075,10299
11414,2930,3144
11415,36866,37138
11416,19590,19822
11417,43964,44241
11418,11024,11248
11419,45484,45763
11420,21719,21955
11421,47617,47902
11422,55262,55375
11423,5891,6112
11424,22929,23166
11425,13162,13386
11426,23420,23657
11427,14179,14404
11428,7787,8009
11429,50403,50503
11430,15919,16144
11431,15390,15615
11432,34668,34925
11433,39282,39555
11434,23650,23887
11435,21587,21823
11436,47783,176
11437,4263,4484
11438,4403,4624
11439,718,928
11440,36687,36959
11441,45602,45881
11442,49703,49783
11443,42058,42334
11444,6438,6659
11445,14928,15153
11446,34667,34924
11447,30054,30293
11448,55168,55281
11449,36628,36900
11450,19472,19703
11451,24141,24378
11452,54453,54564
11453,44513,44790
11454,23014,23251
11455,31994,32236
11456,42834,43111
11457,26425,26664
11458,46778,47062
11459,54406,54517
11460,37776,38049
11461,4187,4408
11462,21148,21383
11463,26862,27101
11464,18557,18787
11465,27001,27240
11466,9855,10079
11467,38292,38565
11468,41998,42274
11469,52455,52562
11470,16207,16432
11471,48328,48407
11472,10315,10539
11473,15047,15272
11474,34675,34932
11475,1558,1769
11476,37316,37589
11477,18271,18501
11478,15073,15298
11479,41725,42001
11480,50187,50287
11481,6424,6645
11482,40452,40727
11483,21977,22213
11484,18715,18945
11485,5627,5848
11486,33177,33423
11487,51940,52045
11488,11553,11777
11489,55276,55389
11490,30736,30975
11491,47118,47403
11492,28225,28464
11493,5587,5808
11494,19865,20098
11495,24098,24335
11496,19191,19422
11497,26488,26727
11498,19969,20202
11499,2272,2484
11500,4390,4611
11501,14004,14229
11502,29668,29907
11503,21180,21415
11504,54476,54587
11505,29144,29383
11506,36383,36655
11507,1204,1414
11508,12673,12897
11509,56270,56384
11510,54546,54657
11511,20201,20434
11512,5555,5776
11513,10147,10371
11514,30264,30503
11515,31645,31886
11516,40701,40975
11517,55539,55653
11518,11654,11878
11519,43756,44033
11520,55793,55907
11521,29785,30024
11522,46025,46306
11523,30331,30570
11524,7433,7655
11525,36705,36977
11526,32948,33191
11527,53739,53849
11528,49068,49147
11529,30865,31104
11530,48965,49044
11531,56426,56541
11532,360,569
11533,40048,40322
11534,51267,51368
11535,17661,17890
11536,5823,6044
11537,22476,22712
11538,50568,50668
11539,51573,51674
11540,32459,32702
11541,22281,22517
11542,2554,2768
11543,7023,7245
11544,16897,17124
11545,5267,5488
11546,46759,47043
11547,44490,44767
11548,44430,44707
11549,21353,21589
11550,1128,1338
11551,31446,31687
11552,24015,24252
11553,28533,28772
11554,51391,51492
11555,11928,12152
11556,34143,34393
11557,744,954
11558,30052,30291
11559,14200,14425
11560,308,516
11561,43230,43507
11562,52242,52348
11563,36097,36368
11564,6310,6531
11565,5962,6183
11566,7762,7984
11567,11403,11627
11568,32947,33190
11569,2668,2882
11570,35873,36139
11571,32622,32865
11572,50390,50490
11573,16281,16506
11574,48482,48561
11575,46187,46468
11576,13159,13383
11577,52773,52880
11578,4396,4617
11579,23895,24132
11580,36588,36860
11581,36049,36320
11582,34163,34413
11583,33332,33578
11584,30633,30872
11585,17529,17758
11586,38241,38514
11587,31035,31275
11588,21511,21747
11589,30084,30323
11590,42844,43121
11591,52992,53099
11592,12459,12683
11593,46739,47023
11594,21084,21319
11595,959,1169
11596,24719,24956
11597,4313,4534
11598,39227,39500
11599,37907,38180
11600,26497,26736
11601,35149,35411
11602,24452,24689
11603,34998,35260
11604,54636,54747
11605,40952,41228
11606,30587,30826
11607,47122,47407
11608,20702,20937
11609,34502,34759
11610,39414,39687
11611,18847,19078
11612,8092,8314
11613,37395,37668
11614,45375,45653
11615,26553,26792
11616,22432,22668
11617,374,583
11618,9126,9349
11619,22149,22385
11620,13923,14148
11621,51307,51408
11622,30584,30823
11623,771,981
11624,8813,9036
11625,7363,7585
11626,43780,44057
11627,13964,14189
11628,52605,52712
11629,29735,29974
11630,4032,4250
11631,12142,12366
11632,47116,47401
11633,51089,51190
11634,12738,12962
11635,55831,55945
11636,35531,35794
11637,5083,5304
11638,24147,24384
11639,3869,4087
11640,30395,30634
11641,51764,51869
11642,27850,28089
11643,35765,36030
11644,5504,5725
11645,27726,27965
11646,18247,18477
11647,31311,31552
11648,38760,39033
11649,16578,16803
11650,2541,2755
11651,30877,31116
11652,6,7
11653,28435,28674
11654,32526,32769
11655,10787,11011
11656,46669,46952
11657,34845,35102
11658,8084,8306
11659,29261,29500
11660,7688,7910
11661,28223,28462
11662,47908,47986
11663,51750,51855
11664,17805,18034
11665,4551,4772
11666,15154,15379
11667,11884,12108
11668,27010,27249
11669,44996,45273
11670,56915,57030
11671,10211,10435
11672,24354,24591
11673,29827,30066
11674,7871,8093
11675,22645,22882
11676,15487,15712
11677,30034,30273
11678,29982,30221
11679,44608,44885
11680,12998,13222
11681,33947,34194
11682,48038,48116
11683,50685,50785
11684,40068,40342
11685,43744,44021
11686,27007,27246
11687,18897,19128
11688,22572,22808
11689,34934,35196
11690,5338,5559
11691,2925,3139
11692,56851,56966
11693,4421,4642
11694,25304,25542
11695,8950,9173
11696,22758,22995
11697,1252,1463
11698,54741,54852
11699,11723,11947
11700,41684,41960
11701,40811,41086
11702,26666,26905
11703,26951,27190
11704,27469,27708
11705,54182,54293
11706,2767,2981
11707,6363,6584
11708,32246,32489
11709,8600,8822
11710,7533,7755
11711,24231,24468
11712,2608,2822
11713,32925,33168
11714,6489,6710
11715,9076,9299
11716,27536,27775
11717,42984,43261
11718,9756,9980
11719,35809,36074
11720,40527,40802
11721,34216,34466
11722,48851,48930
11723,33283,33529
11724,35431,35694
11725,8097,8319
11726,11141,11365
11727,44601,44878
11728,14772,14997
11729,50368,50468
11730,48121,48200
11731,36109,36380
11732,13270,13494
11733,41604,41880
11734,25035,25272
11735,27389,27628
11736,56265,56379
11737,42562,42839
11738,18155,18385
11739,35965,36231
11740,64,272
11741,1470,1681
11742,55042,55155
11743,11080,11304
11744,7215,7437
11745,23219,23456
11746,24761,24998
11747,34352,34602
11748,6443,6664
11749,39577,39851
11750,5009,5230
11751,11266,11490
11752,7582,7804
11753,48365,48444
11754,56517,56632
11755,38062,38335
11756,48729,48808
11757,12592,12816
11758,24191,24428
11759,32886,33129
11760,50913,51014
11761,49294,49374
11762,4119,4340
11763,32878,33121
11764,18263,18493
11765,8882,9105
11766,31195,31435
11767,26042,26281
11768,50168,50267
11769,30514,30753
11770,52588,52695
11771,18462,18692
11772,45452,45731
11773,51919,52024
11774,14834,15059
11775,16432,16657
11776,27742,27981
11777,48420,48499
11778,40682,40956
11779,33458,33704
11780,37028,37300
11781,11798,12022
11782,23605,23842
11783,688,898
11784,21833,22069
11785,13189,13413
11786,37852,38125
11787,185,393
11788,29951,30190
11789,9574,9798
11790,22822,23059
11791,33046,33289
11792,660,870
11793,2798,3012
11794,31071,31311
11795,12015,12239
11796,17703,17932
11797,33098,33341
11798,51922,52027
11799,313,521
11800,19008,19239
11801,14479,14704
11802,8974,9197
11803,55171,55284
11804,8740,8963
11805,34788,35045
11806,42764,43041
11807,23041,23278
11808,42627,42904
11809,7269,7491
11810,4725,4946
11811,5957,6178
11812,33659,33905
11813,45862,46141
11814,27328,27567
11815,27061,27300
11816,6874,7095
11817,7702,7924
11818,5288,5509
11819,34066,34313
11820,35829,36094
11821,37519,37792
11822,7030,7252
11823,47354,47639
11824,26632,26871
11825,40412,40687
11826,27984,28223
11827,50005,50103
11828,47584,47869
11829,53034,53141
11830,1168,1378
11831,2980,3195
11832,20879,21114
11833,13235,13459
11834,51183,51284
11835,10089,10313
11836,23356,23593
11837,45955,46235
11838,8501,8723
11839,18845,19076
11840,39286,39559
11841,39673,39947
11842,25051,25288
11843,39649,39923
11844,19695,19928
11845,46668,46951
11846,25404,25642
11847,37190,37463
11848,47963,48041
11849,43655,43932
11850,48261,48340
11851,37601,37874
11852,20601,20836
11853,10394,10618
11854,23774,24011
11855,14061,14286
11856,35264,35526
11857,8685,8907
11858,37376,37649
11859,25670,25908
11860,18538,18768
11861,51887,51992
11862,42248,42524
11863,24440,24677
11864,51676,51779
11865,1082,1292
11866,17334,17563
11867,47280,47565
11868,46647,46930
11869,43326,43603
11870,1005,1215
11871,40919,41194
11872,10464,10688
11873,28521,28760
11874,50770,50870
11875,10564,10788
11876,12759,12983
11877,37329,37602
11878,51931,52036
11879,45152,45429
11880,639,849
11881,29633,29872
11882,48201,48280
11883,23297,23534
11884,49099,49178
11885,17830,18059
11886,8886,9109
11887,13124,13348
11888,52850,52957
11889,53453,53562
11890,37891,38164
11891,13355,13579
11892,43217,43494
11893,43348,43625
11894,51862,51967
11895,3751,3969
11896,32919,33162
11897,45709,45988
11898,1472,1683
11899,20960,21195
11900,21746,21982
11901,35945,36211
11902,43988,44265
11903,55238,55351
11904,772,982
11905,45894,46173
11906,38504,38777
11907,48315,48394
11908,15949,16174
11909,37580,37853
11910,40248,40523
11911,29229,29468
11912,30909,31148
11913,36941,37213
11914,8903,9126
11915,53010,53117
11916,19354,19585
11917,33715,33962
11918,48679,48758
11919,51662,51765
11920,1250,1461
11921,37921,38194
11922,30194,30433
11923,34442,34692
11924,41587,41863
11925,39789,40063
11926,50467,50567
11927,33918,34165
11928,21517,21753
11929,46942,47227
11930,55590,55704
11931,21513,21749
11932,35052,35314
11933,40497,40772
11934,11545,11769
11935,33260,33506
11936,54041,54152
11937,8243,8465
11938,15461,15686
11939,6819,7040
11940,41837,42113
11941,32074,32316
11942,9453,9676
11943,49261,49341
11944,584,793
11945,41981,42257
11946,25374,25612
11947,25038,25275
11948,11938,12162
11949,18189,18419
11950,15719,15944
11951,21707,21943
11952,24293,24530
11953,2018,2229
11954,47256,47541
11955,34146,34396
11956,4611,4832
11957,43431,43708
11958,4423,4644
11959,54075,54186
11960,38767,39040
11961,20414,20647
11962,35566,35830
11963,31445,31686
11964,31809,32051
11965,35651,35915
11966,37401,37674
11967,16692,16919
11968,29054,29293
11969,13470,13694
11970,13298,13522
11971,31434,31675
11972,49869,49965
11973,54048,54159
11974,13828,14053
11975,39878,40152
11976,42660,42937
11977,10550,10774
11978,55575,55689
11979,53087,53194
11980,25980,26219
11981,8479,8701
11982,16416,16641
11983,518,727
11984,13821,14046
11985,23638,23875
11986,56490,56605
11987,13642,13866
11988,53187,53294
11989,45780,46059
11990,49266,49346
11991,29165,29404
11992,53529,53638
11993,21640,21876
11994,50092,50191
11995,15011,15236
11996,41105,41381
11997,34333,34583
11998,22119,22355
11999,13328,13552
12000,10924,11148
12001,13157,13381
12002,30804,31043
12003,22956,23193
12004,16931,17158
12005,2706,2920
12006,41576,41852
12007,50664,50764
12008,42030,42306
12009,9432,9655
12010,46348,46629
12011,13869,14094
12012,28297,28536
12013,52614,52721
12014,36901,37173
12015,42851,43128
12016,22431,22667
12017,30044,30283
12018,19497,19728
12019,34617,34874
12020,52292,52398
12021,42792,43069
12022,9911,10135
12023,17547,17776
12024,32712,32955
12025,19396,19627
12026,53108,53215
12027,3442,3658
12028,3322,3538
12029,47802,195
12030,42181,42457
12031,52541,52648
12032,42650,42927
12033,32082,32324
12034,43104,43381
12035,32598,32841
12036,13554,13778
12037,44148,44425
12038,2434,2647
12039,52791,52898
12040,56352,56467
12041,46978,47263
12042,9450,9673
12043,40325,40600
12044,38058,38331
12045,32621,32864
12046,15253,15478
12047,25967,26206
12048,4045,4263
12049,40082,40356
12050,312,520
12051,13585,13809
12052,3672,3889
12053,20695,20930
12054,15180,15405
12055,25498,25736
12056,948,1158
12057,44546,44823
12058,33139,33385
12059,26178,26417
12060,31351,31592
12061,36130,36401
12062,51261,51362
12063,56089,56203
12064,14652,14877
12065,42951,43228
12066,52753,52860
12067,6692,6913
12068,14883,15108
12069,55401,55515
12070,18769,18999
12071,18802,19033
12072,27593,27832
12073,56055,56169
12074,47609,47894
12075,36198,36469
12076,29128,29367
12077,50137,50236
12078,12208,12432
12079,10703,10927
12080,30659,30898
12081,19562,19793
12082,12448,12672
12083,17871,18100
12084,28808,29047
12085,6417,6638
12086,43144,43421
12087,22851,23088
12088,49338,49418
12089,43309,43586
12090,37641,37914
12091,41871,42147
12092,27767,28006
12093,50677,50777
12094,44100,44377
12095,7991,8213
12096,27301,27540
12097,35409,35672
12098,36170,36441
12099,38021,38294
12100,15414,15639
12101,20816,21051
12102,56153,56267
12103,18766,18996
12104,23182,23419
12105,38671,38944
12106,33929,34176
12107,14868,15093
12108,19156,19387
12109,22760,22997
12110,16718,16945
12111,51431,51532
12112,28891,29130
12113,28576,28815
12114,45617,45896
12115,12254,12478
12116,24251,24488
12117,29274,29513
12118,16363,16588
12119,54958,55069
12120,12698,12922
12121,38961,39234
12122,18680,18910
12123,4826,5047
12124,7351,7573
12125,4003,4221
12126,1800,2011
12127,27286,27525
12128,52653,52760
12129,53080,53187
12130,47596,47881
12131,28888,29127
12132,38615,38888
12133,21866,22102
12134,26442,26681
12135,12915,13139
12136,46103,46384
12137,50289,50389
12138,53350,53458
12139,7906,8128
12140,3488,3704
12141,50587,50687
12142,54187,54298
12143,30611,30850
12144,5537,5758
12145,2323,2535
12146,1133,1343
12147,10074,10298
12148,12741,12965
12149,45813,46092
12150,19010,19241
12151,15856,16081
12152,6437,6658
12153,8576,8798
12154,47599,47884
12155,37168,37441
12156,38245,38518
12157,39578,39852
12158,27028,27267
12159,13196,13420
12160,37745,38018
12161,1542,1753
12162,36428,36700
12163,31081,31321
12164,30632,30871
12165,9557,9781
12166,2151,2362
12167,42380,42656
12168,28873,29112
12169,20917,21152
12170,22657,22894
12171,45556,45835
12172,53223,53330
12173,7802,8024
12174,22296,22532
12175,55523,55637
12176,7350,7572
12177,8356,8578
12178,15410,15635
12179,55280,55393
12180,47791,184
12181,25455,25693
12182,22292,22528
12183,5592,5813
12184,26667,26906
12185,27104,27343
12186,47683,76
12187,33421,33667
12188,8238,8460
12189,17658,17887
12190,51588,51690
12191,40304,40579
12192,27559,27798
12193,40629,40904
12194,52958,53065
12195,47604,47889
12196,45383,45661
12197,10212,10436
12198,24396,24633
12199,8686,8908
12200,16881,17108
12201,33733,33980
12202,17181,17410
12203,30104,30343
12204,27380,27619
12205,20235,20468
12206,4691,4912
12207,48198,48277
12208,7102,7324
12209,39140,39413
12210,56563,56678
12211,25638,25876
12212,46395,46676
12213,20594,20829
12214,23586,23823
12215,46641,46924
12216,12559,12783
12217,50992,51093
12218,35794,36059
12219,41418,41694
12220,10604,10828
12221,7618,7840
12222,347,556
12223,42046,42322
12224,43342,43619
12225,53864,53975
12226,56510,56625
12227,19333,19564
12228,13271,13495
12229,12157,12381
12230,30652,30891
12231,22286,22522
12232,46649,46932
12233,2558,2772
12234,8752,8975
12235,47803,196
12236,32158,32400
12237,14703,14928
12238,37021,37293
12239,7080,7302
12240,50054,50152
12241,6159,6380
12242,23997,24234
12243,36892,37164
12244,5523,5744
12245,8141,8363
12246,9400,9623
12247,37470,37743
12248,5510,5731
12249,19377,19608
12250,10602,10826
12251,11510,11734
12252,19320,19551
12253,47909,47987
12254,22618,22855
12255,26086,26325
12256,49569,49649
12257,32057,32299
12258,677,887
12259,27068,27307
12260,19838,20071
12261,29232,29471
12262,22799,23036
12263,36824,37096
12264,35889,36155
12265,52157,52262
12266,10795,11019
12267,1852,2063
12268,46560,46843
12269,27764,28003
12270,31680,31921
12271,7852,8074
12272,1382,1593
12273,34124,34374
12274,42833,43110
12275,33322,33568
12276,12889,13113
12277,12399,12623
12278,49738,49818
12279,17186,17415
12280,11567,11791
12281,17432,17661
12282,34036,34283
12283,30946,31185
12284,22806,23043
12285,29974,30213
12286,25693,25931
12287,25838,26076
12288,24361,24598
12289,24192,24429
12290,50378,50478
12291,12465,12689
12292,22477,22713
12293,19011,19242
12294,27889,28128
12295,11418,11642
12296,47268,47553
12297,19091,19322
12298,42943,43220
12299,5740,5961
12300,39114,39387
12301,49065,49144
12302,36650,36922
12303,40032,40306
12304,12356,12580
12305,37087,37359
12306,54328,54439
12307,53202,53309
12308,24454,24691
12309,43150,43427
12310,6642,6863
12311,26021,26260
12312,42592,42869
12313,18304,18534
12314,33164,33410
12315,52874,52981
12316,19803,20036
12317,16650,16877
12318,20606,20841
12319,19609,19841
12320,35353,35616
12321,15982,16207
12322,29260,29499
12323,17430,17659
12324,17241,17470
12325,2786,3000
12326,43612,43889
12327,52674,52781
12328,50025,50123
12329,55061,55174
12330,43945,44222
12331,30419,30658
12332,10025,10249
12333,48013,48091
12334,45286,45564
12335,17527,17756
12336,13751,13976
12337,51330,51431
12338,55152,55265
12339,23625,23862
12340,2773,2987
12341,43175,43452
12342,44154,44431
12343,8543,8765
12344,13092,13316
12345,26055,26294
12346,20780,21015
12347,36199,36470
12348,7485,7707
12349,17355,17584
12350,48130,48209
12351,6549,6770
12352,10293,10517
12353,56188,56302
12354,37108,37380
12355,38608,38881
12356,37232,37505
12357,50031,50129
12358,23295,23532
12359,44866,45143
12360,7527,7749
12361,44812,45089
12362,3553,3769
12363,20589,20824
12364,41691,41967
12365,25604,25842
12366,17281,17510
12367,53179,53286
12368,47747,140
12369,35859,36125
12370,6967,7189
12371,54923,55034
12372,689,899
12373,54826,54937
12374,53461,53570
12375,55488,55602
12376,309,517
12377,19001,19232
12378,26124,26363
12379,22714,22951
12380,7709,7931
12381,52302,52408
12382,52656,52763
12383,24574,24811
12384,6285,6506
12385,47786,179
12386,21109,21344
12387,47515,47800
12388,49722,49802
12389,22332,22568
12390,23936,24173
12391,6640,6861
12392,8440,8662
12393,1621,1832
12394,50821,50922
12395,52402,52509
12396,56372,56487
12397,44442,44719
12398,44177,44454
12399,47899,47977
12400,44456,44733
12401,15910,16135
12402,51616,51719
12403,13347,13571
12404,56104,56218
12405,44067,44344
12406,12920,13144
12407,20026,20259
12408,17356,17585
12409,29284,29523
12410,431,640
12411,33471,33717
12412,21773,22009
12413,12723,12947
12414,40638,40913
12415,30835,31074
12416,16733,16960
12417,13510,13734
12418,7510,7732
12419,26728,26967
12420,19398,19629
12421,23437,23674
12422,20938,21173
12423,44586,44863
12424,12084,12308
12425,7031,7253
12426,42587,42864
12427,1086,1296
12428,41612,41888
12429,29340,29579
12430,32604,32847
12431,52918,53025
12432,15871,16096
12433,6043,6264
12434,30908,31147
12435,20736,20971
12436,19478,19709
12437,30500,30739
12438,23987,24224
12439,2756,2970
12440,14266,14491
12441,1584,1795
12442,36562,36834
12443,46092,46373
12444,29048,29287
12445,50691,50791
12446,8514,8736
12447,50158,50257
12448,8853,9076
12449,10588,10812
12450,3695,3913
12451,31245,31486
12452,23770,24007
12453,5389,5610
12454,22048,22284
12455,2208,2420
12456,51672,51775
12457,12203,12427
12458,625,835
12459,34265,34515
12460,17342,17571
12461,116,324
12462,14331,14556
12463,8666,8888
12464,34286,34536
12465,1663,1874
12466,27944,28183
12467,49134,49213
12468,52972,53079
12469,662,872
12470,22455,22691
12471,18332,18562
12472,20654,20889
12473,44244,44521
12474,49654,49734
12475,9103,9326
12476,12202,12426
12477,27997,28236
12478,11306,11530
12479,37068,37340
12480,8640,8862
12481,16628,16855
12482,41562,41838
12483,21244,21479
12484,47115,47400
12485,28239,28478
12486,3515,3731
12487,5031,5252
12488,43531,43808
12489,37158,37430
12490,15265,15490
12491,43885,44162
12492,23559,23796
12493,43359,43636
12494,50146,50245
12495,44486,44763
12496,15652,15877
12497,46665,46948
12498,35069,35331
12499,17438,17667
12500,46334,46615
12501,24789,25026
12502,14929,15154
12503,36875,37147
12504,3378,3594
12505,27845,28084
12506,10567,10791
12507,21726,21962
12508,47016,47301
12509,25734,25972
12510,48058,48136
12511,6571,6792
12512,21386,21622
12513,23590,23827
12514,20512,20747
12515,20939,21174
12516,10406,10630
12517,17892,18121
12518,43444,43721
12519,40652,40927
12520,39428,39701
12521,10593,10817
12522,26752,26991
12523,44740,45017
12524,34023,34270
12525,55717,55831
12526,7628,7850
12527,32797,33040
12528,35781,36046
12529,44550,44827
12530,18402,18632
12531,29458,29697
12532,49320,49400
12533,39418,39691
12534,957,1167
12535,55697,55811
12536,38214,38487
12537,30569,30808
12538,20928,21163
12539,41938,42214
12540,11308,11532
12541,48184,48263
12542,29620,29859
12543,24851,25088
12544,35688,35953
12545,46702,46986
12546,28898,29137
12547,19336,19567
12548,2755,2969
12549,55111,55224
12550,4863,5084
12551,56066,56180
12552,29058,29297
12553,8741,8964
12554,32041,32283
12555,26218,26457
12556,24032,24269
12557,31426,31667
12558,20638,20873
12559,46207,46488
12560,8366,8588
12561,11247,11471
12562,46814,47098
12563,28885,29124
12564,6503,6724
12565,32705,32948
12566,1754,1965
12567,39194,39467
12568,27815,28054
12569,43873,44150
12570,28609,28848
12571,19223,19454
12572,11140,11364
12573,15623,15848
12574,12671,12895
12575,46500,46783
12576,27896,28135
12577,17045,17274
12578,42412,42688
12579,23078,23315
12580,54694,54805
12581,48555,48634
12582,19090,19321
12583,1427,1638
12584,41278,41554
12585,55441,55555
12586,21070,21305
12587,56564,56679
12588,10470,10694
12589,17170,17399
12590,42832,43109
12591,56011,56125
12592,3840,4058
12593,45328,45606
12594,39502,39776
12595,50813,50914
12596,45399,45677
12597,39652,39926
12598,7385,7607
12599,11715,11939
12600,16846,17073
12601,29736,29975
12602,10996,11220
12603,39717,39991
12604,10794,11018
12605,33190,33436
12606,22560,22796
12607,51872,51977
12608,27304,27543
12609,45086,45363
12610,16316,16541
12611,51177,51278
12612,50765,50865
12613,30751,30990
12614,40155,40429
12615,34219,34469
12616,48652,48731
12617,4682,4903
12618,44782,45059
12619,51065,51166
12620,20949,21184
12621,37785,38058
12622,42507,42783
12623,13176,13400
12624,54179,54290
12625,17028,17257
12626,9388,9611
12627,12031,12255
12628,44860,45137
12629,34248,34498
12630,18933,19164
12631,16548,16773
12632,52866,52973
12633,18019,18249
12634,23583,23820
12635,13373,13597
12636,50906,51007
12637,23220,23457
12638,4438,4659
12639,22135,22371
12640,46442,46723
12641,36125,36396
12642,36139,36410
12643,20061,20294
12644,45060,45337
12645,43558,43835
12646,17270,17499
12647,48397,48476
12648,6333,6554
12649,25409,25647
12650,24301,24538
12651,19479,19710
12652,34018,34265
12653,30708,30947
12654,5179,5400
12655,25284,25522
12656,36038,36309
12657,48339,48418
12658,56610,56725
12659,20542,20777
12660,22858,23095
12661,137,345
12662,54919,55030
12663,13947,14172
12664,165,373
12665,32841,33084
12666,16158,16383
12667,29427,29666
12668,32125,32367
12669,28961,29200
12670,8934,9157
12671,8570,8792
12672,56214,56328
12673,47414,47699
12674,48868,48947
12675,15212,15437
12676,39620,39894
12677,31033,31273
12678,51409,51510
12679,17143,17372
12680,15904,16129
12681,38324,38597
12682,39089,39362
12683,55970,56084
12684,47101,47386
12685,22946,23183
12686,46639,46922
12687,2556,2770
12688,45220,45498
12689,398,607
12690,29496,29735
12691,28502,28741
12692,8757,8980
12693,28723,28962
12694,11181,11405
12695,44649,44926
12696,43837,44114
12697,48930,49009
12698,37764,38037
12699,30979,31219
12700,34427,34677
12701,54820,54931
12702,37759,38032
12703,41000,41276
12704,41323,41599
12705,25962,26201
12706,28421,28660
12707,10163,10387
12708,42438,42714
12709,29162,29401
12710,1462,1673
12711,18902,19133
12712,30245,30484
12713,40423,40698
12714,28770,29009
12715,18418,18648
12716,30158,30397
12717,30859,31098
12718,38695,38968
12719,53430,53539
12720,25902,26141
12721,26770,27009
12722,6272,6493
12723,40722,40997
12724,17763,17992
12725,46251,46532
12726,44529,44806
12727,55845,55959
12728,14165,14390
12729,19606,19838
12730,56356,56471
12731,10827,11051
12732,5397,5618
12733,52578,52685
12734,25956,26195
12735,18878,19109
12736,33075,33318
12737,54174,54285
12738,21612,21848
12739,44380,44657
12740,17856,18085
12741,28256,28495
12742,9118,9341
12743,33067,33310
12744,51910,52015
12745,19872,20105
12746,11536,11760
12747,45701,45980
12748,44147,44424
12749,32533,32776
12750,51874,51979
12751,42293,42569
12752,35299,35561
12753,55271,55384
12754,43302,43579
12755,33647,33893
12756,43565,43842
12757,5392,5613
12758,34930,35192
12759,6783,7004
12760,56297,56412
12761,6949,7171
12762,16137,16362
12763,13012,13236
12764,14518,14743
12765,10382,10606
12766,22327,22563
12767,18846,19077
12768,7155,7377
12769,52237,52343
12770,24041,24278
12771,46209,46490
12772,43901,44178
12773,19644,19877
12774,48359,48438
12775,44597,44874
12776,16195,16420
12777,6033,6254
12778,10246,10470
12779,6787,7008
12780,1740,1951
12781,19883,20116
12782,34699,34956
12783,9176,9399
12784,20302,20535
12785,20699,20934
12786,33833,34080
12787,37803,38076
12788,51013,51114
12789,44255,44532
12790,6638,6859
12791,22885,23122
12792,15810,16035
12793,40382,40657
12794,6453,6674
12795,55116,55229
12796,37687,37960
12797,40930,41205
12798,44545,44822
12799,29576,29815
12800,371,580
12801,14824,15049
12802,48335,48414
12803,43613,43890
12804,55249,55362
12805,3826,4044
12806,11946,12170
12807,18081,18311
12808,4273,4494
12809,46865,47149
12810,5270,5491
12811,21918,22154
12812,35737,36002
12813,27163,27402
12814,9485,9708
12815,14408,14633
12816,3632,3849
12817,6720,6941
12818,29507,29746
12819,12169,12393
12820,34067,34314
12821,42737,43014
12822,2066,2277
12823,14476,14701
12824,41819,42095
12825,52975,53082
12826,38743,39016
12827,22215,22451
12828,4465,4686
12829,9583,9807
12830,52666,52773
12831,48927,49006
12832,39077,39350
12833,25305,25543
12834,30651,30890
12835,21645,21881
12836,25465,25703
12837,3039,3254
12838,28692,28931
12839,44909,45186
12840,10579,10803
12841,2618,2832
12842,36147,36418
12843,7413,7635
12844,56799,56914
12845,50271,50371
12846,26963,27202
12847,2350,2562
12848,43265,43542
12849,9766,9990
12850,2022,2233
12851,29120,29359
12852,25152,25390
12853,10680,10904
12854,18535,18765
12855,2298,2510
12856,45767,46046
12857,53909,54020
12858,50426,50526
12859,521,730
12860,29133,29372
12861,42684,42961
12862,2829,3043
12863,26489,26728
12864,26511,26750
12865,2823,3037
12866,10648,10872
12867,53939,54050
12868,20637,20872
12869,39569,39843
12870,13682,13906
12871,36150,36421
12872,1741,1952
12873,36217,36488
12874,513,722
12875,45252,45530
12876,2351,2563
12877,38393,38666
12878,48303,48382
12879,53588,53698
12880,26914,27153
12881,33887,34134
12882,34441,34691
12883,49510,49590
12884,41452,41728
12885,15109,15334
12886,8346,8568
12887,34751,35008
12888,46887,47172
12889,3302,3518
12890,18050,18280
12891,4344,4565
12892,50093,50192
12893,34814,35071
12894,9782,10006
12895,3972,4190
12896,52409,52516
12897,26189,26428
12898,21968,22204
12899,25088,25326
12900,47163,47448
12901,4242,4463
12902,10574,10798
12903,24626,24863
12904,39155,39428
12905,26640,26879
12906,12259,12483
12907,30599,30838
12908,45684,45963
12909,13825,14050
12910,243,451
12911,38060,38333
12912,736,946
12913,18253,18483
12914,38252,38525
12915,6909,7130
12916,41371,41647
12917,53855,53966
12918,33710,33957
12919,16533,16758
12920,11771,11995
12921,10740,10964
12922,2659,2873
12923,17471,17700
12924,32589,32832
12925,22844,23081
12926,46686,46970
12927,55955,56069
12928,38121,38394
12929,38433,38706
12930,24355,24592
12931,37584,37857
12932,19506,19737
12933,30850,31089
12934,11093,11317
12935,14330,14555
12936,11267,11491
12937,43593,43870
12938,4753,4974
12939,27443,27682
12940,48987,49066
12941,41546,41822
12942,20727,20962
12943,14702,14927
12944,43018,43295
12945,54579,54690
12946,2470,2684
12947,24928,25165
12948,1804,2015
12949,49965,50061
12950,21018,21253
12951,27669,27908
12952,26722,26961
12953,43749,44026
12954,49743,49823
12955,37591,37864
12956,25168,25406
12957,12345,12569
12958,41618,41894
12959,35671,35936
12960,53905,54016
12961,5294,5515
12962,50943,51044
12963,4844,5065
12964,1664,1875
12965,13710,13934
12966,54180,54291
12967,49796,49876
12968,7514,7736
12969,11588,11812
12970,31333,31574
12971,47920,47998
12972,49172,49252
12973,41593,41869
12974,34584,34841
12975,18513,18743
12976,26936,27175
12977,55402,55516
12978,49028,49107
12979,14961,15186
12980,37503,37776
12981,33174,33420
12982,18112,18342
12983,53462,53571
12984,49405,49485
12985,31868,32110
12986,54823,54934
12987,5132,5353
12988,41598,41874
12989,55438,55552
12990,54533,54644
12991,22112,22348
12992,52778,52885
12993,19628,19860
12994,36539,36811
12995,5816,6037
12996,40097,40371
12997,25906,26145
12998,50370,50470
12999,13640,13864
13000,39468,39741
13001,15545,15770
13002,44816,45093
13003,5847,6068
13004,13300,13524
13005,6676,6897
13006,33801,34048
13007,6727,6948
13008,24783,25020
13009,49114,49193
13010,27735,27974
13011,11565,11789
13012,12747,12971
13013,39794,40068
13014,18316,18546
13015,24482,24719
13016,1040,1250
13017,43455,43732
13018,54855,54966
13019,10729,10953
13020,35132,35394
13021,44752,45029
13022,41975,42251
13023,43457,43734
13024,14089,14314
13025,20359,20592
13026,10668,10892
13027,33129,33375
13028,46005,46286
13029,23604,23841
13030,37608,37881
13031,9624,9848
13032,25534,25772
13033,54560,54671
13034,15460,15685
13035,10292,10516
13036,37179,37452
13037,41312,41588
13038,26498,26737
13039,39940,40214
13040,21668,21904
13041,32750,32993
13042,55675,55789
13043,15538,15763
13044,48867,48946
13045,28682,28921
13046,49737,49817
13047,14568,14793
13048,46949,47234
13049,39481,39754
13050,42278,42554
13051,46271,46552
13052,53706,53816
13053,35513,35776
13054,34315,34565
13055,51903,52008
13056,31142,31382
13057,753,963
13058,47977,48055
13059,30624,30863
13060,55716,55830
13061,11283,11507
13062,51420,51521
13063,6975,7197
13064,24684,24921
13065,47188,47473
13066,11585,11809
13067,46183,46464
13068,55410,55524
13069,22771,23008
13070,45827,46106
13071,5936,6157
13072,42555,42832
13073,44896,45173
13074,7259,7481
13075,41132,41408
13076,2736,2950
13077,16947,17174
13078,54383,54494
13079,46810,47094
13080,3057,3272
13081,12269,12493
13082,13024,13248
13083,12480,12704
13084,27810,28049
13085,8068,8290
13086,33210,33456
13087,42571,42848
13088,25196,25434
13089,47370,47655
13090,505,714
13091,3860,4078
13092,3041,3256
13093,47136,47421
13094,23924,24161
13095,37368,37641
13096,22754,22991
13097,33085,33328
13098,28363,28602
13099,1867,2078
13100,44614,44891
13101,17369,17598
13102,11808,12032
13103,54276,54387
13104,24875,25112
13105,17492,17721
13106,37914,38187
13107,48853,48932
13108,35840,36106
13109,16824,17051
13110,40371,40646
13111,55148,55261
13112,50818,50919
13113,48229,48308
13114,25041,25278
13115,36854,37126
13116,3930,4148
13117,22085,22321
13118,51329,51430
13119,51442,51543
13120,33856,34103
13121,51479,51580
13122,44181,44458
13123,52246,52352
13124,48164,48243
13125,22973,23210
13126,7268,7490
13127,36495,36767
13128,37567,37840
13129,2722,2936
13130,21345,21581
13131,17985,18215
13132,15319,15544
13133,38337,38610
13134,25244,25482
13135,17282,17511
13136,42276,42552
13137,44648,44925
13138,33922,34169
13139,27872,28111
13140,48683,48762
13141,44347,44624
13142,36122,36393
13143,11899,12123
13144,10308,10532
13145,33023,33266
13146,29768,30007
13147,28995,29234
13148,6637,6858
13149,32365,32608
13150,11922,12146
13151,51596,51698
13152,5768,5989
13153,16448,16673
13154,18469,18699
13155,10153,10377
13156,40877,41152
13157,10053,10277
13158,78,286
13159,9934,10158
13160,6189,6410
13161,32997,33240
13162,38710,38983
13163,33065,33308
13164,1790,2001
13165,49018,49097
13166,1417,1628
13167,35933,36199
13168,5879,6100
13169,54662,54773
13170,28063,28302
13171,32481,32724
13172,1106,1316
13173,27697,27936
13174,32377,32620
13175,22903,23140
13176,52281,52387
13177,44510,44787
13178,766,976
13179,25884,26123
13180,48750,48829
13181,1299,1510
13182,5254,5475
13183,14029,14254
13184,34726,34983
13185,16464,16689
13186,35022,35284
13187,24512,24749
13188,53316,53424
13189,15205,15430
13190,12018,12242
13191,45879,46158
13192,38473,38746
13193,28369,28608
13194,15650,15875
13195,44305,44582
13196,37505,37778
13197,39566,39840
13198,21219,21454
13199,35745,36010
13200,12282,12506
13201,25037,25274
13202,15480,15705
13203,36093,36364
13204,7278,7500
13205,22461,22697
13206,35720,35985
13207,17724,17953
13208,30887,31126
13209,48250,48329
13210,29500,29739
13211,23890,24127
13212,26188,26427
13213,12664,12888
13214,12584,12808
13215,38824,39097
13216,44387,44664
13217,17624,17853
13218,41028,41304
13219,50665,50765
13220,22937,23174
13221,11491,11715
13222,44452,44729
13223,55792,55906
13224,32764,33007
13225,18708,18938
13226,13918,14143
13227,10860,11084
13228,31627,31868
13229,14559,14784
13230,20545,20780
13231,20988,21223
13232,12258,12482
13233,50348,50448
13234,36616,36888
13235,9156,9379
13236,51597,51699
13237,25053,25290
13238,39711,39985
13239,3566,3782
13240,2866,3080
13241,13349,13573
13242,39172,39445
13243,2586,2800
13244,5664,5885
13245,21235,21470
13246,11550,11774
13247,30093,30332
13248,4903,5124
13249,21112,21347
13250,34364,34614
13251,23876,24113
13252,20920,21155
13253,10898,11122
13254,15298,15523
13255,42410,42686
13256,18728,18958
13257,41175,41451
13258,25927,26166
13259,16442,16667
13260,27854,28093
13261,24473,24710
13262,56170,56284
13263,36513,36785
13264,47934,48012
13265,39338,39611
13266,50499,50599
13267,10122,10346
13268,55408,55522
13269,39349,39622
13270,56651,56766
13271,54530,54641
13272,14851,15076
13273,4036,4254
13274,15416,15641
13275,36209,36480
13276,47733,126
13277,24565,24802
13278,2614,2828
13279,31168,31408
13280,4141,4362
13281,30600,30839
13282,33115,33358
13283,38507,38780
13284,15383,15608
13285,41291,41567
13286,21741,21977
13287,48628,48707
13288,50976,51077
13289,28773,29012
13290,437,646
13291,26235,26474
13292,27106,27345
13293,24463,24700
13294,56239,56353
13295,20593,20828
13296,29621,29860
13297,24291,24528
13298,1454,1665
13299,42431,42707
13300,8530,8752
13301,14620,14845
13302,10389,10613
13303,4310,4531
13304,36618,36890
13305,6383,6604
13306,38882,39155
13307,5548,5769
13308,37818,38091
13309,48020,48098
13310,22305,22541
13311,28158,28397
13312,30372,30611
13313,48905,48984
13314,866,1076
13315,8564,8786
13316,6736,6957
13317,27871,28110
13318,33615,33861
13319,52928,53035
13320,6511,6732
13321,25549,25787
13322,44972,45249
13323,13022,13246
13324,4264,4485
13325,51965,52070
13326,22418,22654
13327,4489,4710
13328,42146,42422
13329,50778,50879
13330,785,995
13331,27441,27680
13332,31502,31743
13333,41005,41281
13334,23197,23434
13335,31651,31892
13336,10764,10988
13337,56142,56256
13338,37400,37673
13339,16862,17089
13340,52634,52741
13341,25475,25713
13342,44826,45103
13343,20690,20925
13344,5339,5560
13345,9956,10180
13346,36452,36724
13347,37433,37706
13348,19468,19699
13349,7849,8071
13350,28174,28413
13351,49875,49971
13352,34742,34999
13353,37549,37822
13354,4459,4680
13355,7663,7885
13356,22196,22432
13357,45498,45777
13358,10908,11132
13359,14135,14360
13360,28716,28955
13361,55108,55221
13362,34669,34926
13363,24831,25068
13364,1642,1853
13365,29450,29689
13366,49779,49859
13367,24998,25235
13368,52423,52530
13369,1441,1652
13370,16715,16942
13371,45403,45681
13372,11262,11486
13373,48523,48602
13374,54576,54687
13375,46541,46824
13376,15711,15936
13377,48534,48613
13378,49135,49214
13379,38523,38796
13380,10586,10810
13381,54194,54305
13382,12883,13107
13383,28361,28600
13384,12545,12769
13385,33071,33314
13386,18206,18436
13387,6261,6482
13388,46877,47162
13389,11753,11977
13390,22905,23142
13391,16634,16861
13392,2512,2726
13393,38625,38898
13394,27656,27895
13395,43492,43769
13396,41359,41635
13397,12836,13060
13398,46856,47140
13399,42243,42519
13400,54853,54964
13401,44847,45124
13402,24995,25232
13403,41513,41789
13404,10583,10807
13405,7048,7270
13406,21020,21255
13407,28634,28873
13408,36232,36503
13409,56779,56894
13410,8298,8520
13411,1975,2186
13412,38020,38293
13413,54899,55010
13414,34536,34793
13415,9750,9974
13416,10131,10355
13417,28935,29174
13418,51822,51927
13419,5354,5575
13420,10871,11095
13421,24604,24841
13422,54415,54526
13423,44642,44919
13424,13556,13780
13425,12972,13196
13426,9532,9756
13427,53757,53867
13428,30893,31132
13429,35498,35761
13430,34041,34288
13431,11864,12088
13432,45427,45705
13433,35112,35374
13434,53314,53422
13435,14252,14477
13436,29670,29909
13437,37217,37490
13438,1570,1781
13439,24500,24737
13440,25320,25558
13441,5771,5992
13442,16088,16313
13443,26822,27061
13444,44394,44671
13445,4312,4533
13446,43305,43582
13447,42733,43010
13448,2539,2753
13449,13339,13563
13450,33726,33973
13451,30716,30955
13452,7486,7708
13453,14765,14990
13454,18862,19093
13455,3519,3735
13456,18173,18403
13457,6943,7165
13458,50883,50984
13459,56695,56810
13460,46197,46478
13461,19955,20188
13462,28918,29157
13463,55080,55193
13464,25915,26154
13465,37600,37873
13466,18386,18616
13467,17425,17654
13468,19752,19985
13469,21315,21550
13470,34487,34737
13471,41969,42245
13472,38706,38979
13473,17948,18177
13474,38264,38537
13475,39784,40058
13476,54705,54816
13477,55415,55529
13478,52075,52180
13479,43886,44163
13480,11666,11890
13481,50481,50581
13482,21054,21289
13483,4924,5145
13484,37480,37753
13485,21798,22034
13486,24464,24701
13487,18669,18899
13488,46748,47032
13489,7323,7545
13490,4153,4374
13491,35415,35678
13492,33940,34187
13493,56893,57008
13494,16842,17069
13495,17668,17897
13496,710,920
13497,17559,17788
13498,33796,34043
13499,52254,52360
13500,46394,46675
13501,14935,15160
13502,32544,32787
13503,34196,34446
13504,47501,47786
13505,35880,36146
13506,43080,43357
13507,53831,53942
13508,49032,49111
13509,31034,31274
13510,23639,23876
13511,9902,10126
13512,26226,26465
13513,42342,42618
13514,15357,15582
13515,2115,2326
13516,37556,37829
13517,2708,2922
13518,14976,15201
13519,56174,56288
13520,2489,2703
13521,54159,54270
13522,3295,3511
13523,41528,41804
13524,56944,57059
13525,42694,42971
13526,7676,7898
13527,221,429
13528,49238,49318
13529,54294,54405
13530,31872,32114
13531,6494,6715
13532,25619,25857
13533,42930,43207
13534,10060,10284
13535,31020,31260
13536,41056,41332
13537,25542,25780
13538,50531,50631
13539,3631,3848
13540,33956,34203
13541,56555,56670
13542,55347,55461
13543,16197,16422
13544,21400,21636
13545,11463,11687
13546,13425,13649
13547,31954,32196
13548,36288,36559
13549,5623,5844
13550,39974,40248
13551,37794,38067
13552,18274,18504
13553,113,321
13554,28085,28324
13555,68,276
13556,27652,27891
13557,43328,43605
13558,52271,52377
13559,33784,34031
13560,15744,15969
13561,15638,15863
13562,32867,33110
13563,40072,40346
13564,51295,51396
13565,5229,5450
13566,15533,15758
13567,29962,30201
13568,29042,29281
13569,28912,29151
13570,55641,55755
13571,36165,36436
13572,26804,27043
13573,48320,48399
13574,46594,46877
13575,52098,52203
13576,55028,55141
13577,31824,32066
13578,29376,29615
13579,36177,36448
13580,52345,52452
13581,47230,47515
13582,47924,48002
13583,9497,9720
13584,3045,3260
13585,25246,25484
13586,13492,13716
13587,41740,42016
13588,11271,11495
13589,5955,6176
13590,24203,24440
13591,35492,35755
13592,43098,43375
13593,43740,44017
13594,32923,33166
13595,38436,38709
13596,8725,8948
13597,1931,2142
13598,16465,16690
13599,1457,1668
13600,22621,22858
13601,11235,11459
13602,8282,8504
13603,1247,1458
13604,28856,29095
13605,26307,26546
13606,42667,42944
13607,50682,50782
13608,25425,25663
13609,51090,51191
13610,22738,22975
13611,17203,17432
13612,2693,2907
13613,38113,38386
13614,48638,48717
13615,16106,16331
13616,42110,42386
13617,6864,7085
13618,23022,23259
13619,6836,7057
13620,40169,40443
13621,22142,22378
13622,14784,15009
13623,21119,21354
13624,38080,38353
13625,30273,30512
13626,42814,43091
13627,16942,17169
13628,47378,47663
13629,42234,42510
13630,53925,54036
13631,50291,50391
13632,37885,38158
13633,48893,48972
13634,21296,21531
13635,29978,30217
13636,6930,7152
13637,38678,38951
13638,41292,41568
13639,624,834
13640,44345,44622
13641,56386,56501
13642,37755,38028
13643,24744,24981
13644,40105,40379
13645,55732,55846
13646,8817,9040
13647,50877,50978
13648,475,684
13649,35071,35333
13650,4984,5205
13651,44593,44870
13652,4341,4562
13653,36354,36626
13654,38415,38688
13655,25228,25466
13656,34929,35191
13657,36681,36953
13658,5917,6138
13659,26433,26672
13660,45745,46024
13661,51513,51614
13662,52798,52905
13663,19422,19653
13664,26162,26401
13665,25145,25383
13666,1969,2180
13667,8626,8848
13668,25488,25726
13669,35096,35358
13670,46518,46801
13671,21835,22071
13672,20621,20856
13673,6712,6933
13674,51567,51668
13675,27932,28171
13676,48748,48827
13677,15727,15952
13678,35333,35595
13679,13058,13282
13680,16864,17091
13681,1516,1727
13682,25166,25404
13683,40353,40628
13684,56223,56337
13685,2895,3109
13686,31070,31310
13687,28133,28372
13688,28209,28448
13689,38057,38330
13690,23317,23554
13691,38849,39122
13692,47331,47616
13693,17583,17812
13694,24950,25187
13695,14410,14635
13696,17115,17344
13697,47776,169
13698,36976,37248
13699,10553,10777
13700,1785,1996
13701,17957,18187
13702,48911,48990
13703,22866,23103
13704,1373,1584
13705,8461,8683
13706,50111,50210
13707,44690,44967
13708,22914,23151
13709,46350,46631
13710,45355,45633
13711,47870,47948
13712,44850,45127
13713,16467,16692
13714,28983,29222
13715,46620,46903
13716,41574,41850
13717,39059,39332
13718,22322,22558
13719,24033,24270
13720,9138,9361
13721,46795,47079
13722,16680,16907
13723,56366,56481
13724,55425,55539
13725,35119,35381
13726,16452,16677
13727,50801,50902
13728,36277,36548
13729,30617,30856
13730,39175,39448
13731,53532,53641
13732,12210,12434
13733,4186,4407
13734,10356,10580
13735,46249,46530
13736,32753,32996
13737,11454,11678
13738,40540,40815
13739,21933,22169
13740,42370,42646
13741,17590,17819
13742,53670,53780
13743,31820,32062
13744,42221,42497
13745,7320,7542
13746,41932,42208
13747,16414,16639
13748,16611,16836
13749,51068,51169
13750,43205,43482
13751,18239,18469
13752,23361,23598
13753,47619,47904
13754,18608,18838
13755,37107,37379
13756,32725,32968
13757,7734,7956
13758,22383,22619
13759,3845,4063
13760,4959,5180
13761,1135,1345
13762,54210,54321
13763,13150,13374
13764,47696,89
13765,42241,42517
13766,24850,25087
13767,19121,19352
13768,8364,8586
13769,52108,52213
13770,48831,48910
13771,43082,43359
13772,776,986
13773,9435,9658
13774,34359,34609
13775,24434,24671
13776,46815,47099
13777,42112,42388
13778,6103,6324
13779,22325,22561
13780,14729,14954
13781,36820,37092
13782,17878,18107
13783,54946,55057
13784,35763,36028
13785,15208,15433
13786,29209,29448
13787,5417,5638
13788,26858,27097
13789,32369,32612
13790,10397,10621
13791,1097,1307
13792,13139,13363
13793,18740,18970
13794,20790,21025
13795,40328,40603
13796,19178,19409
13797,48191,48270
13798,18804,19035
13799,48772,48851
13800,25216,25454
13801,7939,8161
13802,37324,37597
13803,41569,41845
13804,13221,13445
13805,52738,52845
13806,3590,3806
13807,47953,48031
13808,26803,27042
13809,16015,16240
13810,11721,11945
13811,4240,4461
13812,39384,39657
13813,56124,56238
13814,42846,43123
13815,42588,42865
13816,26925,27164
13817,18171,18401
13818,3163,3379
13819,27762,28001
13820,39713,39987
13821,46399,46680
13822,37797,38070
13823,47048,47333
13824,41153,41429
13825,49241,49321
13826,5938,6159
13827,35211,35473
13828,36294,36565
13829,54987,55100
13830,11887,12111
13831,31984,32226
13832,19053,19284
13833,21443,21679
13834,13391,13615
13835,12985,13209
13836,51733,51837
13837,49353,49433
13838,6468,6689
13839,43683,43960
13840,48730,48809
13841,35639,35903
13842,53367,53475
13843,56768,56883
13844,6393,6614
13845,2371,2583
13846,51661,51764
13847,8884,9107
13848,45280,45558
13849,11241,11465
13850,39608,39882
13851,49027,49106
13852,23116,23353
13853,39158,39431
13854,13707,13931
13855,18288,18518
13856,19151,19382
13857,2137,2348
13858,23118,23355
13859,51795,51900
13860,30761,31000
13861,7089,7311
13862,39763,40037
13863,46969,47254
13864,53380,53489
13865,4547,4768
13866,44511,44788
13867,39918,40192
13868,50817,50918
13869,5678,5899
13870,49433,49513
13871,32787,33030
13872,52956,53063
13873,49178,49258
13874,21715,21951
13875,44075,44352
13876,10725,10949
13877,32532,32775
13878,3820,4038
13879,49133,49212
13880,920,1130
13881,40634,40909
13882,19027,19258
13883,3099,3314
13884,33561,33807
13885,1669,1880
13886,32388,32631
13887,45885,46164
13888,17768,17997
13889,21188,21423
13890,2886,3100
13891,8462,8684
13892,9195,9418
13893,15476,15701
13894,29634,29873
13895,38177,38450
13896,10059,10283
13897,29015,29254
13898,45636,45915
13899,54655,54766
13900,2136,2347
13901,50988,51089
13902,37834,38107
13903,41188,41464
13904,36671,36943
13905,39712,39986
13906,35530,35793
13907,4900,5121
13908,42451,42727
13909,8675,8897
13910,24094,24331
13911,40245,40520
13912,42578,42855
13913,298,506
13914,47601,47886
13915,24692,24929
13916,28309,28548
13917,30189,30428
13918,21899,22135
13919,43831,44108
13920,43490,43767
13921,12150,12374
13922,20236,20469
13923,7695,7917
13924,44588,44865
13925,31766,32008
13926,56148,56262
13927,4684,4905
13928,35136,35398
13929,16710,16937
13930,51002,51103
13931,53883,53994
13932,7281,7503
13933,37925,38198
13934,3552,3768
13935,11732,11956
13936,47682,75
13937,35846,36112
13938,26490,26729
13939,4467,4688
13940,34691,34948
13941,20443,20677
13942,51899,52004
13943,30666,30905
13944,9737,9961
13945,3753,3971
13946,45810,46089
13947,8331,8553
13948,15199,15424
13949,31176,31416
13950,18978,19209
13951,897,1107
13952,32590,32833
13953,41417,41693
13954,15539,15764
13955,41701,41977
13956,3585,3801
13957,17286,17515
13958,39607,39881
13959,5691,5912
13960,30452,30691
13961,27169,27408
13962,56001,56115
13963,26550,26789
13964,18646,18876
13965,22004,22240
13966,22335,22571
13967,25380,25618
13968,1012,1222
13969,27207,27446
13970,3776,3994
13971,11615,11839
13972,29799,30038
13973,22435,22671
13974,47761,154
13975,25571,25809
13976,41640,41916
13977,24886,25123
13978,29112,29351
13979,6738,6959
13980,32220,32463
13981,21568,21804
13982,9987,10211
13983,7049,7271
13984,43547,43824
13985,51084,51185
13986,51830,51935
13987,11880,12104
13988,21120,21355
13989,26805,27044
13990,42934,43211
13991,35313,35575
13992,5844,6065
13993,33304,33550
13994,47291,47576
13995,27778,28017
13996,51934,52039
13997,3395,3611
13998,19834,20067
13999,56032,56146
14000,21024,21259
14001,4317,4538
14002,13121,13345
14003,31697,31938
14004,40187,40461
14005,11532,11756
14006,9488,9711
14007,54634,54745
14008,35018,35280
14009,40161,40435
14010,16325,16550
14011,43796,44073
14012,37594,37867
14013,26410,26649
14014,19942,20175
14015,47798,191
14016,22716,22953
14017,15547,15772
14018,42972,43249
14019,37976,38249
14020,3548,3764
14021,35330,35592
14022,35118,35380
14023,47851,47929
14024,16869,17096
14025,3398,3614
14026,2437,2650
14027,2577,2791
14028,4230,4451
14029,9167,9390
14030,29005,29244
14031,5135,5356
14032,37979,38252
14033,17127,17356
14034,49876,49972
14035,29552,29791
14036,37172,37445
14037,23081,23318
14038,24069,24306
14039,36156,36427
14040,42760,43037
14041,13695,13919
14042,37200,37473
14043,15455,15680
14044,18109,18339
14045,8034,8256
14046,46861,47145
14047,54518,54629
14048,22030,22266
14049,37935,38208
14050,16843,17070
14051,52930,53037
14052,44164,44441
14053,20511,20746
14054,51271,51372
14055,42267,42543
14056,43017,43294
14057,46995,47280
14058,42501,42777
14059,48914,48993
14060,33207,33453
14061,31480,31721
14062,43000,43277
14063,49578,49658
14064,21156,21391
14065,20522,20757
14066,54224,54335
14067,20656,20891
14068,11959,12183
14069,664,874
14070,45005,45282
14071,8054,8276
14072,24581,24818
14073,51954,52059
14074,34276,34526
14075,27952,28191
14076,15732,15957
14077,31377,31618
14078,31479,31720
14079,49290,49370
14080,17237,17466
14081,52693,52800
14082,33751,33998
14083,56002,56116
14084,7784,8006
14085,35185,35447
14086,12619,12843
14087,16753,16980
14088,18936,19167
14089,50692,50792
14090,38964,39237
14091,32441,32684
14092,1043,1253
14093,1142,1352
14094,48614,48693
14095,3226,3442
14096,53874,53985
14097,23226,23463
14098,32999,33242
14099,23274,23511
14100,11541,11765
14101,29666,29905
14102,13175,13399
14103,43188,43465
14104,45883,46162
14105,29270,29509
14106,12835,13059
14107,27056,27295
14108,24229,24466
14109,27751,27990
14110,31328,31569
14111,37007,37279
14112,29266,29505
14113,32566,32809
14114,14068,14293
14115,38208,38481
14116,2391,2603
14117,20083,20316
14118,35637,35901
14119,44565,44842
14120,7658,7880
14121,35600,35864
14122,36917,37189
14123,45646,45925
14124,49531,49611
14125,19534,19765
14126,34658,34915
14127,19962,20195
14128,14996,15221
14129,22817,23054
14130,12608,12832
14131,30583,30822
14132,35053,35315
14133,12047,12271
14134,19109,19340
14135,50699,50799
14136,21509,21745
14137,37546,37819
14138,50932,51033
14139,18214,18444
14140,39185,39458
14141,20970,21205
14142,45181,45459
14143,19482,19713
14144,10466,10690
14145,32910,33153
14146,47918,47996
14147,50851,50952
14148,27700,27939
14149,12315,12539
14150,7057,7279
14151,29316,29555
14152,21117,21352
14153,28583,28822
14154,32702,32945
14155,26447,26686
14156,6225,6446
14157,9223,9446
14158,55559,55673
14159,53050,53157
14160,27343,27582
14161,46537,46820
14162,21880,22116
14163,52165,52270
14164,75,283
14165,11467,11691
14166,36904,37176
14167,23177,23414
14168,54010,54121
14169,34386,34636
14170,25661,25899
14171,27680,27919
14172,40454,40729
14173,50311,50411
14174,40747,41022
14175,29140,29379
14176,41844,42120
14177,1582,1793
14178,26729,26968
14179,35966,36232
14180,45902,46181
14181,17631,17860
14182,17219,17448
14183,44929,45206
14184,14078,14303
14185,26028,26267
14186,5361,5582
14187,12025,12249
14188,10566,10790
14189,1195,1405
14190,12172,12396
14191,1103,1313
14192,39731,40005
14193,7681,7903
14194,18444,18674
14195,38233,38506
14196,4493,4714
14197,13534,13758
14198,11328,11552
14199,27957,28196
14200,886,1096
14201,50140,50239
14202,19140,19371
14203,35613,35877
14204,51178,51279
14205,18103,18333
14206,36144,36415
14207,43759,44036
14208,21238,21473
14209,18422,18652
14210,29282,29521
14211,43046,43323
14212,20933,21168
14213,24404,24641
14214,41281,41557
14215,23278,23515
14216,20133,20366
14217,28915,29154
14218,7554,7776
14219,53796,53906
14220,32853,33096
14221,4661,4882
14222,13562,13786
14223,6735,6956
14224,15928,16153
14225,54129,54240
14226,17635,17864
14227,47837,230
14228,26622,26861
14229,46590,46873
14230,7777,7999
14231,30993,31233
14232,17600,17829
14233,17546,17775
14234,50374,50474
14235,54017,54128
14236,18968,19199
14237,9654,9878
14238,15003,15228
14239,39092,39365
14240,3194,3410
14241,267,475
14242,5429,5650
14243,20883,21118
14244,24799,25036
14245,37252,37525
14246,28038,28277
14247,45431,45709
14248,33257,33503
14249,2585,2799
14250,14234,14459
14251,28013,28252
14252,23736,23973
14253,31938,32180
14254,42802,43079
14255,41404,41680
14256,56110,56224
14257,38697,38970
14258,33548,33794
14259,22563,22799
14260,51288,51389
14261,36316,36588
14262,18224,18454
14263,25844,26082
14264,17561,17790
14265,52341,52448
14266,18730,18960
14267,35668,35933
14268,42286,42562
14269,10261,10485
14270,4580,4801
14271,2731,2945
14272,30824,31063
14273,51914,52019
14274,6873,7094
14275,8111,8333
14276,15466,15691
14277,32757,33000
14278,49983,50080
14279,32129,32371
14280,18218,18448
14281,43686,43963
14282,45976,46257
14283,46127,46408
14284,3149,3365
14285,14763,14988
14286,54123,54234
14287,23579,23816
14288,25830,26068
14289,37276,37549
14290,26856,27095
14291,35895,36161
14292,47881,47959
14293,15147,15372
14294,32859,33102
14295,29960,30199
14296,7778,8000
14297,24651,24888
14298,18602,18832
14299,25141,25379
14300,56962,57077
14301,7646,7868
14302,41375,41651
14303,13802,14027
14304,31175,31415
14305,20650,20885
14306,16941,17168
14307,29186,29425
14308,1244,1454
14309,3690,3908
14310,35652,35916
14311,17670,17899
14312,30487,30726
14313,18920,19151
14314,48531,48610
14315,17687,17916
14316,33153,33399
14317,6028,6249
14318,12233,12457
14319,55901,56015
14320,45754,46033
14321,24677,24914
14322,55551,55665
14323,49752,49832
14324,34410,34660
14325,33399,33645
14326,22460,22696
14327,22397,22633
14328,40356,40631
14329,34225,34475
14330,37854,38127
14331,14233,14458
14332,26751,26990
14333,42430,42706
14334,23099,23336
14335,52411,52518
14336,18453,18683
14337,40739,41014
14338,53825,53936
14339,40484,40759
14340,13717,13941
14341,18979,19210
14342,43710,43987
14343,25018,25255
14344,25873,26112
14345,39278,39551
14346,38904,39177
14347,2031,2242
14348,36791,37063
14349,21651,21887
14350,26750,26989
14351,51721,51824
14352,8907,9130
14353,23410,23647
14354,56193,56307
14355,24927,25164
14356,14721,14946
14357,37287,37560
14358,4425,4646
14359,41716,41992
14360,17966,18196
14361,32283,32526
14362,10444,10668
14363,20580,20815
14364,41096,41372
14365,37126,37398
14366,960,1170
14367,26140,26379
14368,53265,53372
14369,38925,39198
14370,17480,17709
14371,49417,49497
14372,48563,48642
14373,2154,2365
14374,3072,3287
14375,21347,21583
14376,43583,43860
14377,31558,31799
14378,15350,15575
14379,8859,9082
14380,25323,25561
14381,39679,39953
14382,30882,31121
14383,40925,41200
14384,26219,26458
14385,31279,31520
14386,34328,34578
14387,36706,36978
14388,41564,41840
14389,53379,53488
14390,23488,23725
14391,31277,31518
14392,5802,6023
14393,16737,16964
14394,38541,38814
14395,30401,30640
14396,42269,42545
14397,55336,55450
14398,25999,26238
14399,17401,17630
14400,28485,28724
14401,3360,3576
14402,38580,38853
14403,42310,42586
14404,2477,2691
14405,39302,39575
14406,27285,27524
14407,19711,19944
14408,17138,17367
14409,20080,20313
14410,26046,26285
14411,24481,24718
14412,34639,34896
14413,17216,17445
14414,4473,4694
14415,9757,9981
14416,44439,44716
14417,20801,21036
14418,49480,49560
14419,33059,33302
14420,54577,54688
14421,43605,43882
14422,37762,38035
14423,21809,22045
14424,48702,48781
14425,28153,28392
14426,38765,39038
14427,35061,35323
14428,28150,28389
14429,47655,48
14430,14224,14449
14431,41734,42010
14432,8781,9004
14433,32605,32848
14434,24340,24577
14435,47901,47979
14436,19355,19586
14437,46397,46678
14438,48714,48793
14439,30393,30632
14440,32981,33224
14441,36619,36891
14442,45165,45442
14443,20841,21076
14444,1344,1555
14445,22689,22926
14446,17408,17637
14447,7794,8016
14448,31754,31995
14449,23948,24185
14450,40705,40979
14451,43103,43380
14452,4097,4318
14453,4383,4604
14454,53396,53505
14455,40343,40618
14456,52510,52617
14457,29464,29703
14458,55584,55698
14459,31977,32219
14460,14983,15208
14461,10927,11151
14462,12003,12227
14463,36441,36713
14464,23362,23599
14465,28065,28304
14466,18405,18635
14467,34937,35199
14468,40746,41021
14469,28977,29216
14470,9133,9356
14471,12362,12586
14472,25725,25963
14473,21738,21974
14474,22126,22362
14475,1890,2101
14476,3069,3284
14477,7785,8007
14478,53556,53665
14479,9776,10000
14480,23740,23977
14481,20743,20978
14482,55694,55808
14483,34183,34433
14484,55989,56103
14485,8026,8248
14486,34389,34639
14487,9810,10034
14488,7910,8132
14489,44463,44740
14490,12813,13037
14491,55688,55802
14492,46385,46666
14493,38414,38687
14494,12417,12641
14495,45231,45509
14496,22986,23223
14497,42789,43066
14498,8641,8863
14499,44926,45203
14500,9919,10143
14501,36711,36983
14502,30186,30425
14503,6835,7056
14504,31486,31727
14505,25010,25247
14506,24706,24943
14507,28376,28615
14508,5000,5221
14509,40956,41232
14510,5827,6048
14511,43515,43792
14512,33420,33666
14513,15792,16017
14514,37929,38202
14515,44703,44980
14516,11204,11428
14517,22469,22705
14518,12221,12445
14519,18620,18850
14520,6051,6272
14521,13968,14193
14522,41326,41602
14523,18446,18676
14524,40390,40665
14525,40579,40854
14526,45715,45994
14527,29413,29652
14528,8471,8693
14529,46303,46584
14530,14766,14991
14531,39975,40249
14532,18181,18411
14533,1614,1825
14534,25493,25731
14535,18108,18338
14536,4582,4803
14537,26716,26955
14538,38270,38543
14539,43900,44177
14540,50668,50768
14541,11187,11411
14542,8457,8679
14543,6695,6916
14544,66,274
14545,30471,30710
14546,32715,32958
14547,43715,43992
14548,26256,26495
14549,34227,34477
14550,25011,25248
14551,23860,24097
14552,19500,19731
14553,12121,12345
14554,7665,7887
14555,34038,34285
14556,21608,21844
14557,36155,36426
14558,3125,3341
14559,11303,11527
14560,33318,33564
14561,49502,49582
14562,33256,33502
14563,4393,4614
14564,56801,56916
14565,35562,35826
14566,20154,20387
14567,56237,56351
14568,49007,49086
14569,36313,36585
14570,18321,18551
14571,52495,52602
14572,45358,45636
14573,50786,50887
14574,14213,14438
14575,28954,29193
14576,9341,9564
14577,13696,13920
14578,30260,30499
14579,53354,53462
14580,35197,35459
14581,38960,39233
14582,4956,5177
14583,35925,36191
14584,19681,19914
14585,14791,15016
14586,52391,52498
14587,7602,7824
14588,21498,21734
14589,9903,10127
14590,48294,48373
14591,55687,55801
14592,14972,15197
14593,35481,35744
14594,51712,51815
14595,42762,43039
14596,49893,49989
14597,8330,8552
14598,48202,48281
14599,1052,1262
14600,38856,39129
14601,7576,7798
14602,43196,43473
14603,29937,30176
14604,24559,24796
14605,43424,43701
14606,28951,29190
14607,22769,23006
14608,41733,42009
14609,2760,2974
14610,37142,37414
14611,41860,42136
14612,54484,54595
14613,49706,49786
14614,17538,17767
14615,28044,28283
14616,25392,25630
14617,8645,8867
14618,51122,51223
14619,3997,4215
14620,5989,6210
14621,56940,57055
14622,45784,46063
14623,34230,34480
14624,12371,12595
14625,6714,6935
14626,44307,44584
14627,25509,25747
14628,38200,38473
14629,37963,38236
14630,27725,27964
14631,50306,50406
14632,44885,45162
14633,13113,13337
14634,12304,12528
14635,1506,1717
14636,40824,41099
14637,19111,19342
14638,47298,47583
14639,33737,33984
14640,25821,26059
14641,12070,12294
14642,18499,18729
14643,18774,19004
14644,52286,52392
14645,6286,6507
14646,31830,32072
14647,16659,16886
14648,31503,31744
14649,30717,30956
14650,33575,33821
14651,14381,14606
14652,2817,3031
14653,10981,11205
14654,21411,21647
14655,26647,26886
14656,20986,21221
14657,35457,35720
14658,3208,3424
14659,56670,56785
14660,31740,31981
14661,30107,30346
14662,15513,15738
14663,43647,43924
14664,18821,19052
14665,41382,41658
14666,23612,23849
14667,16588,16813
14668,26247,26486
14669,55424,55538
14670,5359,5580
14671,31347,31588
14672,8834,9057
14673,18516,18746
14674,29310,29549
14675,18919,19150
14676,50885,50986
14677,41267,41543
14678,9424,9647
14679,23340,23577
14680,3513,3729
14681,40059,40333
14682,14401,14626
14683,45065,45342
14684,20370,20603
14685,42425,42701
14686,43339,43616
14687,21579,21815
14688,54455,54566
14689,37801,38074
14690,15987,16212
14691,28859,29098
14692,21905,22141
14693,35246,35508
14694,4357,4578
14695,37458,37731
14696,46379,46660
14697,18295,18525
14698,14828,15053
14699,647,857
14700,34346,34596
14701,7605,7827
14702,43866,44143
14703,10846,11070
14704,5882,6103
14705,44669,44946
14706,24167,24404
14707,48945,49024
14708,43624,43901
14709,20222,20455
14710,45391,45669
14711,43056,43333
14712,5258,5479
14713,10383,10607
14714,4535,4756
14715,35243,35505
14716,38968,39241
14717,34444,34694
14718,54051,54162
14719,25749,25987
14720,26595,26834
14721,24155,24392
14722,15895,16120
14723,37673,37946
14724,46050,46331
14725,3230,3446
14726,1545,1756
14727,41376,41652
14728,28861,29100
14729,47495,47780
14730,44225,44502
14731,12419,12643
14732,23773,24010
14733,1518,1729
14734,39496,39770
14735,15527,15752
14736,33791,34038
14737,47411,47696
14738,53241,53348
14739,9815,10039
14740,23266,23503
14741,37175,37448
14742,41718,41994
14743,6531,6752
14744,29551,29790
14745,14279,14504
14746,36327,36599
14747,48709,48788
14748,52126,52231
14749,20546,20781
14750,56539,56654
14751,54921,55032
14752,51961,52066
14753,52646,52753
14754,16958,17185
14755,24375,24612
14756,25809,26047
14757,52048,52153
14758,53130,53237
14759,1964,2175
14760,26049,26288
14761,3379,3595
14762,22185,22421
14763,2177,2388
14764,2808,3022
14765,39344,39617
14766,21324,21559
14767,51375,51476
14768,1585,1796
14769,9194,9417
14770,22865,23102
14771,44489,44766
14772,9023,9246
14773,46981,47266
14774,4049,4267
14775,2833,3047
14776,30426,30665
14777,6559,6780
14778,53427,53536
14779,44719,44996
14780,56435,56550
14781,41167,41443
14782,38847,39120
14783,36349,36621
14784,30283,30522
14785,16729,16956
14786,27470,27709
14787,32871,33114
14788,7540,7762
14789,33550,33796
14790,39210,39483
14791,19173,19404
14792,22403,22639
14793,10664,10888
14794,30614,30853
14795,32522,32765
14796,45777,46056
14797,29977,30216
14798,23179,23416
14799,28116,28355
14800,32698,32941
14801,39796,40070
14802,20918,21153
14803,21458,21694
14804,55684,55798
14805,18467,18697
14806,33037,33280
14807,17046,17275
14808,33950,34197
14809,40125,40399
14810,11527,11751
14811,13388,13612
14812,49202,49282
14813,12317,12541
14814,28186,28425
14815,52777,52884
14816,7546,7768
14817,3280,3496
14818,7330,7552
14819,11960,12184
14820,25201,25439
14821,28970,29209
14822,42548,42825
14823,52716,52823
14824,43442,43719
14825,42735,43012
14826,50029,50127
14827,46386,46667
14828,44458,44735
14829,38861,39134
14830,49825,49905
14831,43495,43772
14832,13293,13517
14833,39593,39867
14834,17604,17833
14835,29923,30162
14836,40808,41083
14837,43702,43979
14838,48966,49045
14839,5110,5331
14840,52187,52292
14841,24595,24832
14842,10957,11181
14843,13317,13541
14844,37238,37511
14845,50401,50501
14846,27502,27741
14847,16576,16801
14848,45245,45523
14849,41541,41817
14850,42236,42512
14851,24365,24602
14852,21197,21432
14853,46505,46788
14854,48817,48896
14855,8415,8637
14856,13782,14007
14857,18891,19122
14858,15604,15829
14859,28652,28891
14860,27948,28187
14861,12116,12340
14862,11317,11541
14863,5450,5671
14864,23970,24207
14865,5590,5811
14866,8553,8775
14867,12960,13184
14868,49029,49108
14869,280,488
14870,48815,48894
14871,39971,40245
14872,11645,11869
14873,27777,28016
14874,43258,43535
14875,9816,10040
14876,49795,49875
14877,24323,24560
14878,19743,19976
14879,42785,43062
14880,4347,4568
14881,33960,34207
14882,42946,43223
14883,33,241
14884,46628,46911
14885,53205,53312
14886,56637,56752
14887,28974,29213
14888,12643,12867
14889,29104,29343
14890,45389,45667
14891,56021,56135
14892,14858,15083
14893,19732,19965
14894,50504,50604
14895,56483,56598
14896,14117,14342
14897,56407,56522
14898,32972,33215
14899,5784,6005
14900,12803,13027
14901,34731,34988
14902,54637,54748
14903,35157,35419
14904,39501,39775
14905,7980,8202
14906,19585,19817
14907,11797,12021
14908,12291,12515
14909,10379,10603
14910,9164,9387
14911,21831,22067
14912,29017,29256
14913,8255,8477
14914,40525,40800
14915,18195,18425
14916,44678,44955
14917,25522,25760
14918,9207,9430
14919,22848,23085
14920,30406,30645
14921,54405,54516
14922,48342,48421
14923,13287,13511
14924,11070,11294
14925,22835,23072
14926,16867,17094
14927,39405,39678
14928,21256,21491
14929,45956,46237
14930,36862,37134
14931,52907,53014
14932,9676,9900
14933,40990,41266
14934,39907,40181
14935,48195,48274
14936,52532,52639
14937,30555,30794
14938,14732,14957
14939,46823,47107
14940,42550,42827
14941,34305,34555
14942,26196,26435
14943,36376,36648
14944,34093,34343
14945,11424,11648
14946,54535,54646
14947,16171,16396
14948,10401,10625
14949,19474,19705
14950,21154,21389
14951,22245,22481
14952,53297,53404
14953,28512,28751
14954,52420,52527
14955,46227,46508
14956,38634,38907
14957,39102,39375
14958,53931,54042
14959,2452,2665
14960,7577,7799
14961,39694,39968
14962,39799,40073
14963,21675,21911
14964,50630,50730
14965,1057,1267
14966,51651,51754
14967,55102,55215
14968,45849,46128
14969,26160,26399
14970,6012,6233
14971,12536,12760
14972,27516,27755
14973,24575,24812
14974,10968,11192
14975,192,400
14976,20622,20857
14977,44758,45035
14978,23985,24222
14979,35732,35997
14980,50381,50481
14981,42082,42358
14982,18219,18449
14983,28688,28927
14984,17777,18006
14985,7231,7453
14986,25056,25293
14987,47103,47388
14988,47096,47381
14989,13501,13725
14990,18739,18969
14991,1747,1958
14992,21852,22088
14993,14436,14661
14994,39776,40050
14995,43953,44230
14996,15079,15304
14997,29920,30159
14998,48446,48525
14999,10531,10755
15000,24965,25202
15001,41727,42003
15002,38851,39124
15003,5197,5418
15004,42282,42558
15005,39600,39874
15006,1336,1547
15007,5369,5590
15008,35133,35395
15009,54421,54532
15010,28118,28357
15011,23344,23581
15012,35934,36200
15013,42669,42946
15014,54020,54131
15015,48920,48999
15016,4023,4241
15017,31221,31462
15018,22326,22562
15019,45764,46043
15020,17642,17871
15021,30314,30553
15022,34757,35014
15023,13404,13628
15024,50947,51048
15025,22892,23129
15026,21113,21348
15027,24511,24748
15028,43422,43699
15029,29161,29400
15030,56477,56592
15031,30566,30805
15032,4546,4767
15033,56826,56941
15034,31133,31373
15035,16564,16789
15036,35468,35731
15037,51748,51852
15038,10462,10686
15039,10837,11061
15040,214,422
15041,9257,9480
15042,13112,13336
15043,36233,36504
15044,37311,37584
15045,42056,42332
15046,19112,19343
15047,26456,26695
15048,46762,47046
15049,4854,5075
15050,14641,14866
15051,3260,3476
15052,33073,33316
15053,37635,37908
15054,11482,11706
15055,19415,19646
15056,50342,50442
15057,50999,51100
15058,23123,23360
15059,10801,11025
15060,46444,46725
15061,49707,49787
15062,42357,42633
15063,25453,25691
15064,5615,5836
15065,20899,21134
15066,21789,22025
15067,671,881
15068,31167,31407
15069,16317,16542
15070,15261,15486
15071,26861,27100
15072,56558,56673
15073,53977,54088
15074,46368,46649
15075,33782,34029
15076,39186,39459
15077,17965,18195
15078,47134,47419
15079,41350,41626
15080,22390,22626
15081,46418,46699
15082,54773,54884
15083,9923,10147
15084,56661,56776
15085,17374,17603
15086,45853,46132
15087,29473,29712
15088,35978,36244
15089,22240,22476
15090,10912,11136
15091,14246,14471
15092,5058,5279
15093,36657,36929
15094,42520,42796
15095,27408,27647
15096,34198,34448
15097,46744,47028
15098,3512,3728
15099,41814,42090
15100,32601,32844
15101,29285,29524
15102,34102,34352
15103,43910,44187
15104,9129,9352
15105,44735,45012
15106,53606,53716
15107,27802,28041
15108,23561,23798
15109,50036,50134
15110,9240,9463
15111,49419,49499
15112,35806,36071
15113,40847,41122
15114,19583,19815
15115,18318,18548
15116,5675,5896
15117,54888,54999
15118,1166,1376
15119,56157,56271
15120,19104,19335
15121,13286,13510
15122,34413,34663
15123,54490,54601
15124,13249,13473
15125,45731,46010
15126,12999,13223
15127,6918,7140
15128,14197,14422
15129,24367,24604
15130,56575,56690
15131,39535,39809
15132,29910,30149
15133,40177,40451
15134,55874,55988
15135,4333,4554
15136,49580,49660
15137,46499,46782
15138,39105,39378
15139,34606,34863
15140,55622,55736
15141,49992,50089
15142,51522,51623
15143,42356,42632
15144,21439,21675
15145,46800,47084
15146,25832,26070
15147,2579,2793
15148,5550,5771
15149,18284,18514
15150,17017,17246
15151,19536,19767
15152,45511,45790
15153,46375,46656
15154,0,1
15155,50751,50851
15156,8003,8225
15157,37409,37682
15158,52593,52700
15159,31584,31825
15160,11687,11911
15161,22310,22546
15162,53139,53246
15163,19712,19945
15164,28382,28621
15165,17980,18210
15166,46599,46882
15167,15582,15807
15168,23810,24047
15169,32686,32929
15170,4415,4636
15171,11449,11673
15172,54658,54769
15173,49655,49735
15174,17222,17451
15175,26727,26966
15176,29895,30134
15177,26024,26263
15178,11123,11347
15179,14466,14691
15180,1107,1317
15181,20322,20555
15182,27215,27454
15183,24916,25153
15184,42857,43134
15185,20137,20370
15186,30098,30337
15187,45704,45983
15188,27551,27790
15189,39387,39660
15190,20914,21149
15191,25381,25619
15192,17283,17512
15193,35036,35298
15194,50948,51049
15195,38841,39114
15196,29239,29478
15197,36620,36892
15198,3241,3457
15199,12009,12233
15200,10432,10656
15201,1487,1698
15202,17754,17983
15203,5393,5614
15204,37924,38197
15205,45147,45424
15206,259,467
15207,31125,31365
15208,40801,41076
15209,41428,41704
15210,11352,11576
15211,16466,16691
15212,32094,32336
15213,31781,32023
15214,51260,51361
15215,51549,51650
15216,49670,49750
15217,1241,1451
15218,23196,23433
15219,29796,30035
15220,6455,6676
15221,922,1132
15222,40443,40718
15223,37164,37437
15224,44721,44998
15225,33744,33991
15226,24129,24366
15227,14151,14376
15228,13279,13503
15229,14930,15155
15230,45281,45559
15231,23866,24103
15232,53679,53789
15233,11388,11612
15234,758,968
15235,8694,8917
15236,12627,12851
15237,28829,29068
15238,28405,28644
15239,9958,10182
15240,25559,25797
15241,17383,17612
15242,35010,35272
15243,1205,1415
15244,33584,33830
15245,41675,41951
15246,7601,7823
15247,5075,5296
15248,42882,43159
15249,25572,25810
15250,46705,46989
15251,28404,28643
15252,37819,38092
15253,24248,24485
15254,31302,31543
15255,47785,178
15256,55751,55865
15257,11064,11288
15258,51613,51716
15259,39805,40079
15260,45506,45785
15261,18183,18413
15262,32767,33010
15263,23264,23501
15264,4689,4910
15265,9744,9968
15266,26435,26674
15267,1629,1840
15268,27715,27954
15269,56792,56907
15270,24932,25169
15271,50643,50743
15272,7701,7923
15273,28799,29038
15274,21085,21320
15275,2268,2480
15276,29105,29344
15277,34741,34998
15278,37726,37999
15279,54026,54137
15280,19442,19673
15281,26859,27098
15282,21127,21362
15283,43197,43474
15284,34159,34409
15285,48324,48403
15286,12628,12852
15287,14982,15207
15288,7034,7256
15289,39176,39449
15290,25234,25472
15291,52938,53045
15292,25785,26023
15293,3987,4205
15294,55628,55742
15295,6932,7154
15296,40605,40880
15297,44205,44482
15298,2595,2809
15299,53284,53391
15300,56422,56537
15301,31814,32056
15302,20624,20859
15303,3663,3880
15304,38796,39069
15305,35517,35780
15306,29035,29274
15307,36213,36484
15308,14229,14454
15309,10290,10514
15310,33032,33275
15311,34528,34785
15312,24628,24865
15313,54177,54288
15314,56895,57010
15315,55377,55491
15316,1479,1690
15317,20407,20640
15318,29065,29304
15319,16563,16788
15320,20652,20887
15321,22651,22888
15322,15571,15796
15323,15239,15464
15324,36735,37007
15325,43707,43984
15326,26193,26432
15327,7427,7649
15328,5639,5860
15329,34781,35038
15330,53815,53926
15331,35649,35913
15332,10663,10887
15333,48642,48721
15334,51695,51798
15335,1883,2094
15336,36821,37093
15337,6769,6990
15338,2674,2888
15339,36202,36473
15340,6449,6670
15341,27040,27279
15342,50912,51013
15343,53317,53425
15344,15433,15658
15345,39408,39681
15346,41822,42098
15347,281,489
15348,5422,5643
15349,28438,28677
15350,11609,11833
15351,1989,2200
15352,49657,49737
15353,1326,1537
15354,31269,31510
15355,10838,11062
15356,47035,47320
15357,25082,25320
15358,30622,30861
15359,41112,41388
15360,55763,55877
15361,8209,8431
15362,18505,18735
15363,5008,5229
15364,28703,28942
15365,23575,23812
15366,16268,16493
15367,12897,13121
15368,9626,9850
15369,4901,5122
15370,48558,48637
15371,33095,33338
15372,3270,3486
15373,6940,7162
15374,42137,42413
15375,34918,35180
15376,21936,22172
15377,44169,44446
15378,34247,34497
15379,18437,18667
15380,28631,28870
15381,43330,43607
15382,34210,34460
15383,36216,36487
15384,35365,35628
15385,21811,22047
15386,16526,16751
15387,41015,41291
15388,34138,34388
15389,49669,49749
15390,54390,54501
15391,53268,53375
15392,18852,19083
15393,210,418
15394,49022,49101
15395,45394,45672
15396,54801,54912
15397,21325,21560
15398,21548,21784
15399,16543,16768
15400,16620,16845
15401,6155,6376
15402,55092,55205
15403,46013,46294
15404,46939,47224
15405,6356,6577
15406,31218,31459
15407,30345,30584
15408,50356,50456
15409,25285,25523
15410,8523,8745
15411,3362,3578
15412,43833,44110
15413,45415,45693
15414,30757,30996
15415,54505,54616
15416,52238,52344
15417,2414,2627
15418,54208,54319
15419,5529,5750
15420,13586,13810
15421,32656,32899
15422,13309,13533
15423,12037,12261
15424,53000,53107
15425,37947,38220
15426,49971,50067
15427,15226,15451
15428,1200,1410
15429,9393,9616
15430,7813,8035
15431,45271,45549
15432,33378,33624
15433,23759,23996
15434,50993,51094
15435,17869,18098
15436,27300,27539
15437,22053,22289
15438,16745,16972
15439,10822,11046
15440,51146,51247
15441,15070,15295
15442,46387,46668
15443,37846,38119
15444,31750,31991
15445,34503,34760
15446,19532,19763
15447,34020,34267
15448,8069,8291
15449,27218,27457
15450,18388,18618
15451,14126,14351
15452,55088,55201
15453,49901,49997
15454,36443,36715
15455,46624,46907
15456,12068,12292
15457,53746,53856
15458,40055,40329
15459,13952,14177
15460,9712,9936
15461,3730,3948
15462,13672,13896
15463,2965,3180
15464,17137,17366
15465,18953,19184
15466,56036,56150
15467,50566,50666
15468,34435,34685
15469,54758,54869
15470,44330,44607
15471,43346,43623
15472,17560,17789
15473,40963,41239
15474,39488,39761
15475,35843,36109
15476,45865,46144
15477,18940,19171
15478,27439,27678
15479,36113,36384
15480,18348,18578
15481,41421,41697
15482,27312,27551
15483,13723,13948
15484,27501,27740
15485,19987,20220
15486,45228,45506
15487,56130,56244
15488,754,964
15489,35482,35745
15490,48067,48145
15491,37528,37801
15492,41083,41359
15493,2479,2693
15494,2475,2689
15495,35936,36202
15496,42308,42584
15497,27002,27241
15498,8588,8810
15499,56676,56791
15500,3727,3945
15501,52745,52852
15502,53668,53778
15503,2573,2787
15504,33562,33808
15505,49780,49860
15506,55816,55930
15507,42434,42710
15508,8040,8262
15509,10136,10360
15510,36696,36968
15511,53352,53460
15512,27765,28004
15513,56626,56741
15514,7252,7474
15515,15088,15313
15516,37548,37821
15517,22920,23157
15518,47162,47447
15519,12213,12437
15520,21510,21746
15521,15211,15436
15522,41555,41831
15523,27512,27751
15524,22320,22556
15525,52597,52704
15526,11699,11923
15527,29792,30031
15528,30259,30498
15529,25525,25763
15530,44966,45243
15531,41788,42064
15532,11512,11736
15533,24846,25083
15534,20223,20456
15535,21423,21659
15536,30494,30733
15537,10481,10705
15538,43923,44200
15539,15745,15970
15540,34255,34505
15541,10883,11107
15542,51724,51827
15543,30953,31192
15544,17063,17292
15545,30422,30661
15546,9565,9789
15547,32891,33134
15548,14076,14301
15549,26313,26552
15550,56527,56642
15551,42886,43163
15552,32975,33218
15553,24645,24882
15554,4758,4979
15555,29287,29526
15556,12216,12440
15557,4244,4465
15558,2377,2589
15559,25005,25242
15560,22462,22698
15561,44673,44950
15562,55978,56092
15563,3312,3528
15564,2593,2807
15565,49906,50002
15566,9360,9583
15567,5162,5383
15568,11792,12016
15569,37879,38152
15570,31161,31401
15571,13969,14194
15572,45493,45772
15573,27594,27833
15574,10673,10897
15575,56264,56378
15576,32581,32824
15577,34192,34442
15578,47146,47431
15579,43043,43320
15580,56298,56413
15581,15064,15289
15582,21682,21918
15583,1362,1573
15584,51971,52076
15585,29116,29355
15586,15130,15355
15587,10959,11183
15588,31860,32102
15589,14808,15033
15590,17075,17304
15591,44014,44291
15592,46151,46432
15593,27645,27884
15594,43962,44239
15595,41581,41857
15596,19685,19918
15597,28973,29212
15598,29399,29638
15599,13466,13690
15600,32026,32268
15601,38493,38766
15602,39833,40107
15603,25952,26191
15604,28476,28715
15605,49944,50040
15606,49257,49337
15607,6774,6995
15608,41579,41855
15609,39356,39629
15610,29272,29511
15611,36837,37109
15612,46644,46927
15613,3787,4005
15614,24261,24498
15615,50980,51081
15616,4221,4442
15617,454,663
15618,44807,45084
15619,48485,48564
15620,29532,29771
15621,51566,51667
15622,13736,13961
15623,40767,41042
15624,18930,19161
15625,28004,28243
15626,36463,36735
15627,33191,33437
15628,16401,16626
15629,17530,17759
15630,28584,28823
15631,26921,27160
15632,26093,26332
15633,26325,26564
15634,23289,23526
15635,13996,14221
15636,18005,18235
15637,4834,5055
15638,33104,33347
15639,46962,47247
15640,21554,21790
15641,19224,19455
15642,9287,9510
15643,21026,21261
15644,15344,15569
15645,31077,31317
15646,37961,38234
15647,9535,9759
15648,15992,16217
15649,20464,20699
15650,23624,23861
15651,28804,29043
15652,18036,18266
15653,49363,49443
15654,26834,27073
15655,17326,17555
15656,5596,5817
15657,32091,32333
15658,21375,21611
15659,13052,13276
15660,55631,55745
15661,4226,4447
15662,25554,25792
15663,28785,29024
15664,36740,37012
15665,54944,55055
15666,14554,14779
15667,7937,8159
15668,7384,7606
15669,51342,51443
15670,30730,30969
15671,343,552
15672,2201,2413
15673,39830,40104
15674,55820,55934
15675,13545,13769
15676,34792,35049
15677,1312,1523
15678,5509,5730
15679,18380,18610
15680,30852,31091
15681,26441,26680
15682,46196,46477
15683,12736,12960
15684,9942,10166
15685,42006,42282
15686,23138,23375
15687,39445,39718
15688,53717,53827
15689,31604,31845
15690,46979,47264
15691,56382,56497
15692,5644,5865
15693,53132,53239
15694,41705,41981
15695,18957,19188
15696,26987,27226
15697,8232,8454
15698,19251,19482
15699,35802,36067
15700,54317,54428
15701,15905,16130
15702,816,1026
15703,18047,18277
15704,51760,51865
15705,250,458
15706,49256,49336
15707,7040,7262
15708,45079,45356
15709,48300,48379
15710,2376,2588
15711,37100,37372
15712,45083,45360
15713,15407,15632
15714,26516,26755
15715,8756,8979
15716,51377,51478
15717,18222,18452
15718,21699,21935
15719,15117,15342
15720,33175,33421
15721,15793,16018
15722,22538,22774
15723,27605,27844
15724,52088,52193
15725,53162,53269
15726,46325,46606
15727,24570,24807
15728,46036,46317
15729,26813,27052
15730,37372,37645
15731,13745,13970
15732,56496,56611
15733,28622,28861
15734,5809,6030
15735,4867,5088
15736,3062,3277
15737,24321,24558
15738,49511,49591
15739,10485,10709
15740,15787,16012
15741,38951,39224
15742,33172,33418
15743,44298,44575
15744,43975,44252
15745,5540,5761
15746,28629,28868
15747,3610,3826
15748,45737,46016
15749,40282,40557
15750,14639,14864
15751,55873,55987
15752,10023,10247
15753,7310,7532
15754,12028,12252
15755,12403,12627
15756,6868,7089
15757,14508,14733
15758,54649,54760
15759,55464,55578
15760,21001,21236
15761,18811,19042
15762,53727,53837
15763,39623,39897
15764,32593,32836
15765,33255,33501
15766,15788,16013
15767,6321,6542
15768,49602,49682
15769,27329,27568
15770,52549,52656
15771,53808,53918
15772,6120,6341
15773,43588,43865
15774,37779,38052
15775,4527,4748
15776,50651,50751
15777,52671,52778
15778,37080,37352
15779,22482,22718
15780,10487,10711
15781,20479,20714
15782,49598,49678
15783,31533,31774
15784,51586,51688
15785,27554,27793
15786,13864,14089
15787,29318,29557
15788,32692,32935
15789,14133,14358
15790,48744,48823
15791,1412,1623
15792,18696,18926
15793,28653,28892
15794,43257,43534
15795,18932,19163
15796,22792,23029
15797,12175,12399
15798,36852,37124
15799,56173,56287
15800,18336,18566
15801,22229,22465
15802,54350,54461
15803,47967,48045
15804,22241,22477
15805,10508,10732
15806,54514,54625
15807,13405,13629
15808,43130,43407
15809,22490,22726
15810,41820,42096
15811,2040,2251
15812,23309,23546
15813,33076,33319
15814,38359,38632
15815,31036,31276
15816,35998,36264
15817,27633,27872
15818,5201,5422
15819,53609,53719
15820,45507,45786
15821,38559,38832
15822,12306,12530
15823,32626,32869
15824,7839,8061
15825,56485,56600
15826,21490,21726
15827,44200,44477
15828,50138,50237
15829,11537,11761
15830,49532,49612
15831,46783,47067
15832,50419,50519
15833,30448,30687
15834,41667,41943
15835,43832,44109
15836,34700,34957
15837,29463,29702
15838,38757,39030
15839,26535,26774
15840,19085,19316
15841,11589,11813
15842,11974,12198
15843,23324,23561
15844,6327,6548
15845,36058,36329
15846,15890,16115
15847,19999,20232
15848,10681,10905
15849,20346,20579
15850,38263,38536
15851,30519,30758
15852,27423,27662
15853,50214,50314
15854,506,715
15855,20376,20609
15856,10672,10896
15857,56937,57052
15858,405,614
15859,13547,13771
15860,17512,17741
15861,15006,15231
15862,34979,35241
15863,40982,41258
15864,44392,44669
15865,31789,32031
15866,56201,56315
15867,41347,41623
15868,49860,49956
15869,17002,17229
15870,17739,17968
15871,39705,39979
15872,39678,39952
15873,725,935
15874,53253,53360
15875,23368,23605
15876,5824,6045
15877,34388,34638
15878,49373,49453
15879,23951,24188
15880,46429,46710
15881,50522,50622
15882,46308,46589
15883,1075,1285
15884,35419,35682
15885,43787,44064
15886,7195,7417
15887,36762,37034
15888,17370,17599
15889,47943,48021
15890,41016,41292
15891,24126,24363
15892,17442,17671
15893,52047,52152
15894,29586,29825
15895,6775,6996
15896,5325,5546
15897,48411,48490
15898,9647,9871
15899,9270,9493
15900,47752,145
15901,27789,28028
15902,1436,1647
15903,30117,30356
15904,54016,54127
15905,10357,10581
15906,45368,45646
15907,23693,23930
15908,55746,55860
15909,39644,39918
15910,8948,9171
15911,40948,41224
15912,7655,7877
15913,46185,46466
15914,47992,48070
15915,33005,33248
15916,44066,44343
15917,35783,36048
15918,48850,48929
15919,52570,52677
15920,8699,8922
15921,44399,44676
15922,25732,25970
15923,42155,42431
15924,35960,36226
15925,52262,52368
15926,23065,23302
15927,22961,23198
15928,9244,9467
15929,17900,18129
15930,39365,39638
15931,38725,38998
15932,4970,5191
15933,234,442
15934,43458,43735
15935,18649,18879
15936,37209,37482
15937,13397,13621
15938,7723,7945
15939,9391,9614
15940,19493,19724
15941,26569,26808
15942,18149,18379
15943,45881,46160
15944,41199,41475
15945,11944,12168
15946,38732,39005
15947,16823,17050
15948,12699,12923
15949,31586,31827
15950,31975,32217
15951,29603,29842
15952,23,24
15953,13937,14162
15954,33807,34054
15955,35578,35842
15956,3016,3231
15957,42323,42599
15958,13456,13680
15959,27879,28118
15960,13761,13986
15961,16961,17188
15962,55406,55520
15963,32595,32838
15964,38650,38923
15965,44820,45097
15966,30357,30596
15967,33500,33746
15968,36684,36956
15969,39560,39834
15970,5314,5535
15971,1683,1894
15972,43207,43484
15973,27527,27766
15974,47828,221
15975,29597,29836
15976,16113,16338
15977,36678,36950
15978,16379,16604
15979,42879,43156
15980,47999,48077
15981,18952,19183
15982,14535,14760
15983,49997,50094
15984,25644,25882
15985,53504,53613
15986,43998,44275
15987,26254,26493
15988,28003,28242
15989,18400,18630
15990,25371,25609
15991,36732,37004
15992,14993,15218
15993,13747,13972
15994,27823,28062
15995,36317,36589
15996,4429,4650
15997,27910,28149
15998,6863,7084
15999,37010,37282
16000,19344,19575
16001,26283,26522
16002,43278,43555
16003,26868,27107
16004,29160,29399
16005,30025,30264
16006,48334,48413
16007,829,1039
16008,56245,56359
16009,23480,23717
16010,41059,41335
16011,3473,3689
16012,7722,7944
16013,51503,51604
16014,46328,46609
16015,35853,36119
16016,48179,48258
16017,22742,22979
16018,52645,52752
16019,35731,35996
16020,34593,34850
16021,37763,38036
16022,50663,50763
16023,31336,31577
16024,35864,36130
16025,56975,57090
16026,17795,18024
16027,20192,20425
16028,51578,51679
16029,3910,4128
16030,29055,29294
16031,2518,2732
16032,4108,4329
16033,32196,32439
16034,29795,30034
16035,33721,33968
16036,19297,19528
16037,15926,16151
16038,31929,32171
16039,44908,45185
16040,48,256
16041,10463,10687
16042,20217,20450
16043,4668,4889
16044,12377,12601
16045,5493,5714
16046,22759,22996
16047,23562,23799
16048,23646,23883
16049,17110,17339
16050,5531,5752
16051,53287,53394
16052,50178,50277
16053,25539,25777
16054,16472,16697
16055,36276,36547
16056,38000,38273
16057,1069,1279
16058,31843,32085
16059,21357,21593
16060,53401,53510
16061,1136,1346
16062,12181,12405
16063,42343,42619
16064,48976,49055
16065,13555,13779
16066,39095,39368
16067,48354,48433
16068,43089,43366
16069,51367,51468
16070,20412,20645
16071,53333,53441
16072,28990,29229
16073,41512,41788
16074,2270,2482
16075,17363,17592
16076,15316,15541
16077,47443,47728
16078,51836,51941
16079,953,1163
16080,5116,5337
16081,51063,51164
16082,43595,43872
16083,39693,39967
16084,48530,48609
16085,45017,45294
16086,31806,32048
16087,13685,13909
16088,33224,33470
16089,48703,48782
16090,52036,52141
16091,51690,51793
16092,29407,29646
16093,3174,3390
16094,55334,55447
16095,22808,23045
16096,28313,28552
16097,37724,37997
16098,29268,29507
16099,8099,8321
16100,18491,18721
16101,42867,43144
16102,34785,35042
16103,56846,56961
16104,56491,56606
16105,16107,16332
16106,13437,13661
16107,39911,40185
16108,8369,8591
16109,12384,12608
16110,30061,30300
16111,20869,21104
16112,30849,31088
16113,16757,16984
16114,29779,30018
16115,41263,41539
16116,9247,9470
16117,9738,9962
16118,44360,44637
16119,46517,46800
16120,2876,3090
16121,31217,31457
16122,53943,54054
16123,21992,22228
16124,22489,22725
16125,30650,30889
16126,39606,39880
16127,30427,30666
16128,22422,22658
16129,56965,57080
16130,20876,21111
16131,53103,53210
16132,32632,32875
16133,8566,8788
16134,29175,29414
16135,52258,52364
16136,55105,55218
16137,20579,20814
16138,37824,38097
16139,7304,7526
16140,16516,16741
16141,42127,42403
16142,54245,54356
16143,19901,20134
16144,55893,56007
16145,53261,53368
16146,4475,4696
16147,10785,11009
16148,49488,49568
16149,26777,27016
16150,4282,4503
16151,22076,22312
16152,13495,13719
16153,4289,4510
16154,48052,48130
16155,8193,8415
16156,50845,50946
16157,46632,46915
16158,44251,44528
16159,24978,25215
16160,10424,10648
16161,56590,56705
16162,36806,37078
16163,5789,6010
16164,33131,33377
16165,55990,56104
16166,46737,47021
16167,54814,54925
16168,51011,51112
16169,48212,48291
16170,52193,52298
16171,39638,39912
16172,53501,53610
16173,41508,41784
16174,12375,12599
16175,2605,2819
16176,19389,19620
16177,10631,10855
16178,23016,23253
16179,30778,31017
16180,45114,45391
16181,56062,56176
16182,47668,61
16183,17873,18102
16184,38775,39048
16185,38792,39065
16186,43950,44227
16187,9988,10212
16188,26371,26610
16189,22198,22434
16190,1930,2141
16191,38302,38575
16192,31262,31503
16193,39246,39519
16194,23547,23784
16195,8922,9145
16196,46822,47106
16197,14750,14975
16198,37940,38213
16199,9563,9787
16200,6615,6836
16201,16307,16532
16202,53678,53788
16203,37332,37605
16204,53946,54057
16205,33925,34172
16206,15031,15256
16207,1116,1326
16208,9728,9952
16209,55762,55876
16210,56194,56308
16211,10493,10717
16212,40211,40486
16213,41515,41791
16214,13598,13822
16215,41997,42273
16216,27538,27777
16217,53612,53722
16218,4619,4840
16219,24311,24548
16220,19805,20038
16221,51358,51459
16222,28381,28620
16223,22263,22499
16224,6846,7067
16225,19286,19517
16226,9275,9498
16227,10346,10570
16228,37681,37954
16229,56451,56566
16230,4151,4372
16231,7742,7964
16232,54776,54887
16233,10102,10326
16234,47511,47796
16235,52133,52238
16236,29494,29733
16237,8538,8760
16238,11873,12097
16239,34953,35215
16240,51050,51151
16241,31235,31476
16242,31345,31586
16243,45632,45911
16244,45839,46118
16245,35728,35993
16246,51853,51958
16247,46335,46616
16248,17595,17824
16249,7968,8190
16250,3451,3667
16251,47647,40
16252,52266,52372
16253,27994,28233
16254,3081,3296
16255,43812,44089
16256,25397,25635
16257,5834,6055
16258,38823,39096
16259,1674,1885
16260,39143,39416
16261,28061,28300
16262,30058,30297
16263,34833,35090
16264,23345,23582
16265,25202,25440
16266,26561,26800
16267,22378,22614
16268,45369,45647
16269,52737,52844
16270,50953,51054
16271,56461,56576
16272,28097,28336
16273,18067,18297
16274,30618,30857
16275,31836,32078
16276,44682,44959
16277,5723,5944
16278,11854,12078
16279,12930,13154
16280,13961,14186
16281,7348,7570
16282,46545,46828
16283,12133,12357
16284,20577,20812
16285,39507,39781
16286,22706,22943
16287,50629,50729
16288,25030,25267
16289,39159,39432
16290,30159,30398
16291,37695,37968
16292,17209,17438
16293,12864,13088
16294,50970,51071
16295,9954,10178
16296,22186,22422
16297,43562,43839
16298,49159,49239
16299,4447,4668
16300,15918,16143
16301,29365,29604
16302,2196,2408
16303,46583,46866
16304,17062,17291
16305,2307,2519
16306,16163,16388
16307,20627,20862
16308,18633,18863
16309,12355,12579
16310,24773,25010
16311,53357,53465
16312,12867,13091
16313,51823,51928
16314,15187,15412
16315,11170,11394
16316,18401,18631
16317,8619,8841
16318,34345,34595
16319,19698,19931
16320,15865,16090
16321,52253,52359
16322,9202,9425
16323,15995,16220
16324,10985,11209
16325,8387,8609
16326,7335,7557
16327,29403,29642
16328,10187,10411
16329,31618,31859
16330,24695,24932
16331,34450,34700
16332,41960,42236
16333,7446,7668
16334,3168,3384
16335,18079,18309
16336,54355,54466
16337,53429,53538
16338,38091,38364
16339,5521,5742
16340,35670,35935
16341,7544,7766
16342,39657,39931
16343,55030,55143
16344,19915,20148
16345,54262,54373
16346,29031,29270
16347,28482,28721
16348,15626,15851
16349,14850,15075
16350,24175,24412
16351,35016,35278
16352,32995,33238
16353,23941,24178
16354,42726,43003
16355,46691,46975
16356,38186,38459
16357,45876,46155
16358,24204,24441
16359,6340,6561
16360,15392,15617
16361,54650,54761
16362,23978,24215
16363,47848,47926
16364,17402,17631
16365,50949,51050
16366,10849,11073
16367,12225,12449
16368,21396,21632
16369,22068,22304
16370,51728,51831
16371,16594,16819
16372,23009,23246
16373,5402,5623
16374,52647,52754
16375,34535,34792
16376,17380,17609
16377,31839,32081
16378,25084,25322
16379,25558,25796
16380,11900,12124
16381,14516,14741
16382,6274,6495
16383,5680,5901
16384,4605,4826
16385,30718,30957
16386,44708,44985
16387,15886,16111
16388,1423,1634
16389,8938,9161
16390,22208,22444
16391,48590,48669
16392,42156,42432
16393,53513,53622
16394,13722,13947
16395,16585,16810
16396,16926,17153
16397,41154,41430
16398,50209,50309
16399,48439,48518
16400,29659,29898
16401,17493,17722
16402,19989,20222
16403,12884,13108
16404,39255,39528
16405,27676,27915
16406,26812,27051
16407,19072,19303
16408,17435,17664
16409,17835,18064
16410,22103,22339
16411,2038,2249
16412,16817,17044
16413,36055,36326
16414,13636,13860
16415,41939,42215
16416,6136,6357
16417,1110,1320
16418,37710,37983
16419,55879,55993
16420,52134,52239
16421,19696,19929
16422,42015,42291
16423,29246,29485
16424,2135,2346
16425,47007,47292
16426,25311,25549
16427,24115,24352
16428,49271,49351
16429,19964,20197
16430,5775,5996
16431,25313,25551
16432,26161,26400
16433,43902,44179
16434,56776,56891
16435,11060,11284
16436,54410,54521
16437,18294,18524
16438,24106,24343
16439,55086,55199
16440,4886,5107
16441,46732,47016
16442,6793,7014
16443,54568,54679
16444,46424,46705
16445,6201,6422
16446,12401,12625
16447,50299,50399
16448,17445,17674
16449,47170,47455
16450,16645,16872
16451,6678,6899
16452,43560,43837
16453,46970,47255
16454,10960,11184
16455,56119,56233
16456,52704,52811
16457,17276,17505
16458,20082,20315
16459,893,1103
16460,5149,5370
16461,27856,28095
16462,39093,39366
16463,26992,27231
16464,44624,44901
16465,40297,40572
16466,40581,40856
16467,16428,16653
16468,55463,55577
16469,48887,48966
16470,14097,14322
16471,29,237
16472,18495,18725
16473,40712,40987
16474,8734,8957
16475,9460,9683
16476,50350,50450
16477,11775,11999
16478,32008,32250
16479,20155,20388
16480,15413,15638
16481,21047,21282
16482,17468,17697
16483,4865,5086
16484,3293,3509
16485,12668,12892
16486,43240,43517
16487,51471,51572
16488,49192,49272
16489,16559,16784
16490,27323,27562
16491,45438,45716
16492,20410,20643
16493,56606,56721
16494,9136,9359
16495,52842,52949
16496,24883,25120
16497,30854,31093
16498,44532,44809
16499,3446,3662
16500,41249,41525
16501,37040,37312
16502,56276,56390
16503,41091,41367
16504,34724,34981
16505,15783,16008
16506,1980,2191
16507,41654,41930
16508,23526,23763
16509,49599,49679
16510,12894,13118
16511,10555,10779
16512,47470,47755
16513,36648,36920
16514,48061,48139
16515,13109,13333
16516,811,1021
16517,42974,43251
16518,20079,20312
16519,16792,17019
16520,36721,36993
16521,23275,23512
16522,5059,5280
16523,9017,9240
16524,56976,57091
16525,25741,25979
16526,52459,52566
16527,21872,22108
16528,11054,11278
16529,1445,1656
16530,47386,47671
16531,23847,24084
16532,43203,43480
16533,33532,33778
16534,25991,26230
16535,29499,29738
16536,42091,42367
16537,51873,51978
16538,55113,55226
16539,39554,39828
16540,8042,8264
16541,38194,38467
16542,26606,26845
16543,39551,39825
16544,45818,46097
16545,48395,48474
16546,22269,22505
16547,2426,2639
16548,24046,24283
16549,25728,25966
16550,36704,36976
16551,9158,9381
16552,50165,50264
16553,55574,55688
16554,50235,50335
16555,2775,2989
16556,20694,20929
16557,22508,22744
16558,34848,35105
16559,32830,33073
16560,28635,28874
16561,13945,14170
16562,42401,42677
16563,35677,35942
16564,36345,36617
16565,30241,30480
16566,8630,8852
16567,16493,16718
16568,40011,40285
16569,13852,14077
16570,31607,31848
16571,28019,28258
16572,39556,39830
16573,27245,27484
16574,42767,43044
16575,43295,43572
16576,31468,31709
16577,21700,21936
16578,7424,7646
16579,9862,10086
16580,20649,20884
16581,37826,38099
16582,7805,8027
16583,46876,47161
16584,30301,30540
16585,8088,8310
16586,18512,18742
16587,18408,18638
16588,42535,42811
16589,14773,14998
16590,1773,1984
16591,26615,26854
16592,41077,41353
16593,7376,7598
16594,1304,1515
16595,54297,54408
16596,481,690
16597,40081,40355
16598,13011,13235
16599,9478,9701
16600,26463,26702
16601,23912,24149
16602,9444,9667
16603,48565,48644
16604,46731,47015
16605,23642,23879
16606,26051,26290
16607,27614,27853
16608,19986,20219
16609,25721,25959
16610,38028,38301
16611,10097,10321
16612,11516,11740
16613,44043,44320
16614,30831,31070
16615,24437,24674
16616,4179,4400
16617,37860,38133
16618,24110,24347
16619,2995,3210
16620,22783,23020
16621,54183,54294
16622,51905,52010
16623,27954,28193
16624,10111,10335
16625,5327,5548
16626,9205,9428
16627,51599,51702
16628,11255,11479
16629,5638,5859
16630,36712,36984
16631,19249,19480
16632,27560,27799
16633,17406,17635
16634,55910,56024
16635,37786,38059
16636,51225,51326
16637,5041,5262
16638,45159,45436
16639,45397,45675
16640,20460,20695
16641,12434,12658
16642,6621,6842
16643,43267,43544
16644,21808,22044
16645,28674,28913
16646,29086,29325
16647,28648,28887
16648,16460,16685
16649,16430,16655
16650,15617,15842
16651,6674,6895
16652,42869,43146
16653,8943,9166
16654,27796,28035
16655,41089,41365
16656,2746,2960
16657,32524,32767
16658,48220,48299
16659,5213,5434
16660,52197,52302
16661,37522,37795
16662,18983,19214
16663,6732,6953
16664,27607,27846
16665,46888,47173
16666,41011,41287
16667,33162,33408
16668,26020,26259
16669,10568,10792
16670,45202,45480
16671,48509,48588
16672,12234,12458
16673,45078,45355
16674,20517,20752
16675,40477,40752
16676,16078,16303
16677,1348,1559
16678,48137,48216
16679,21878,22114
16680,15060,15285
16681,7825,8047
16682,11209,11433
16683,36908,37180
16684,53303,53410
16685,41187,41463
16686,19161,19392
16687,46988,47273
16688,2883,3097
16689,26251,26490
16690,47735,128
16691,34894,35152
16692,20617,20852
16693,50736,50836
16694,56159,56273
16695,17098,17327
16696,27842,28081
16697,17173,17402
16698,9541,9765
16699,15632,15857
16700,37903,38176
16701,38418,38691
16702,45942,46221
16703,35526,35789
16704,14938,15163
16705,38184,38457
16706,41824,42100
16707,45710,45989
16708,23919,24156
16709,40588,40863
16710,23673,23910
16711,51740,51844
16712,43401,43678
16713,27369,27608
16714,13708,13932
16715,50549,50649
16716,20038,20271
16717,11063,11287
16718,12426,12650
16719,41314,41590
16720,34926,35188
16721,41064,41340
16722,10140,10364
16723,21890,22126
16724,40324,40599
16725,480,689
16726,43325,43602
16727,34589,34846
16728,28374,28613
16729,32924,33167
16730,49034,49113
16731,41125,41401
16732,40036,40310
16733,29107,29346
16734,55326,55439
16735,48755,48834
16736,39859,40133
16737,34754,35011
16738,11688,11912
16739,52408,52515
16740,13149,13373
16741,13359,13583
16742,48977,49056
16743,36283,36554
16744,21118,21353
16745,2974,3189
16746,20240,20473
16747,24683,24920
16748,37723,37996
16749,47732,125
16750,35247,35509
16751,2061,2272
16752,28589,28828
16753,36884,37156
16754,28115,28354
16755,42459,42735
16756,11196,11420
16757,3056,3271
16758,1386,1597
16759,11787,12011
16760,9173,9396
16761,21176,21411
16762,23135,23372
16763,14005,14230
16764,15934,16159
16765,30691,30930
16766,32197,32440
16767,42976,43253
16768,30297,30536
16769,4719,4940
16770,5973,6194
16771,18922,19153
16772,27649,27888
16773,34310,34560
16774,47559,47844
16775,53607,53717
16776,28014,28253
16777,37319,37592
16778,24124,24361
16779,56301,56416
16780,18458,18688
16781,33893,34140
16782,43859,44136
16783,32047,32289
16784,55899,56013
16785,30713,30952
16786,3774,3992
16787,46441,46722
16788,38727,39000
16789,39324,39597
16790,18473,18703
16791,21038,21273
16792,45473,45752
16793,34983,35245
16794,34659,34916
16795,55060,55173
16796,52449,52556
16797,25878,26117
16798,45989,46270
16799,20195,20428
16800,24459,24696
16801,9146,9369
16802,45931,46210
16803,47309,47594
16804,9011,9234
16805,19070,19301
16806,23832,24069
16807,34160,34410
16808,48915,48994
16809,16767,16994
16810,50520,50620
16811,28895,29134
16812,28836,29075
16813,22368,22604
16814,22951,23188
16815,28201,28440
16816,13688,13912
16817,6148,6369
16818,16447,16672
16819,38557,38830
16820,37336,37609
16821,3214,3430
16822,44412,44689
16823,38661,38934
16824,39872,40146
16825,19888,20121
16826,26917,27156
16827,18264,18494
16828,15149,15374
16829,54238,54349
16830,19168,19399
16831,4048,4266
16832,1024,1234
16833,18163,18393
16834,47479,47764
16835,22529,22765
16836,49015,49094
16837,40302,40577
16838,42913,43190
16839,38215,38488
16840,32506,32749
16841,48988,49067
16842,43337,43614
16843,47222,47507
16844,55529,55643
16845,43124,43401
16846,40298,40573
16847,38626,38899
16848,4544,4765
16849,3101,3316
16850,55880,55994
16851,13925,14150
16852,15740,15965
16853,55504,55618
16854,43406,43683
16855,9221,9444
16856,7114,7336
16857,20845,21080
16858,45794,46073
16859,8281,8503
16860,7858,8080
16861,41559,41835
16862,1421,1632
16863,41968,42244
16864,52077,52182
16865,14209,14434
16866,30484,30723
16867,4613,4834
16868,9634,9858
16869,22479,22715
16870,13273,13497
16871,13731,13956
16872,23782,24019
16873,29241,29480
16874,21655,21891
16875,21638,21874
16876,39419,39692
16877,10107,10331
16878,48701,48780
16879,31080,31320
16880,55843,55957
16881,3166,3382
16882,3977,4195
16883,697,907
16884,56192,56306
16885,24893,25130
16886,31026,31266
16887,38500,38773
16888,56499,56614
16889,54997,55110
16890,40456,40731
16891,18456,18686
16892,8377,8599
16893,5900,6121
16894,15084,15309
16895,52654,52761
16896,29744,29983
16897,13679,13903
16898,6186,6407
16899,69,277
16900,55343,55457
16901,53243,53350
16902,17840,18069
16903,36330,36602
16904,34811,35068
16905,33852,34099
16906,18790,19020
16907,2094,2305
16908,32308,32551
16909,38867,39140
16910,24742,24979
16911,33081,33324
16912,45479,45758
16913,51659,51762
16914,28816,29055
16915,47594,47879
16916,50340,50440
16917,8552,8774
16918,284,492
16919,30944,31183
16920,10896,11120
16921,18199,18429
16922,53494,53603
16923,20138,20371
16924,55981,56095
16925,48671,48750
16926,43853,44130
16927,25354,25592
16928,70,278
16929,45401,45679
16930,43463,43740
16931,11835,12059
16932,29169,29408
16933,35491,35754
16934,23088,23325
16935,56736,56851
16936,46566,46849
16937,6104,6325
16938,30105,30344
16939,46768,47052
16940,23986,24223
16941,49191,49271
16942,49783,49863
16943,43397,43674
16944,9074,9297
16945,24014,24251
16946,19584,19816
16947,7480,7702
16948,40450,40725
16949,19764,19997
16950,56162,56276
16951,26881,27120
16952,53393,53502
16953,8196,8418
16954,51716,51819
16955,46136,46417
16956,41256,41532
16957,24127,24364
16958,56235,56349
16959,35295,35557
16960,10132,10356
16961,51744,51848
16962,48003,48081
16963,37184,37457
16964,51198,51299
16965,4581,4802
16966,35876,36142
16967,44770,45047
16968,24757,24994
16969,30497,30736
16970,290,498
16971,6052,6273
16972,29174,29413
16973,6162,6383
16974,31797,32039
16975,10923,11147
16976,28524,28763
16977,27915,28154
16978,41873,42149
16979,38915,39188
16980,43579,43856
16981,6429,6650
16982,48496,48575
16983,38365,38638
16984,27570,27809
16985,5269,5490
16986,8779,9002
16987,38285,38558
16988,41955,42231
16989,35077,35339
16990,29409,29648
16991,31442,31683
16992,47651,44
16993,24908,25145
16994,44290,44567
16995,558,767
16996,6131,6352
16997,6824,7045
16998,56911,57026
16999,22372,22608
17000,3374,3590
17001,13847,14072
17002,53015,53122
17003,53628,53738
17004,21576,21812
17005,15712,15937
17006,6622,6843
17007,48375,48454
17008,11177,11401
17009,48017,48095
17010,46728,47012
17011,12332,12556
17012,56092,56206
17013,36540,36812
17014,11507,11731
17015,5586,5807
17016,17683,17912
17017,37541,37814
17018,39276,39549
17019,1238,1448
17020,27438,27677
17021,53477,53586
17022,44773,45050
17023,37147,37419
17024,14495,14720
17025,56057,56171
17026,10921,11145
17027,52333,52440
17028,53484,53593
17029,3903,4121
17030,6490,6711
17031,12799,13023
17032,17853,18082
17033,52146,52251
17034,16567,16792
17035,20321,20554
17036,31039,31279
17037,38894,39167
17038,4615,4836
17039,46758,47042
17040,27917,28156
17041,28894,29133
17042,16589,16814
17043,15656,15881
17044,56916,57031
17045,43374,43651
17046,748,958
17047,35067,35329
17048,9234,9457
17049,47858,47936
17050,32035,32277
17051,47528,47813
17052,17961,18191
17053,32993,33236
17054,40942,41217
17055,52996,53103
17056,13354,13578
17057,17870,18099
17058,15237,15462
17059,9529,9753
17060,37278,37551
17061,17499,17728
17062,48758,48837
17063,51195,51296
17064,20632,20867
17065,37309,37582
17066,6608,6829
17067,11331,11555
17068,7434,7656
17069,31171,31411
17070,16708,16935
17071,32563,32806
17072,24055,24292
17073,15156,15381
17074,18994,19225
17075,53749,53859
17076,56022,56136
17077,42987,43264
17078,24003,24240
17079,37483,37756
17080,39062,39335
17081,34272,34522
17082,10492,10716
17083,40150,40424
17084,29750,29989
17085,18484,18714
17086,32849,33092
17087,35839,36105
17088,23795,24032
17089,26450,26689
17090,51164,51265
17091,48024,48102
17092,16925,17152
17093,3891,4109
17094,8224,8446
17095,546,755
17096,17221,17450
17097,1873,2084
17098,54511,54622
17099,33349,33595
17100,49723,49803
17101,48897,48976
17102,24648,24885
17103,29595,29834
17104,56475,56590
17105,14102,14327
17106,51758,51863
17107,30630,30869
17108,41032,41308
17109,46626,46909
17110,13076,13300
17111,13656,13880
17112,2864,3078
17113,55760,55874
17114,4214,4435
17115,29250,29489
17116,4673,4894
17117,45242,45520
17118,45214,45492
17119,49060,49139
17120,50926,51027
17121,49035,49114
17122,23459,23696
17123,17563,17792
17124,46191,46472
17125,51890,51995
17126,37325,37598
17127,49579,49659
17128,42966,43243
17129,1173,1383
17130,26236,26475
17131,3467,3683
17132,56636,56751
17133,31355,31596
17134,35345,35608
17135,34189,34439
17136,16053,16278
17137,15201,15426
17138,51174,51275
17139,29432,29671
17140,38037,38310
17141,31917,32159
17142,8840,9063
17143,50990,51091
17144,12942,13166
17145,53935,54046
17146,18530,18760
17147,43566,43843
17148,49477,49557
17149,20777,21012
17150,29375,29614
17151,18911,19142
17152,24397,24634
17153,51488,51589
17154,1210,1420
17155,47494,47779
17156,8038,8260
17157,45292,45570
17158,14797,15022
17159,35929,36195
17160,53301,53408
17161,53195,53302
17162,19779,20012
17163,32325,32568
17164,38521,38794
17165,51925,52030
17166,54605,54716
17167,54767,54878
17168,40204,40479
17169,18541,18771
17170,28892,29131
17171,21377,21613
17172,16685,16912
17173,56398,56513
17174,31973,32215
17175,47702,95
17176,45606,45885
17177,54252,54363
17178,9725,9949
17179,3029,3244
17180,41101,41377
17181,12279,12503
17182,14500,14725
17183,52506,52613
17184,4497,4718
17185,47631,47916
17186,41243,41519
17187,24542,24779
17188,37643,37916
17189,15061,15286
17190,33410,33656
17191,9788,10012
17192,6042,6263
17193,26375,26614
17194,38334,38607
17195,576,785
17196,54524,54635
17197,7795,8017
17198,33736,33983
17199,26304,26543
17200,31178,31418
17201,34966,35228
17202,15667,15892
17203,3623,3840
17204,32857,33100
17205,35465,35728
17206,16244,16469
17207,33377,33623
17208,49190,49270
17209,53721,53831
17210,31923,32165
17211,17935,18164
17212,42868,43145
17213,11572,11796
17214,44786,45063
17215,22363,22599
17216,4961,5182
17217,18576,18806
17218,41399,41675
17219,28009,28248
17220,21847,22083
17221,38336,38609
17222,4779,5000
17223,42177,42453
17224,7629,7851
17225,43443,43720
17226,12373,12597
17227,50876,50977
17228,13350,13574
17229,35288,35550
17230,25789,26027
17231,20060,20293
17232,44193,44470
17233,31482,31723
17234,8927,9150
17235,54079,54190
17236,11739,11963
17237,18865,19096
17238,16769,16996
17239,30521,30760
17240,35845,36111
17241,3085,3300
17242,42674,42951
17243,17345,17574
17244,43180,43457
17245,26623,26862
17246,10885,11109
17247,19553,19784
17248,50430,50530
17249,10240,10464
17250,12971,13195
17251,10001,10225
17252,13627,13851
17253,54664,54775
17254,34303,34553
17255,16202,16427
17256,14687,14912
17257,6058,6279
17258,45798,46077
17259,41994,42270
17260,1091,1301
17261,10358,10582
17262,29550,29789
17263,39934,40208
17264,19991,20224
17265,41275,41551
17266,36075,36346
17267,50045,50143
17268,23303,23540
17269,9898,10122
17270,38893,39166
17271,10172,10396
17272,23440,23677
17273,10676,10900
17274,27150,27389
17275,10640,10864
17276,45058,45335
17277,11483,11707
17278,7899,8121
17279,17630,17859
17280,17599,17828
17281,54892,55003
17282,51211,51312
17283,25172,25410
17284,47993,48071
17285,38859,39132
17286,4349,4570
17287,47278,47563
17288,13051,13275
17289,10914,11138
17290,20587,20822
17291,2772,2986
17292,28395,28634
17293,20238,20471
17294,24525,24762
17295,42013,42289
17296,2735,2949
17297,21472,21708
17298,56384,56499
17299,24350,24587
17300,41227,41503
17301,5688,5909
17302,45055,45332
17303,24820,25057
17304,36867,37139
17305,40832,41107
17306,16327,16552
17307,33411,33657
17308,5915,6136
17309,21378,21614
17310,48538,48617
17311,20124,20357
17312,56947,57062
17313,7172,7394
17314,41459,41735
17315,53608,53718
17316,53716,53826
17317,5906,6127
17318,54459,54570
17319,21167,21402
17320,48658,48737
17321,54764,54875
17322,48051,48129
17323,9867,10091
17324,33113,33356
17325,39949,40223
17326,12773,12997
17327,17191,17420
17328,18366,18596
17329,51681,51784
17330,17593,17822
17331,40815,41090
17332,30087,30326
17333,17055,17284
17334,18762,18992
17335,29821,30060
17336,6595,6816
17337,21794,22030
17338,28149,28388
17339,21009,21244
17340,54682,54793
17341,17775,18004
17342,18683,18913
17343,29436,29675
17344,52044,52149
17345,24577,24814
17346,29394,29633
17347,22391,22627
17348,54539,54650
17349,55329,55442
17350,1968,2179
17351,4507,4728
17352,14129,14354
17353,46471,46754
17354,7409,7631
17355,634,844
17356,49175,49255
17357,32326,32569
17358,20804,21039
17359,41306,41582
17360,23272,23509
17361,33370,33616
17362,18076,18306
17363,8380,8602
17364,52282,52388
17365,32662,32905
17366,12568,12792
17367,14156,14381
17368,48074,48152
17369,53003,53110
17370,26748,26987
17371,19929,20162
17372,36505,36777
17373,23596,23833
17374,50191,50291
17375,29708,29947
17376,5419,5640
17377,39270,39543
17378,12174,12398
17379,52114,52219
17380,53410,53519
17381,10613,10837
17382,32758,33001
17383,5182,5403
17384,21822,22058
17385,33086,33329
17386,9826,10050
17387,56453,56568
17388,55131,55244
17389,6465,6686
17390,2856,3070
17391,10253,10477
17392,41630,41906
17393,37982,38255
17394,12165,12389
17395,30195,30434
17396,43058,43335
17397,26138,26377
17398,19677,19910
17399,11726,11950
17400,22957,23194
17401,22897,23134
17402,46806,47090
17403,6716,6937
17404,56165,56279
17405,44118,44395
17406,44288,44565
17407,36890,37162
17408,5924,6145
17409,9864,10088
17410,30635,30874
17411,37429,37702
17412,10461,10685
17413,45221,45499
17414,50122,50221
17415,49958,50054
17416,50136,50235
17417,43303,43580
17418,50125,50224
17419,52754,52861
17420,24796,25033
17421,15428,15653
17422,52925,53032
17423,8055,8277
17424,7180,7402
17425,713,923
17426,45918,46197
17427,56820,56935
17428,27962,28201
17429,41049,41325
17430,54433,54544
17431,28488,28727
17432,53138,53245
17433,40521,40796
17434,15630,15855
17435,43771,44048
17436,24597,24834
17437,33824,34071
17438,26065,26304
17439,15491,15716
17440,23209,23446
17441,37689,37962
17442,11623,11847
17443,19871,20104
17444,18032,18262
17445,13796,14021
17446,32071,32313
17447,37139,37411
17448,14877,15102
17449,33170,33416
17450,16621,16846
17451,28291,28530
17452,925,1135
17453,42423,42699
17454,34828,35085
17455,54299,54410
17456,19909,20142
17457,30278,30517
17458,12337,12561
17459,51946,52051
17460,49705,49785
17461,38820,39093
17462,12481,12705
17463,54344,54455
17464,28168,28407
17465,42003,42279
17466,38255,38528
17467,8010,8232
17468,27176,27415
17469,45994,46275
17470,13841,14066
17471,23369,23606
17472,14644,14869
17473,27034,27273
17474,16828,17055
17475,53309,53417
17476,53667,53777
17477,9641,9865
17478,11110,11334
17479,45309,45587
17480,2710,2924
17481,54467,54578
17482,37081,37353
17483,20815,21050
17484,20343,20576
17485,2763,2977
17486,26186,26425
17487,55571,55685
17488,36960,37232
17489,38394,38667
17490,46423,46704
17491,27067,27306
17492,20225,20458
17493,31288,31529
17494,44312,44589
17495,46116,46397
17496,50211,50311
17497,2424,2637
17498,6280,6501
17499,30115,30354
17500,34526,34783
17501,35329,35591
17502,54395,54506
17503,21128,21363
17504,10285,10509
17505,23139,23376
17506,26413,26652
17507,29755,29994
17508,6730,6951
17509,37054,37326
17510,52557,52664
17511,20024,20257
17512,23602,23839
17513,47322,47607
17514,45317,45595
17515,48894,48973
17516,4633,4854
17517,25765,26003
17518,20072,20305
17519,8288,8510
17520,6754,6975
17521,45222,45500
17522,36380,36652
17523,18000,18230
17524,42763,43040
17525,1448,1659
17526,55239,55352
17527,12420,12644
17528,43241,43518
17529,55560,55674
17530,37084,37356
17531,9329,9552
17532,32458,32701
17533,28278,28517
17534,18279,18509
17535,31042,31282
17536,26724,26963
17537,26054,26293
17538,9433,9656
17539,47768,161
17540,8260,8482
17541,32186,32429
17542,571,780
17543,42617,42894
17544,3581,3797
17545,1723,1934
17546,30504,30743
17547,7635,7857
17548,6481,6702
17549,3868,4086
17550,22291,22527
17551,22772,23009
17552,13924,14149
17553,46357,46638
17554,30165,30404
17555,21750,21986
17556,18470,18700
17557,37074,37346
17558,13074,13298
17559,46506,46789
17560,640,850
17561,45071,45348
17562,3876,4094
17563,34220,34470
17564,15305,15530
17565,50844,50945
17566,46064,46345
17567,12655,12879
17568,43037,43314
17569,48525,48604
17570,55756,55870
17571,13110,13334
17572,42533,42809
17573,51384,51485
17574,49098,49177
17575,55892,56006
17576,25614,25852
17577,6577,6798
17578,39345,39618
17579,16190,16415
17580,56006,56120
17581,3338,3554
17582,45875,46154
17583,36574,36846
17584,38522,38795
17585,36918,37190
17586,33282,33528
17587,46077,46358
17588,19565,19796
17589,9671,9895
17590,17650,17879
17591,18873,19104
17592,3258,3474
17593,27172,27411
17594,11162,11386
17595,32812,33055
17596,45029,45306
17597,29084,29323
17598,4897,5118
17599,53444,53553
17600,36913,37185
17601,56295,56410
17602,35905,36171
17603,17551,17780
17604,44247,44524
17605,41445,41721
17606,6661,6882
17607,7004,7226
17608,35263,35525
17609,29751,29990
17610,42186,42462
17611,47040,47325
17612,12309,12533
17613,26052,26291
17614,16617,16842
17615,46535,46818
17616,55582,55696
17617,13617,13841
17618,10704,10928
17619,34935,35197
17620,24039,24276
17621,16787,17014
17622,35587,35851
17623,54685,54796
17624,28627,28866
17625,43772,44049
17626,53298,53405
17627,51185,51286
17628,56572,56687
17629,18027,18257
17630,48458,48537
17631,2766,2980
17632,2596,2810
17633,19603,19835
17634,20551,20786
17635,39325,39598
17636,2412,2625
17637,41708,41984
17638,1434,1645
17639,17266,17495
17640,48264,48343
17641,169,377
17642,53512,53621
17643,53725,53835
17644,43720,43997
17645,11877,12101
17646,29648,29887
17647,46472,46755
17648,1501,1712
17649,29544,29783
17650,56613,56728
17651,43237,43514
17652,28926,29165
17653,47904,47982
17654,13666,13890
17655,23436,23673
17656,42136,42412
17657,52241,52347
17658,43876,44153
17659,4825,5046
17660,35535,35798
17661,26239,26478
17662,27964,28203
17663,40699,40973
17664,7592,7814
17665,34125,34375
17666,24828,25065
17667,9367,9590
17668,11578,11802
17669,36643,36915
17670,41757,42033
17671,32013,32255
17672,8264,8486
17673,26814,27053
17674,46488,46771
17675,29528,29767
17676,11049,11273
17677,41368,41644
17678,55165,55278
17679,32958,33201
17680,33648,33894
17681,18688,18918
17682,51783,51888
17683,40493,40768
17684,24271,24508
17685,42012,42288
17686,45801,46080
17687,17712,17941
17688,51631,51734
17689,17855,18084
17690,23698,23935
17691,52853,52960
17692,1138,1348
17693,27105,27344
17694,24017,24254
17695,44518,44795
17696,7227,7449
17697,50532,50632
17698,9318,9541
17699,19301,19532
17700,36173,36444
17701,38572,38845
17702,11658,11882
17703,26879,27118
17704,31643,31884
17705,44617,44894
17706,6561,6782
17707,31553,31794
17708,38130,38403
17709,29566,29805
17710,38630,38903
17711,47266,47551
17712,56592,56707
17713,2009,2220
17714,28365,28604
17715,39044,39317
17716,44372,44649
17717,52372,52479
17718,2506,2720
17719,22988,23225
17720,10770,10994
17721,14600,14825
17722,2495,2709
17723,42093,42369
17724,6365,6586
17725,20501,20736
17726,35606,35870
17727,6355,6576
17728,25623,25861
17729,27565,27804
17730,3345,3561
17731,48619,48698
17732,26330,26569
17733,45495,45774
17734,25627,25865
17735,35836,36102
17736,55260,55373
17737,52875,52982
17738,579,788
17739,44876,45153
17740,27206,27445
17741,40543,40818
17742,14885,15110
17743,750,960
17744,10048,10272
17745,48585,48664
17746,55526,55640
17747,56147,56261
17748,6539,6760
17749,34996,35258
17750,1438,1649
17751,46118,46399
17752,31356,31597
17753,54912,55023
17754,41233,41509
17755,17665,17894
17756,38422,38695
17757,49008,49087
17758,4734,4955
17759,46260,46541
17760,23079,23316
17761,43432,43709
17762,48347,48426
17763,3898,4116
17764,16631,16858
17765,31853,32095
17766,43344,43621
17767,13529,13753
17768,36764,37036
17769,4597,4818
17770,21253,21488
17771,2021,2232
17772,30337,30576
17773,35384,35647
17774,53740,53850
17775,8248,8470
17776,50516,50616
17777,17753,17982
17778,54933,55044
17779,21002,21237
17780,32719,32962
17781,31958,32200
17782,34050,34297
17783,15777,16002
17784,56964,57079
17785,12690,12914
17786,28554,28793
17787,7148,7370
17788,11208,11432
17789,11625,11849
17790,50942,51043
17791,21658,21894
17792,31728,31969
17793,38764,39037
17794,4809,5030
17795,23972,24209
17796,46104,46385
17797,22970,23207
17798,34007,34254
17799,43483,43760
17800,6844,7065
17801,50318,50418
17802,15746,15971
17803,52155,52260
17804,1375,1586
17805,11594,11818
17806,45576,45855
17807,8018,8240
17808,22049,22285
17809,9660,9884
17810,28984,29223
17811,21300,21535
17812,28094,28333
17813,31010,31250
17814,26412,26651
17815,8379,8601
17816,23205,23442
17817,1767,1978
17818,55834,55948
17819,32970,33213
17820,25811,26049
17821,45490,45769
17822,42584,42861
17823,47611,47896
17824,26477,26716
17825,36997,37269
17826,29893,30132
17827,48005,48083
17828,27734,27973
17829,56931,57046
17830,22609,22846
17831,46123,46404
17832,461,670
17833,7423,7645
17834,10701,10925
17835,23265,23502
17836,44402,44679
17837,4980,5201
17838,6586,6807
17839,12446,12670
17840,55477,55591
17841,15535,15760
17842,6181,6402
17843,12314,12538
17844,12032,12256
17845,16410,16635
17846,843,1053
17847,11362,11586
17848,35007,35269
17849,52,260
17850,15074,15299
17851,39359,39632
17852,51781,51886
17853,8596,8818
17854,50983,51084
17855,31864,32106
17856,22101,22337
17857,54084,54195
17858,21582,21818
17859,43525,43802
17860,56932,57047
17861,56627,56742
17862,40799,41074
17863,37888,38161
17864,17253,17482
17865,3620,3837
17866,7914,8136
17867,7167,7389
17868,52752,52859
17869,10537,10761
17870,38831,39104
17871,9300,9523
17872,19428,19659
17873,40501,40776
17874,842,1052
17875,21663,21899
17876,52576,52683
17877,44132,44409
17878,8590,8812
17879,12124,12348
17880,39701,39975
17881,29767,30006
17882,10070,10294
17883,49154,49234
17884,12323,12547
17885,18859,19090
17886,30731,30970
17887,26605,26844
17888,10221,10445
17889,39777,40051
17890,26207,26446
17891,41711,41987
17892,2012,2223
17893,32845,33088
17894,47395,47680
17895,44237,44514
17896,16596,16821
17897,1668,1879
17898,26370,26609
17899,19559,19790
17900,8319,8541
17901,43539,43816
17902,44873,45150
17903,40668,40942
17904,43481,43758
17905,46576,46859
17906,47433,47718
17907,1657,1868
17908,20332,20565
17909,21003,21238
17910,13917,14142
17911,32660,32903
17912,22907,23144
17913,30808,31047
17914,55980,56094
17915,5503,5724
17916,52944,53051
17917,15673,15898
17918,47207,47492
17919,56645,56760
17920,21777,22013
17921,23684,23921
17922,36135,36406
17923,16458,16683
17924,30535,30774
17925,51313,51414
17926,30454,30693
17927,15083,15308
17928,17543,17772
17929,20930,21165
17930,25294,25532
17931,44652,44929
17932,1464,1675
17933,48615,48694
17934,15570,15795
17935,55986,56100
17936,5941,6162
17937,47467,47752
17938,2677,2891
17939,41065,41341
17940,21505,21741
17941,1893,2104
17942,38749,39022
17943,55844,55958
17944,14426,14651
17945,40115,40389
17946,41475,41751
17947,44060,44337
17948,1940,2151
17949,28424,28663
17950,29904,30143
17951,43698,43975
17952,18233,18463
17953,21425,21661
17954,18572,18802
17955,37865,38138
17956,42019,42295
17957,6161,6382
17958,27421,27660
17959,21408,21644
17960,23802,24039
17961,10980,11204
17962,39677,39951
17963,10441,10665
17964,48364,48443
17965,48217,48296
17966,54848,54959
17967,43048,43325
17968,13434,13658
17969,9760,9984
17970,27275,27514
17971,6165,6386
17972,52805,52912
17973,16701,16928
17974,37326,37599
17975,18041,18271
17976,19984,20217
17977,54105,54216
17978,41339,41615
17979,30542,30781
17980,25513,25751
17981,20552,20787
17982,5895,6116
17983,11330,11554
17984,56630,56745
17985,27318,27557
17986,11769,11993
17987,12834,13058
17988,44728,45005
17989,29780,30019
17990,46578,46861
17991,37255,37528
17992,21892,22128
17993,3669,3886
17994,12326,12550
17995,47552,47837
17996,539,748
17997,48919,48998
17998,34176,34426
17999,54843,54954
18000,25489,25727
18001,18772,19002
18002,54881,54992
18003,10778,11002
18004,26901,27140
18005,54668,54779
18006,5995,6216
18007,9486,9709
18008,12433,12657
18009,21007,21242
18010,44018,44295
18011,35063,35325
18012,56521,56636
18013,49299,49379
18014,47947,48025
18015,52517,52624
18016,32805,33048
18017,54964,55075
18018,33895,34142
18019,42856,43133
18020,7536,7758
18021,5238,5459
18022,34985,35247
18023,31214,31454
18024,23925,24162
18025,16795,17022
18026,56580,56695
18027,32647,32890
18028,1400,1611
18029,7472,7694
18030,34271,34521
18031,3341,3557
18032,10239,10463
18033,21397,21633
18034,55626,55740
18035,54489,54600
18036,38877,39150
18037,6130,6351
18038,19375,19606
18039,51638,51741
18040,34195,34445
18041,50265,50365
18042,4658,4879
18043,2629,2843
18044,18955,19186
18045,19706,19939
18046,799,1009
18047,5076,5297
18048,48922,49001
18049,1352,1563
18050,49255,49335
18051,28360,28599
18052,54722,54833
18053,34091,34341
18054,45526,45805
18055,14556,14781
18056,34264,34514
18057,20555,20790
18058,4738,4959
18059,43156,43433
18060,23313,23550
18061,1818,2029
18062,12088,12312
18063,30050,30289
18064,3986,4204
18065,26905,27144
18066,15657,15882
18067,36204,36475
18068,33526,33772
18069,19859,20092
18070,56207,56321
18071,48860,48939
18072,5005,5226
18073,35111,35373
18074,32836,33079
18075,15346,15571
18076,37494,37767
18077,862,1072
18078,18194,18424
18079,33015,33258
18080,26918,27157
18081,54785,54896
18082,32087,32329
18083,49939,50035
18084,54695,54806
18085,23570,23807
18086,50640,50740
18087,24241,24478
18088,50863,50964
18089,18779,19009
18090,23473,23710
18091,17535,17764
18092,39168,39441
18093,4355,4576
18094,44903,45180
18095,23121,23358
18096,48080,48158
18097,41467,41743
18098,12827,13051
18099,6030,6251
18100,37602,37875
18101,25343,25581
18102,24496,24733
18103,54409,54520
18104,3900,4118
18105,56291,56406
18106,52892,52999
18107,27841,28080
18108,30400,30639
18109,11280,11504
18110,36331,36603
18111,6278,6499
18112,47169,47454
18113,20189,20422
18114,36419,36691
18115,49482,49562
18116,42968,43245
18117,46849,47133
18118,19717,19950
18119,46961,47246
18120,21863,22099
18121,51991,52096
18122,43097,43374
18123,33530,33776
18124,40596,40871
18125,55676,55790
18126,2712,2926
18127,25055,25292
18128,18389,18619
18129,32679,32922
18130,5737,5958
18131,7693,7915
18132,30156,30395
18133,12284,12508
18134,36604,36876
18135,18175,18405
18136,11592,11816
18137,52901,53008
18138,6688,6909
18139,3939,4157
18140,10042,10266
18141,39919,40193
18142,23982,24219
18143,2372,2584
18144,34169,34419
18145,34047,34294
18146,6031,6252
18147,50270,50370
18148,48849,48928
18149,4324,4545
18150,42820,43097
18151,2164,2375
18152,12479,12703
18153,20840,21075
18154,36538,36810
18155,29844,30083
18156,46107,46388
18157,1155,1365
18158,26975,27214
18159,13232,13456
18160,12983,13207
18161,20839,21074
18162,48686,48765
18163,48374,48453
18164,4022,4240
18165,41156,41432
18166,36275,36546
18167,42044,42320
18168,26710,26949
18169,35607,35871
18170,668,878
18171,25748,25986
18172,45524,45803
18173,34076,34323
18174,14913,15138
18175,161,369
18176,17752,17981
18177,47336,47621
18178,27349,27588
18179,13033,13257
18180,51852,51957
18181,24827,25064
18182,32902,33145
18183,55119,55232
18184,38438,38711
18185,2476,2690
18186,56896,57011
18187,30958,31197
18188,5756,5977
18189,44810,45087
18190,41177,41453
18191,17899,18128
18192,80,288
18193,1963,2174
18194,44395,44672
18195,51674,51777
18196,35407,35670
18197,37471,37744
18198,30187,30426
18199,53777,53887
18200,12381,12605
18201,18225,18455
18202,45054,45331
18203,19725,19958
18204,11405,11629
18205,7673,7895
18206,26603,26842
18207,12555,12779
18208,22236,22472
18209,45724,46003
18210,409,618
18211,13652,13876
18212,10206,10430
18213,40958,41234
18214,22940,23177
18215,49491,49571
18216,45884,46163
18217,44374,44651
18218,36092,36363
18219,11443,11667
18220,42389,42665
18221,56904,57019
18222,37048,37320
18223,48309,48388
18224,24465,24702
18225,17956,18186
18226,22934,23171
18227,23359,23596
18228,11600,11824
18229,5528,5749
18230,27843,28082
18231,56288,56403
18232,673,883
18233,14191,14416
18234,41407,41683
18235,41737,42013
18236,38023,38296
18237,40039,40313
18238,12122,12346
18239,5159,5380
18240,31952,32194
18241,8365,8587
18242,45529,45808
18243,21578,21814
18244,18379,18609
18245,43133,43410
18246,21390,21626
18247,53676,53786
18248,36946,37218
18249,16555,16780
18250,17548,17777
18251,35739,36004
18252,11725,11949
18253,54292,54403
18254,14064,14289
18255,26572,26811
18256,45441,45719
18257,53586,53696
18258,18668,18898
18259,22079,22315
18260,16967,17194
18261,5386,5607
18262,56963,57078
18263,30001,30240
18264,44030,44307
18265,4353,4574
18266,45651,45930
18267,28081,28320
18268,49742,49822
18269,1115,1325
18270,17450,17679
18271,15282,15507
18272,45155,45432
18273,44768,45045
18274,56658,56773
18275,11790,12014
18276,52410,52517
18277,55587,55701
18278,44899,45176
18279,41669,41945
18280,3794,4012
18281,39870,40144
18282,12958,13182
18283,53603,53713
18284,31700,31941
18285,16660,16887
18286,45174,45451
18287,2166,2377
18288,37933,38206
18289,11232,11456
18290,51252,51353
18291,29903,30142
18292,586,795
18293,43429,43706
18294,40159,40433
18295,52596,52703
18296,5291,5512
18297,28197,28436
18298,44814,45091
18299,22465,22701
18300,40707,40982
18301,1182,1392
18302,36932,37204
18303,20382,20615
18304,21799,22035
18305,5261,5482
18306,24903,25140
18307,16870,17097
18308,12488,12712
18309,38582,38855
18310,38560,38833
18311,16841,17068
18312,11644,11868
18313,37118,37390
18314,24002,24239
18315,46156,46437
18316,34958,35220
18317,1854,2065
18318,49684,49764
18319,30900,31139
18320,13120,13344
18321,38564,38837
18322,25497,25735
18323,27107,27346
18324,40487,40762
18325,12035,12259
18326,39372,39645
18327,50593,50693
18328,30605,30844
18329,26789,27028
18330,39510,39784
18331,35643,35907
18332,15591,15816
18333,21125,21360
18334,40950,41226
18335,2396,2608
18336,13474,13698
18337,655,865
18338,56525,56640
18339,22926,23163
18340,35324,35586
18341,11466,11690
18342,50856,50957
18343,6044,6265
18344,41128,41404
18345,18835,19066
18346,5405,5626
18347,520,729
18348,9879,10103
18349,42958,43235
18350,43699,43976
18351,42539,42816
18352,34357,34607
18353,29786,30025
18354,3383,3599
18355,42291,42567
18356,34028,34275
18357,17458,17687
18358,379,588
18359,38374,38647
18360,34153,34403
18361,21728,21964
18362,38763,39036
18363,14551,14776
18364,10435,10659
18365,18258,18488
18366,45681,45960
18367,43485,43762
18368,52276,52382
18369,33896,34143
18370,36831,37103
18371,46264,46545
18372,26231,26470
18373,17123,17352
18374,34815,35072
18375,27383,27622
18376,49195,49275
18377,20480,20715
18378,40262,40537
18379,4757,4978
18380,49679,49759
18381,46621,46904
18382,9646,9870
18383,48487,48566
18384,54447,54558
18385,15014,15239
18386,8658,8880
18387,21622,21858
18388,25046,25283
18389,33062,33305
18390,21647,21883
18391,15884,16109
18392,42758,43035
18393,8604,8826
18394,36046,36317
18395,40143,40417
18396,27819,28058
18397,41724,42000
18398,49806,49886
18399,6434,6655
18400,55493,55607
18401,8187,8409
18402,52940,53047
18403,16972,17199
18404,9706,9930
18405,52886,52993
18406,14978,15203
18407,9396,9619
18408,39097,39370
18409,40861,41136
18410,25698,25936
18411,52351,52458
18412,1831,2042
18413,54619,54730
18414,33750,33997
18415,21673,21909
18416,7374,7596
18417,17400,17629
18418,3201,3417
18419,5251,5472
18420,13028,13252
18421,20328,20561
18422,24611,24848
18423,47874,47952
18424,47093,47378
18425,3297,3513
18426,37476,37749
18427,42963,43240
18428,46210,46491
18429,12052,12276
18430,31606,31847
18431,1834,2045
18432,6857,7078
18433,10369,10593
18434,45326,45604
18435,34367,34617
18436,45825,46104
18437,46166,46447
18438,30847,31086
18439,24960,25197
18440,31913,32155
18441,45992,46273
18442,8616,8838
18443,46360,46641
18444,12957,13181
18445,38914,39187
18446,44879,45156
18447,1547,1758
18448,22309,22545
18449,52681,52788
18450,40419,40694
18451,17125,17354
18452,21032,21267
18453,23352,23589
18454,4850,5071
18455,45614,45893
18456,40615,40890
18457,52724,52831
18458,37256,37529
18459,12091,12315
18460,39212,39485
18461,36096,36367
18462,33130,33376
18463,52388,52495
18464,50914,51015
18465,21631,21867
18466,54192,54303
18467,56548,56663
18468,41941,42217
18469,12302,12526
18470,33414,33660
18471,32984,33227
18472,19030,19261
18473,466,675
18474,563,772
18475,22537,22773
18476,11007,11231
18477,56437,56552
18478,50428,50528
18479,43882,44159
18480,56744,56859
18481,13639,13863
18482,8444,8666
18483,26997,27236
18484,38879,39152
18485,44131,44408
18486,16270,16495
18487,6288,6509
18488,48852,48931
18489,17723,17952
18490,52172,52277
18491,30092,30331
18492,3335,3551
18493,31324,31565
18494,30315,30554
18495,32785,33028
18496,4062,4280
18497,34723,34980
18498,27769,28008
18499,33828,34075
18500,597,806
18501,41316,41592
18502,8262,8484
18503,4228,4449
18504,37000,37272
18505,23567,23804
18506,20484,20719
18507,11304,11528
18508,8662,8884
18509,53374,53483
18510,48292,48371
18511,37128,37400
18512,18939,19170
18513,44088,44365
18514,29501,29740
18515,18743,18973
18516,12177,12401
18517,8735,8958
18518,28300,28539
18519,1301,1512
18520,35120,35382
18521,25059,25297
18522,27705,27944
18523,43877,44154
18524,1272,1483
18525,55419,55533
18526,41037,41313
18527,46830,47114
18528,33346,33592
18529,19099,19330
18530,48408,48487
18531,9178,9401
18532,3504,3720
18533,55630,55744
18534,33288,33534
18535,28401,28640
18536,22444,22680
18537,23463,23700
18538,40152,40426
18539,27180,27419
18540,10012,10236
18541,27129,27368
18542,44646,44923
18543,43751,44028
18544,2024,2235
18545,21214,21449
18546,13797,14022
18547,35,243
18548,6644,6865
18549,36389,36661
18550,25567,25805
18551,56862,56977
18552,17371,17600
18553,7529,7751
18554,30589,30828
18555,17588,17817
18556,37540,37813
18557,52740,52847
18558,33839,34086
18559,39820,40094
18560,30957,31196
18561,20954,21189
18562,51976,52081
18563,17444,17673
18564,17350,17579
18565,47923,48001
18566,11830,12054
18567,23335,23572
18568,44583,44860
18569,14345,14570
18570,8719,8942
18571,4306,4527
18572,40520,40795
18573,11708,11932
18574,6125,6346
18575,52522,52629
18576,32031,32273
18577,19269,19500
18578,47630,47915
18579,29652,29891
18580,46035,46316
18581,10961,11185
18582,5473,5694
18583,39842,40116
18584,40005,40279
18585,42884,43161
18586,43839,44116
18587,26328,26567
18588,54918,55029
18589,29583,29822
18590,27249,27488
18591,3187,3403
18592,35640,35904
18593,31509,31750
18594,53572,53682
18595,17643,17872
18596,55664,55778
18597,14971,15196
18598,36290,36561
18599,25405,25643
18600,24010,24247
18601,17397,17626
18602,38525,38798
18603,23929,24166
18604,9473,9696
18605,18638,18868
18606,7390,7612
18607,143,351
18608,32257,32500
18609,10490,10714
18610,12672,12896
18611,54949,55060
18612,45860,46139
18613,52416,52523
18614,54214,54325
18615,52665,52772
18616,7206,7428
18617,18119,18349
18618,6821,7042
18619,54468,54579
18620,9779,10003
18621,40323,40598
18622,16779,17006
18623,10742,10966
18624,9638,9862
18625,1813,2024
18626,54314,54425
18627,10805,11029
18628,5820,6041
18629,44326,44603
18630,2411,2624
18631,37248,37521
18632,11488,11712
18633,52191,52296
18634,14923,15148
18635,34778,35035
18636,46345,46626
18637,38225,38498
18638,38571,38844
18639,31153,31393
18640,7868,8090
18641,6592,6813
18642,49637,49717
18643,22505,22741
18644,28744,28983
18645,24018,24255
18646,14666,14891
18647,22256,22492
18648,31998,32240
18649,36266,36537
18650,54015,54126
18651,21317,21552
18652,32165,32407
18653,12339,12563
18654,18785,19015
18655,2390,2602
18656,32358,32601
18657,39165,39438
18658,56471,56586
18659,43797,44074
18660,18390,18620
18661,22071,22307
18662,13291,13515
18663,39760,40034
18664,38387,38660
18665,54625,54736
18666,18595,18825
18667,7985,8207
18668,14428,14653
18669,39187,39460
18670,43810,44087
18671,28626,28865
18672,5168,5389
18673,34090,34340
18674,8007,8229
18675,22371,22607
18676,51351,51452
18677,8580,8802
18678,20793,21028
18679,47246,47531
18680,7283,7505
18681,17375,17604
18682,4360,4581
18683,1699,1910
18684,40843,41118
18685,32203,32446
18686,16417,16642
18687,40372,40647
18688,48437,48516
18689,18742,18972
18690,44428,44705
18691,9125,9348
18692,48937,49016
18693,2694,2908
18694,9246,9469
18695,40651,40926
18696,9062,9285
18697,56277,56391
18698,13571,13795
18699,40228,40503
18700,2664,2878
18701,34417,34667
18702,13768,13993
18703,7225,7447
18704,27173,27412
18705,40796,41071
18706,41335,41611
18707,24524,24761
18708,16855,17082
18709,46436,46717
18710,48687,48766
18711,21312,21547
18712,3004,3219
18713,8545,8767
18714,41286,41562
18715,20242,20475
18716,26576,26815
18717,43108,43385
18718,20708,20943
18719,6528,6749
18720,35238,35500
18721,27855,28094
18722,50807,50908
18723,53362,53470
18724,3616,3833
18725,32241,32484
18726,10526,10750
18727,52607,52714
18728,44875,45152
18729,53583,53693
18730,36576,36848
18731,44149,44426
18732,55202,55315
18733,44679,44956
18734,9997,10221
18735,56307,56422
18736,5860,6081
18737,20533,20768
18738,30040,30279
18739,6684,6905
18740,16970,17197
18741,28334,28573
18742,9233,9456
18743,15174,15399
18744,23765,24002
18745,7854,8076
18746,43543,43820
18747,3259,3475
18748,4675,4896
18749,32989,33232
18750,11718,11942
18751,14894,15119
18752,12128,12352
18753,45741,46020
18754,6166,6387
18755,1231,1441
18756,32200,32443
18757,30219,30458
18758,39627,39901
18759,21409,21645
18760,43448,43725
18761,38290,38563
18762,23018,23255
18763,37950,38223
18764,38188,38461
18765,44509,44786
18766,18969,19200
18767,33215,33461
18768,52218,52323
18769,16687,16914
18770,8210,8432
18771,9417,9640
18772,34073,34320
18773,30125,30364
18774,23893,24130
18775,56837,56952
18776,12963,13187
18777,56649,56764
18778,54994,55107
18779,14820,15045
18780,20251,20484
18781,943,1153
18782,50601,50701
18783,20915,21150
18784,30240,30479
18785,2064,2275
18786,43114,43391
18787,8114,8336
18788,16331,16556
18789,15713,15938
18790,15869,16094
18791,19563,19794
18792,4452,4673
18793,46184,46465
18794,6480,6701
18795,33867,34114
18796,45916,46195
18797,15179,15404
18798,39887,40161
18799,31068,31308
18800,29809,30048
18801,18098,18328
18802,39591,39865
18803,52994,53101
18804,39958,40232
18805,10772,10996
18806,34812,35069
18807,49344,49424
18808,21543,21779
18809,26999,27238
18810,19617,19849
18811,45096,45373
18812,43125,43402
18813,5901,6122
18814,37194,37467
18815,4811,5032
18816,53075,53182
18817,53266,53373
18818,52916,53023
18819,491,700
18820,47366,47651
18821,40458,40733
18822,38163,38436
18823,49649,49729
18824,41749,42025
18825,41210,41486
18826,10633,10857
18827,17923,18152
18828,3250,3466
18829,30477,30716
18830,21729,21965
18831,25399,25637
18832,35875,36141
18833,42858,43135
18834,20770,21005
18835,25171,25409
18836,8117,8339
18837,33800,34047
18838,16820,17047
18839,14958,15183
18840,4650,4871
18841,20022,20255
18842,23199,23436
18843,33557,33803
18844,1046,1256
18845,35619,35883
18846,23733,23970
18847,15867,16092
18848,6207,6428
18849,39755,40029
18850,20941,21176
18851,46627,46910
18852,11870,12094
18853,47626,47911
18854,50395,50495
18855,27857,28096
18856,6072,6293
18857,1315,1526
18858,32969,33212
18859,8221,8443
18860,28657,28896
18861,34477,34727
18862,51837,51942
18863,3116,3331
18864,36560,36832
18865,21248,21483
18866,56026,56140
18867,17570,17799
18868,20618,20853
18869,45350,45628
18870,35988,36254
18871,56353,56468
18872,31711,31952
18873,46483,46766
18874,23298,23535
18875,1013,1223
18876,23543,23780
18877,35774,36039
18878,42347,42623
18879,42373,42649
18880,27612,27851
18881,38829,39102
18882,7383,7605
18883,8755,8978
18884,5725,5946
18885,33823,34070
18886,40094,40368
18887,49302,49382
18888,31907,32149
18889,4552,4773
18890,43071,43348
18891,38750,39023
18892,24020,24257
18893,22727,22964
18894,30931,31170
18895,37359,37632
18896,11108,11332
18897,49620,49700
18898,33080,33323
18899,40964,41240
18900,14876,15101
18901,49996,50093
18902,11640,11864
18903,32265,32508
18904,35866,36132
18905,10597,10821
18906,34794,35051
18907,23534,23771
18908,30489,30728
18909,51698,51801
18910,21960,22196
18911,55553,55667
18912,34079,34328
18913,42492,42768
18914,31145,31385
18915,42907,43184
18916,36738,37010
18917,38751,39024
18918,18592,18822
18919,22985,23222
18920,37610,37883
18921,8278,8500
18922,36472,36744
18923,54082,54193
18924,27655,27894
18925,32391,32634
18926,19611,19843
18927,52504,52611
18928,18317,18547
18929,17279,17508
18930,9982,10206
18931,31240,31481
18932,43095,43372
18933,33442,33688
18934,30450,30689
18935,35167,35429
18936,30349,30588
18937,13897,14122
18938,15736,15961
18939,32889,33132
18940,35747,36012
18941,11962,12186
18942,10208,10432
18943,6178,6399
18944,14550,14775
18945,13730,13955
18946,46653,46936
18947,20131,20364
18948,256,464
18949,48239,48318
18950,34484,34734
18951,36644,36916
18952,56363,56478
18953,7386,7608
18954,8857,9080
18955,7208,7430
18956,55333,55446
18957,42319,42595
18958,35565,35829
18959,401,610
18960,25959,26198
18961,36221,36492
18962,19707,19940
18963,17740,17969
18964,43284,43561
18965,13776,14001
18966,32147,32389
18967,44832,45109
18968,24533,24770
18969,13941,14166
18970,8171,8393
18971,18917,19148
18972,52755,52862
18973,23828,24065
18974,17011,17240
18975,49929,50025
18976,18562,18792
18977,7277,7499
18978,47339,47624
18979,6766,6987
18980,33333,33579
18981,40586,40861
18982,864,1074
18983,54901,55012
18984,1850,2061
18985,10019,10243
18986,691,901
18987,13520,13744
18988,52249,52355
18989,1670,1881
18990,16007,16232
18991,5633,5854
18992,3162,3378
18993,51398,51499
18994,40305,40580
18995,33635,33881
18996,15302,15527
18997,41948,42224
18998,3627,3844
18999,48081,48159
19000,31229,31470
19001,16397,16622
19002,19034,19265
19003,26650,26889
19004,33539,33785
19005,56447,56562
19006,55623,55737
19007,43972,44249
19008,24457,24694
19009,35816,36081
19010,55655,55769
19011,17615,17844
19012,50561,50661
19013,52223,52329
19014,48291,48370
19015,19832,20065
19016,15882,16107
19017,34977,35239
19018,38705,38978
19019,46858,47142
19020,39590,39864
19021,55063,55176
19022,8441,8663
19023,37668,37941
19024,16830,17057
19025,19065,19296
19026,9490,9713
19027,11618,11842
19028,44741,45018
19029,38158,38431
19030,6067,6288
19031,29147,29386
19032,44680,44957
19033,38871,39144
19034,22936,23173
19035,2781,2995
19036,53366,53474
19037,13478,13702
19038,37751,38024
19039,46898,47183
19040,46365,46646
19041,2535,2749
19042,26995,27234
19043,19947,20180
19044,23679,23916
19045,56686,56801
19046,31719,31960
19047,18049,18279
19048,37267,37540
19049,54120,54231
19050,20088,20321
19051,11452,11676
19052,49608,49688
19053,15524,15749
19054,2631,2845
19055,33326,33572
19056,1859,2070
19057,35780,36045
19058,19841,20074
19059,54877,54988
19060,21431,21667
19061,38450,38723
19062,6686,6907
19063,50100,50199
19064,45762,46041
19065,5098,5319
19066,35130,35392
19067,52196,52301
19068,17454,17683
19069,12948,13172
19070,9897,10121
19071,5316,5537
19072,24028,24265
19073,30335,30574
19074,33690,33936
19075,46643,46926
19076,48814,48893
19077,31455,31696
19078,31557,31798
19079,40903,41178
19080,9381,9604
19081,23285,23522
19082,43840,44117
19083,31832,32074
19084,54382,54493
19085,5674,5895
19086,13094,13318
19087,20713,20948
19088,48109,48188
19089,29050,29289
19090,37738,38011
19091,23028,23265
19092,37629,37902
19093,45374,45652
19094,49486,49566
19095,3096,3311
19096,49300,49380
19097,9578,9802
19098,8690,8912
19099,25745,25983
19100,40495,40770
19101,26315,26554
19102,45569,45848
19103,1806,2017
19104,3279,3495
19105,34713,34970
19106,45891,46170
19107,3828,4046
19108,48624,48703
19109,33831,34078
19110,2785,2999
19111,13057,13281
19112,5358,5579
19113,49519,49599
19114,4071,4289
19115,26554,26793
19116,24810,25047
19117,42923,43200
19118,51751,51856
19119,9225,9448
19120,52702,52809
19121,20669,20904
19122,46543,46826
19123,42613,42890
19124,3321,3537
19125,27121,27360
19126,51184,51285
19127,25049,25286
19128,11506,11730
19129,8842,9065
19130,37391,37664
19131,37159,37431
19132,1295,1506
19133,22677,22914
19134,52762,52869
19135,34943,35205
19136,6414,6635
19137,2509,2723
19138,30585,30824
19139,25218,25456
19140,24273,24510
19141,1189,1399
19142,19436,19667
19143,30200,30439
19144,50038,50136
19145,21697,21933
19146,1660,1871
19147,41002,41278
19148,11591,11815
19149,24596,24833
19150,2929,3143
19151,28743,28982
19152,51932,52037
19153,28742,28981
19154,23029,23266
19155,49085,49164
19156,12184,12408
19157,38228,38501
19158,36287,36558
19159,19046,19277
19160,42402,42678
19161,33183,33429
19162,40541,40816
19163,54501,54612
19164,21467,21703
19165,14464,14689
19166,25224,25462
19167,40051,40325
19168,48559,48638
19169,10843,11067
19170,52369,52476
19171,16819,17046
19172,38361,38634
19173,21693,21929
19174,43586,43863
19175,12669,12893
19176,41352,41628
19177,41098,41374
19178,41560,41836
19179,29522,29761
19180,44805,45082
19181,51233,51334
19182,38424,38697
19183,32443,32686
19184,52226,52332
19185,48147,48226
19186,46484,46767
19187,16043,16268
19188,19134,19365
19189,44626,44903
19190,45595,45874
19191,19558,19789
19192,55000,55113
19193,49500,49580
19194,53991,54102
19195,13088,13312
19196,40612,40887
19197,43863,44140
19198,34543,34800
19199,4479,4700
19200,28178,28417
19201,50183,50283
19202,17794,18023
19203,38511,38784
19204,35835,36101
19205,34854,35111
19206,8958,9181
19207,22534,22770
19208,1573,1784
19209,15027,15252
19210,24930,25167
19211,42939,43216
19212,5117,5338
19213,40418,40693
19214,38502,38775
19215,10332,10556
19216,41908,42184
19217,12680,12904
19218,16609,16834
19219,7726,7948
19220,37406,37679
19221,16199,16424
19222,37402,37675
19223,52429,52536
19224,37702,37975
19225,54953,55064
19226,32256,32499
19227,14658,14883
19228,43862,44139
19229,30231,30470
19230,36797,37069
19231,22682,22919
19232,51501,51602
19233,28531,28770
19234,15045,15270
19235,7032,7254
19236,31054,31294
19237,45725,46004
19238,10699,10923
19239,14392,14617
19240,45002,45279
19241,51344,51445
19242,12123,12347
19243,25820,26058
19244,24679,24916
19245,30308,30547
19246,46030,46311
19247,2814,3028
19248,18523,18753
19249,39190,39463
19250,3243,3459
19251,20995,21230
19252,34003,34250
19253,31572,31813
19254,17662,17891
19255,20503,20738
19256,8261,8483
19257,53030,53137
19258,9481,9704
19259,27046,27285
19260,36289,36560
19261,26119,26358
19262,5029,5250
19263,1778,1989
19264,19810,20043
19265,53413,53522
19266,53936,54047
19267,3882,4100
19268,12888,13112
19269,25058,25296
19270,48031,48109
19271,18207,18437
19272,14866,15091
19273,37501,37774
19274,56655,56770
19275,9560,9784
19276,34768,35025
19277,8910,9133
19278,53002,53109
19279,7810,8032
19280,16565,16790
19281,54769,54880
19282,21160,21395
19283,9628,9852
19284,35969,36235
19285,45573,45852
19286,391,600
19287,10997,11221
19288,53848,53959
19289,29184,29423
19290,16626,16853
19291,15286,15511
19292,36885,37157
19293,25449,25687
19294,43530,43807
19295,25960,26199
19296,5194,5415
19297,46558,46841
19298,25917,26156
19299,50502,50602
19300,40662,40936
19301,20292,20525
19302,49313,49393
19303,54856,54967
19304,26389,26628
19305,51720,51823
19306,29549,29788
19307,50254,50354
19308,48728,48807
19309,52450,52557
19310,32327,32570
19311,28735,28974
19312,23321,23558
19313,35425,35688
19314,19529,19760
19315,39587,39861
19316,15861,16086
19317,22498,22734
19318,2222,2434
19319,48149,48228
19320,25025,25262
19321,7429,7651
19322,21393,21629
19323,27832,28071
19324,31999,32241
19325,32976,33219
19326,27402,27641
19327,33811,34058
19328,21502,21738
19329,15021,15246
19330,37469,37742
19331,25469,25707
19332,18018,18248
19333,3479,3695
19334,34950,35212
19335,28889,29128
19336,19265,19496
19337,4964,5185
19338,36045,36316
19339,5934,6155
19340,3058,3273
19341,17006,17235
19342,2621,2835
19343,41657,41933
19344,36119,36390
19345,15668,15893
19346,49216,49296
19347,10318,10542
19348,8101,8323
19349,41804,42080
19350,8219,8441
19351,48791,48870
19352,34200,34450
19353,18101,18331
19354,37975,38248
19355,56171,56285
19356,24239,24476
19357,7857,8079
19358,44039,44316
19359,51543,51644
19360,53870,53981
19361,14587,14812
19362,56796,56911
19363,1279,1490
19364,36072,36343
19365,12443,12667
19366,15454,15679
19367,11848,12072
19368,20000,20233
19369,19703,19936
19370,8633,8855
19371,7949,8171
19372,10145,10369
19373,34297,34547
19374,25867,26106
19375,43363,43640
19376,39281,39554
19377,37166,37439
19378,42367,42643
19379,5189,5410
19380,48302,48381
19381,12538,12762
19382,29400,29639
19383,29660,29899
19384,49021,49100
19385,51909,52014
19386,52231,52337
19387,9516,9740
19388,6420,6641
19389,43454,43731
19390,14178,14403
19391,50763,50863
19392,22456,22692
19393,29061,29300
19394,35368,35631
19395,28872,29111
19396,18190,18420
19397,51296,51397
19398,49984,50081
19399,48385,48464
19400,53445,53554
19401,38373,38646
19402,43313,43590
19403,34167,34417
19404,14706,14931
19405,6232,6453
19406,39370,39643
19407,46091,46372
19408,46162,46443
19409,2438,2651
19410,44819,45096
19411,33614,33860
19412,54046,54157
19413,25242,25480
19414,519,728
19415,29396,29635
19416,10700,10924
19417,5578,5799
19418,45837,46116
19419,53166,53273
19420,20132,20365
19421,41481,41757
19422,34296,34546
19423,29016,29255
19424,27969,28208
19425,12289,12513
19426,29273,29512
19427,13447,13671
19428,21611,21847
19429,15819,16044
19430,32101,32343
19431,24401,24638
19432,29921,30160
19433,23166,23403
19434,54942,55053
19435,211,419
19436,4966,5187
19437,50324,50424
19438,17298,17527
19439,13764,13989
19440,47199,47484
19441,25843,26081
19442,23815,24052
19443,19556,19787
19444,7685,7907
19445,44897,45174
19446,23002,23239
19447,38986,39259
19448,16885,17112
19449,24518,24755
19450,50623,50723
19451,44655,44932
19452,47082,47367
19453,10660,10884
19454,30116,30355
19455,21523,21759
19456,29189,29428
19457,20076,20309
19458,24794,25031
19459,26035,26274
19460,7867,8089
19461,28949,29188
19462,21304,21539
19463,40802,41077
19464,20516,20751
19465,23143,23380
19466,7258,7480
19467,40528,40803
19468,2651,2865
19469,26279,26518
19470,32903,33146
19471,20969,21204
19472,14941,15166
19473,719,929
19474,37715,37988
19475,15915,16140
19476,3666,3883
19477,46872,47157
19478,14374,14599
19479,39015,39288
19480,13205,13429
19481,2345,2557
19482,56458,56573
19483,56302,56417
19484,39284,39557
19485,53692,53802
19486,2458,2671
19487,23973,24210
19488,39014,39287
19489,46347,46628
19490,53369,53478
19491,47849,47927
19492,49890,49986
19493,15550,15775
19494,49377,49457
19495,30436,30675
19496,24627,24864
19497,18912,19143
19498,48958,49037
19499,26872,27111
19500,23696,23933
19501,40936,41211
19502,54386,54497
19503,46434,46715
19504,46580,46863
19505,7426,7648
19506,9702,9926
19507,47561,47846
19508,32681,32924
19509,14235,14460
19510,45775,46054
19511,28527,28766
19512,35675,35940
19513,46753,47037
19514,46892,47177
19515,17594,17823
19516,36175,36446
19517,6335,6556
19518,13971,14196
19519,42685,42962
19520,46871,47155
19521,43119,43396
19522,55713,55827
19523,4977,5198
19524,6554,6775
19525,33905,34152
19526,43623,43900
19527,4304,4525
19528,7058,7280
19529,54480,54591
19530,50654,50754
19531,7633,7855
19532,2150,2361
19533,53962,54073
19534,38427,38700
19535,41723,41999
19536,55634,55748
19537,9487,9710
19538,41321,41597
19539,850,1060
19540,30032,30271
19541,24056,24293
19542,23880,24117
19543,51430,51531
19544,41070,41346
19545,11914,12138
19546,33334,33580
19547,46276,46557
19548,52407,52514
19549,12618,12842
19550,15320,15545
19551,34208,34458
19552,17290,17519
19553,23241,23478
19554,3600,3816
19555,38077,38350
19556,36120,36391
19557,486,695
19558,53592,53702
19559,11717,11941
19560,9413,9636
19561,27332,27571
19562,15138,15363
19563,52868,52975
19564,30169,30408
19565,2727,2941
19566,31078,31318
19567,30122,30361
19568,56401,56516
19569,35462,35725
19570,7725,7947
19571,24885,25122
19572,39827,40101
19573,24244,24481
19574,5080,5301
19575,10326,10550
19576,12267,12491
19577,23322,23559
19578,5791,6012
19579,6194,6415
19580,3198,3414
19581,746,956
19582,30629,30868
19583,29629,29868
19584,31757,31999
19585,6696,6917
19586,9419,9642
19587,3140,3356
19588,46922,47207
19589,1766,1977
19590,123,331
19591,42179,42455
19592,33145,33391
19593,5733,5954
19594,2909,3123
19595,29542,29781
19596,54374,54485
19597,52336,52443
19598,40380,40655
19599,5459,5680
19600,54719,54830
19601,4172,4393
19602,26971,27210
19603,37857,38130
19604,35828,36093
19605,38928,39201
19606,11867,12091
19607,52489,52596
19608,1160,1370
19609,1035,1245
19610,39895,40169
19611,19025,19256
19612,27592,27831
19613,17737,17966
19614,43051,43328
19615,35871,36137
19616,29289,29528
19617,55789,55903
19618,25548,25786
19619,25368,25606
19620,1212,1422
19621,20767,21002
19622,15596,15821
19623,50392,50492
19624,50910,51011
19625,23686,23923
19626,56075,56189
19627,36466,36738
19628,41977,42253
19629,8280,8502
19630,51253,51354
19631,3117,3332
19632,50026,50124
19633,45327,45605
19634,34530,34787
19635,19347,19578
19636,39204,39477
19637,39543,39817
19638,18826,19057
19639,55021,55134
19640,38774,39047
19641,45719,45998
19642,18463,18693
19643,53866,53977
19644,18283,18513
19645,42108,42384
19646,52898,53005
19647,48970,49049
19648,46524,46807
19649,2274,2486
19650,29030,29269
19651,32876,33119
19652,22433,22669
19653,36411,36683
19654,21506,21742
19655,11643,11867
19656,3529,3745
19657,20230,20463
19658,16336,16561
19659,33424,33670
19660,31979,32221
19661,30779,31018
19662,27375,27614
19663,8745,8968
19664,9533,9757
19665,33178,33424
19666,13264,13488
19667,6504,6725
19668,4085,4306
19669,7137,7359
19670,13069,13293
19671,56977,57092
19672,1679,1890
19673,6705,6926
19674,24617,24854
19675,26839,27078
19676,54256,54367
19677,51281,51382
19678,5912,6133
19679,36433,36705
19680,27370,27609
19681,25212,25450
19682,30399,30638
19683,1393,1604
19684,13713,13937
19685,3494,3710
19686,26430,26669
19687,29848,30087
19688,1677,1888
19689,46808,47092
19690,53192,53299
19691,54661,54772
19692,6898,7119
19693,52154,52259
19694,30945,31184
19695,6096,6317
19696,15922,16147
19697,49513,49593
19698,48269,48348
19699,39801,40075
19700,51861,51966
19701,39747,40021
19702,4402,4623
19703,10798,11022
19704,28464,28703
19705,29817,30056
19706,9475,9698
19707,37097,37369
19708,24486,24723
19709,46901,47186
19710,41107,41383
19711,28098,28337
19712,30353,30592
19713,8204,8426
19714,45223,45501
19715,29379,29618
19716,15287,15512
19717,13896,14121
19718,10252,10476
19719,53758,53868
19720,21533,21769
19721,18161,18391
19722,1869,2080
19723,1772,1983
19724,8602,8824
19725,36675,36947
19726,41380,41656
19727,3118,3333
19728,8307,8529
19729,12840,13064
19730,52869,52976
19731,49785,49865
19732,14362,14587
19733,44781,45058
19734,55809,55923
19735,6842,7063
19736,14604,14829
19737,27978,28217
19738,40312,40587
19739,38670,38943
19740,25835,26073
19741,31359,31600
19742,29605,29844
19743,1945,2156
19744,41563,41839
19745,45900,46179
19746,40937,41212
19747,34618,34875
19748,21169,21404
19749,54985,55098
19750,13915,14140
19751,56806,56921
19752,2826,3040
19753,52440,52547
19754,50151,50250
19755,47996,48074
19756,10083,10307
19757,38486,38759
19758,23699,23936
19759,18869,19100
19760,18347,18577
19761,9848,10072
19762,49328,49408
19763,51244,51345
19764,38508,38781
19765,14347,14572
19766,33111,33354
19767,8527,8749
19768,3969,4187
19769,7125,7347
19770,22910,23147
19771,31198,31438
19772,20309,20542
19773,4545,4766
19774,27624,27863
19775,20419,20652
19776,20895,21130
19777,9771,9995
19778,3638,3855
19779,29601,29840
19780,34058,34305
19781,49450,49530
19782,14011,14236
19783,4164,4385
19784,757,967
19785,26976,27215
19786,48234,48313
19787,52547,52654
19788,9035,9258
19789,36234,36505
19790,37970,38243
19791,52620,52727
19792,45515,45794
19793,52837,52944
19794,24689,24926
19795,48875,48954
19796,22552,22788
19797,50034,50132
19798,9851,10075
19799,41993,42269
19800,35442,35705
19801,34166,34416
19802,16290,16515
19803,14994,15219
19804,49797,49877
19805,4296,4517
19806,53263,53370
19807,29587,29826
19808,35931,36197
19809,19914,20147
19810,19786,20019
19811,54805,54916
19812,43452,43729
19813,32682,32925
19814,17218,17447
19815,383,592
19816,21088,21323
19817,43755,44032
19818,17622,17851
19819,18187,18417
19820,56629,56744
19821,31363,31604
19822,46947,47232
19823,56740,56855
19824,28781,29020
19825,19023,19254
19826,7799,8021
19827,28624,28863
19828,47399,47684
19829,10756,10980
19830,15072,15297
19831,12990,13214
19832,1143,1353
19833,12870,13094
19834,48145,48224
19835,33329,33575
19836,21605,21841
19837,2562,2776
19838,36328,36600
19839,15489,15714
19840,46282,46563
19841,27803,28042
19842,25866,26105
19843,54872,54983
19844,49106,49185
19845,2499,2713
19846,33789,34036
19847,36439,36711
19848,6491,6712
19849,44440,44717
19850,54749,54860
19851,29151,29390
19852,4804,5025
19853,24601,24838
19854,14021,14246
19855,15767,15992
19856,27133,27372
19857,22249,22485
19858,17147,17376
19859,30721,30960
19860,44062,44339
19861,35232,35494
19862,21879,22115
19863,3984,4202
19864,53581,53691
19865,49687,49767
19866,10925,11149
19867,10200,10424
19868,43507,43784
19869,9121,9344
19870,23261,23498
19871,12436,12660
19872,14627,14852
19873,34750,35007
19874,54229,54340
19875,17013,17242
19876,29646,29885
19877,29574,29813
19878,50849,50950
19879,27900,28139
19880,36309,36581
19881,55927,56041
19882,8851,9074
19883,52110,52215
19884,4791,5012
19885,21025,21260
19886,4783,5004
19887,17289,17518
19888,27486,27725
19889,55353,55467
19890,8290,8512
19891,37516,37789
19892,31648,31889
19893,13218,13442
19894,6358,6579
19895,51979,52084
19896,36554,36826
19897,29022,29261
19898,27837,28076
19899,17906,18135
19900,24309,24546
19901,36039,36310
19902,29467,29706
19903,46380,46661
19904,20919,21154
19905,34552,34809
19906,8652,8874
19907,46255,46536
19908,51158,51259
19909,38747,39020
19910,50706,50806
19911,33836,34083
19912,29618,29857
19913,26573,26812
19914,10449,10673
19915,42447,42723
19916,7638,7860
19917,33404,33650
19918,10227,10451
19919,3499,3715
19920,9327,9550
19921,28853,29092
19922,8403,8625
19923,16504,16729
19924,8011,8233
19925,43409,43686
19926,10695,10919
19927,11256,11480
19928,11147,11371
19929,47341,47626
19930,55476,55590
19931,18209,18439
19932,24826,25063
19933,29897,30136
19934,11587,11811
19935,36782,37054
19936,7812,8034
19937,45016,45293
19938,35715,35980
19939,4180,4401
19940,23852,24089
19941,10565,10789
19942,23430,23667
19943,5774,5995
19944,39205,39478
19945,40096,40370
19946,1579,1790
19947,42159,42435
19948,27082,27321
19949,39848,40122
19950,53255,53362
19951,22065,22301
19952,25265,25503
19953,45693,45972
19954,14727,14952
19955,44444,44721
19956,49052,49131
19957,10179,10403
19958,50027,50125
19959,37604,37877
19960,14483,14708
19961,53326,53434
19962,44541,44818
19963,37328,37601
19964,4268,4489
19965,52876,52983
19966,35596,35860
19967,27353,27592
19968,52727,52834
19969,43556,43833
19970,5163,5384
19971,36353,36625
19972,40553,40828
19973,30212,30451
19974,46143,46424
19975,33375,33621
19976,2102,2313
19977,56122,56236
19978,34864,35121
19979,15178,15403
19980,11945,12169
19981,12316,12540
19982,14316,14541
19983,52383,52490
19984,30281,30520
19985,17744,17973
19986,40585,40860
19987,41735,42011
19988,54289,54400
19989,36963,37235
19990,35496,35759
19991,39855,40129
19992,42436,42712
19993,25416,25654
19994,2093,2304
19995,14833,15058
19996,43321,43598
19997,5720,5941
19998,5645,5866
19999,5471,5692
20000,10275,10499
20001,20523,20758
20002,50175,50274
20003,56020,56134
20004,46396,46677
20005,37836,38109
20006,37630,37903
20007,4537,4758
20008,12885,13109
20009,14538,14763
20010,17574,17803
20011,8963,9186
20012,4204,4425
20013,26415,26654
20014,45640,45919
20015,24634,24871
20016,4666,4887
20017,51410,51511
20018,12832,13056
20019,48829,48908
20020,7131,7353
20021,24154,24391
20022,49067,49146
20023,10482,10706
20024,45289,45567
20025,5567,5788
20026,6257,6478
20027,2920,3134
20028,1552,1763
20029,29617,29856
20030,19708,19941
20031,8344,8566
20032,11106,11330
20033,35466,35729
20034,4667,4888
20035,55727,55841
20036,14429,14654
20037,30456,30695
20038,31696,31937
20039,48151,48230
20040,17332,17561
20041,45359,45637
20042,72,280
20043,16666,16893
20044,13067,13291
20045,7092,7314
20046,51637,51740
20047,33228,33474
20048,44383,44660
20049,7707,7929
20050,18627,18857
20051,53093,53200
20052,11834,12058
20053,4206,4427
20054,7399,7621
20055,39106,39379
20056,10689,10913
20057,19727,19960
20058,40178,40452
20059,25918,26157
20060,38145,38418
20061,48532,48611
20062,44040,44317
20063,45408,45686
20064,39670,39944
20065,10891,11115
20066,14254,14479
20067,45713,45992
20068,36070,36341
20069,55440,55554
20070,14948,15173
20071,26074,26313
20072,25719,25957
20073,15032,15257
20074,15152,15377
20075,43183,43460
20076,24890,25127
20077,37912,38185
20078,34558,34815
20079,13484,13708
20080,92,300
20081,23201,23438
20082,50597,50697
20083,6471,6692
20084,51359,51460
20085,14092,14317
20086,16301,16526
20087,49721,49801
20088,33472,33718
20089,28046,28285
20090,22840,23077
20091,35856,36122
20092,7086,7308
20093,51562,51663
20094,56752,56867
20095,47853,47931
20096,53851,53962
20097,9491,9714
20098,38253,38526
20099,7071,7293
20100,5064,5285
20101,46410,46691
20102,19620,19852
20103,36897,37169
20104,34034,34281
20105,23122,23359
20106,5572,5793
20107,328,536
20108,35848,36114
20109,29772,30011
20110,23503,23740
20111,44688,44965
20112,47002,47287
20113,37482,37755
20114,6691,6912
20115,8295,8517
20116,2169,2380
20117,37805,38078
20118,51246,51347
20119,28850,29089
20120,41789,42065
20121,51753,51858
20122,34961,35223
20123,27568,27807
20124,29592,29831
20125,42421,42697
20126,42716,42993
20127,16822,17049
20128,40680,40954
20129,49187,49267
20130,37473,37746
20131,30075,30314
20132,35881,36147
20133,7797,8019
20134,45239,45517
20135,14490,14715
20136,13453,13677
20137,19290,19521
20138,32124,32366
20139,56346,56461
20140,34119,34369
20141,5451,5672
20142,13573,13797
20143,12750,12974
20144,44451,44728
20145,29877,30116
20146,8459,8681
20147,25671,25909
20148,37566,37839
20149,1000,1210
20150,23814,24051
20151,155,363
20152,3298,3514
20153,4930,5151
20154,26199,26438
20155,39371,39644
20156,600,809
20157,32842,33085
20158,9412,9635
20159,30786,31025
20160,54517,54628
20161,53123,53230
20162,54959,55070
20163,21515,21751
20164,8310,8532
20165,3726,3944
20166,1658,1869
20167,14382,14607
20168,34280,34530
20169,8074,8296
20170,20362,20595
20171,8663,8885
20172,24064,24301
20173,40489,40764
20174,38721,38994
20175,32161,32403
20176,49668,49748
20177,35361,35624
20178,22199,22435
20179,34344,34594
20180,2654,2868
20181,7346,7568
20182,3736,3954
20183,31960,32202
20184,49666,49746
20185,23975,24212
20186,13570,13794
20187,8935,9158
20188,52858,52965
20189,41518,41794
20190,316,524
20191,23438,23675
20192,39328,39601
20193,51814,51919
20194,29588,29827
20195,42780,43057
20196,44253,44530
20197,17004,17231
20198,3531,3747
20199,18808,19039
20200,34655,34912
20201,49801,49881
20202,2993,3208
20203,22398,22634
20204,13146,13370
20205,24551,24788
20206,25555,25793
20207,33644,33890
20208,33936,34183
20209,25253,25491
20210,40647,40922
20211,18007,18237
20212,47329,47614
20213,3884,4102
20214,28412,28651
20215,44946,45223
20216,33668,33914
20217,36361,36633
20218,24425,24662
20219,22110,22346
20220,11415,11639
20221,30411,30650
20222,43664,43941
20223,404,613
20224,20765,21000
20225,47750,143
20226,25777,26015
20227,34579,34836
20228,20226,20459
20229,33218,33464
20230,1877,2088
20231,29570,29809
20232,9193,9416
20233,6339,6560
20234,10128,10352
20235,16503,16728
20236,11663,11887
20237,43007,43284
20238,35336,35598
20239,9128,9351
20240,15825,16050
20241,14686,14911
20242,45409,45687
20243,645,855
20244,48424,48503
20245,28247,28486
20246,1277,1488
20247,7891,8113
20248,34350,34600
20249,17419,17648
20250,5366,5587
20251,8158,8380
20252,34282,34532
20253,39376,39649
20254,20011,20244
20255,43898,44175
20256,9690,9914
20257,6223,6444
20258,716,926
20259,49239,49319
20260,51418,51519
20261,31844,32086
20262,51618,51721
20263,29723,29962
20264,27981,28220
20265,34498,34755
20266,42871,43148
20267,33693,33939
20268,36440,36712
20269,7478,7700
20270,7388,7610
20271,30677,30916
20272,37234,37507
20273,2442,2655
20274,24419,24656
20275,13944,14169
20276,23644,23881
20277,28833,29072
20278,16899,17126
20279,41828,42104
20280,40561,40836
20281,20979,21214
20282,35716,35981
20283,12432,12656
20284,9973,10197
20285,26416,26655
20286,34822,35079
20287,38825,39098
20288,34057,34304
20289,52386,52493
20290,39654,39928
20291,34692,34949
20292,42254,42530
20293,48310,48389
20294,514,723
20295,52320,52427
20296,39207,39480
20297,51235,51336
20298,7109,7331
20299,32683,32926
20300,6464,6685
20301,27307,27546
20302,14751,14976
20303,44829,45106
20304,24253,24490
20305,38384,38657
20306,27783,28022
20307,39442,39715
20308,45134,45411
20309,45519,45798
20310,2036,2247
20311,23387,23624
20312,17394,17623
20313,14018,14243
20314,5206,5427
20315,42385,42661
20316,20718,20953
20317,56364,56479
20318,56788,56903
20319,28419,28658
20320,48050,48128
20321,31688,31929
20322,41753,42029
20323,19465,19696
20324,56811,56926
20325,14080,14305
20326,23204,23441
20327,21924,22160
20328,47015,47300
20329,54766,54877
20330,19766,19999
20331,56107,56221
20332,1331,1542
20333,9627,9851
20334,13311,13535
20335,34409,34659
20336,13444,13668
20337,6667,6888
20338,39131,39404
20339,10169,10393
20340,53230,53337
20341,53224,53331
20342,15049,15274
20343,1599,1810
20344,11582,11806
20345,35575,35839
20346,14881,15106
20347,5246,5467
20348,7925,8147
20349,16892,17119
20350,30129,30368
20351,22540,22776
20352,4401,4622
20353,12993,13217
20354,30360,30599
20355,52943,53050
20356,19592,19824
20357,56623,56738
20358,2678,2892
20359,19718,19951
20360,46716,47000
20361,39647,39921
20362,3418,3634
20363,49345,49425
20364,18011,18241
20365,17158,17387
20366,44191,44468
20367,51893,51998
20368,23553,23790
20369,54083,54194
20370,9245,9468
20371,18760,18990
20372,53541,53650
20373,23811,24048
20374,19279,19510
20375,27157,27396
20376,51563,51664
20377,13209,13433
20378,46122,46403
20379,43438,43715
20380,20095,20328
20381,27931,28170
20382,38006,38279
20383,32032,32274
20384,13632,13856
20385,38860,39133
20386,2676,2890
20387,38175,38448
20388,55158,55271
20389,21223,21458
20390,743,953
20391,30758,30997
20392,51149,51250
20393,45275,45553
20394,9105,9328
20395,16074,16299
20396,9510,9734
20397,28828,29067
20398,12521,12745
20399,22785,23022
20400,17368,17597
20401,63,271
20402,37874,38147
20403,20880,21115
20404,34773,35030
20405,25179,25417
20406,7324,7546
20407,26580,26819
20408,282,490
20409,6017,6238
20410,18511,18741
20411,20837,21072
20412,13237,13461
20413,44311,44588
20414,51425,51526
20415,16734,16961
20416,33725,33972
20417,19138,19369
20418,5663,5884
20419,17601,17830
20420,33819,34066
20421,45418,45696
20422,11244,11468
20423,44995,45272
20424,36748,37020
20425,17008,17237
20426,8893,9116
20427,49138,49218
20428,56158,56272
20429,52781,52888
20430,49268,49348
20431,18625,18855
20432,17689,17918
20433,41301,41577
20434,6071,6292
20435,17502,17731
20436,24780,25017
20437,55752,55866
20438,40928,41203
20439,48026,48104
20440,21561,21797
20441,27958,28197
20442,18413,18643
20443,5608,5829
20444,20676,20911
20445,4222,4443
20446,43738,44015
20447,8451,8673
20448,25139,25377
20449,40400,40675
20450,44070,44347
20451,24483,24720
20452,43712,43989
20453,52611,52718
20454,8826,9049
20455,11376,11600
20456,55,263
20457,35638,35902
20458,37619,37892
20459,41082,41358
20460,33594,33840
20461,54089,54200
20462,25377,25615
20463,52509,52616
20464,48548,48627
20465,17815,18044
20466,54011,54122
20467,6748,6969
20468,33868,34115
20469,29439,29678
20470,3055,3270
20471,17171,17400
20472,8469,8691
20473,21851,22087
20474,25504,25742
20475,15634,15859
20476,52630,52737
20477,4954,5175
20478,30178,30417
20479,43637,43914
20480,22705,22942
20481,20372,20605
20482,52082,52187
20483,40825,41100
20484,24625,24862
20485,30536,30775
20486,41752,42028
20487,9844,10068
20488,22846,23083
20489,12454,12678
20490,39809,40083
20491,43391,43668
20492,42232,42508
20493,39592,39866
20494,54716,54827
20495,48625,48704
20496,36517,36789
20497,5868,6089
20498,50110,50209
20499,31406,31647
20500,45779,46058
20501,50275,50375
20502,47961,48039
20503,49309,49389
20504,45131,45408
20505,7209,7431
20506,29298,29537
20507,32543,32786
20508,32447,32690
20509,19414,19645
20510,9866,10090
20511,50366,50466
20512,18454,18684
20513,15834,16059
20514,55721,55835
20515,9615,9839
20516,50918,51019
20517,33490,33736
20518,11473,11697
20519,1924,2135
20520,21727,21963
20521,48737,48816
20522,39999,40273
20523,20017,20250
20524,32616,32859
20525,5685,5906
20526,42075,42351
20527,15093,15318
20528,19393,19624
20529,11947,12171
20530,10079,10303
20531,29080,29319
20532,46279,46560
20533,29765,30004
20534,13366,13590
20535,40104,40378
20536,15690,15915
20537,20039,20272
20538,26214,26453
20539,27202,27441
20540,2402,2615
20541,7213,7435
20542,17047,17276
20543,51030,51131
20544,39850,40124
20545,26639,26878
20546,41294,41570
20547,3121,3337
20548,30840,31079
20549,49457,49537
20550,32594,32837
20551,46400,46681
20552,25033,25270
20553,34513,34770
20554,53891,54002
20555,5502,5723
20556,19552,19783
20557,28254,28493
20558,54540,54651
20559,56927,57042
20560,17426,17655
20561,19763,19996
20562,2527,2741
20563,49110,49189
20564,32444,32687
20565,33627,33873
20566,3622,3839
20567,52039,52144
20568,1264,1475
20569,28002,28241
20570,22530,22766
20571,1391,1602
20572,15004,15229
20573,56589,56704
20574,29222,29461
20575,14655,14880
20576,4985,5206
20577,51172,51273
20578,7238,7460
20579,48120,48199
20580,16695,16922
20581,31630,31871
20582,12598,12822
20583,50421,50521
20584,33453,33699
20585,54005,54116
20586,25617,25855
20587,30069,30308
20588,33937,34184
20589,32002,32244
20590,10736,10960
20591,21759,21995
20592,19505,19736
20593,42129,42405
20594,21429,21665
20595,31369,31610
20596,18798,19029
20597,13753,13978
20598,31845,32087
20599,18021,18251
20600,27120,27359
20601,41651,41927
20602,16570,16795
20603,16350,16575
20604,27335,27574
20605,48355,48434
20606,2165,2376
20607,41921,42197
20608,16230,16455
20609,45298,45576
20610,32850,33093
20611,7223,7445
20612,21069,21304
20613,33407,33653
20614,53728,53838
20615,28486,28725
20616,52270,52376
20617,15273,15498
20618,38956,39229
20619,27794,28033
20620,52360,52467
20621,532,741
20622,23056,23293
20623,47545,47830
20624,9969,10193
20625,7550,7772
20626,16371,16596
20627,9018,9241
20628,3846,4064
20629,19768,20001
20630,24431,24668
20631,18306,18536
20632,25975,26214
20633,15757,15982
20634,22627,22864
20635,53507,53616
20636,14356,14581
20637,13727,13952
20638,23270,23507
20639,49157,49237
20640,40236,40511
20641,50185,50285
20642,29505,29744
20643,11259,11483
20644,14405,14630
20645,14384,14609
20646,46781,47065
20647,56244,56358
20648,42601,42878
20649,28428,28667
20650,28266,28505
20651,15289,15514
20652,34672,34929
20653,47770,163
20654,28484,28723
20655,37330,37603
20656,47406,47691
20657,22233,22469
20658,10974,11198
20659,37373,37646
20660,51251,51352
20661,56088,56202
20662,37016,37288
20663,36783,37055
20664,38761,39034
20665,43802,44079
20666,35030,35292
20667,24052,24289
20668,36054,36325
20669,27670,27909
20670,35633,35897
20671,23807,24044
20672,34920,35182
20673,21687,21923
20674,19676,19909
20675,46477,46760
20676,6078,6299
20677,179,387
20678,20947,21182
20679,13940,14165
20680,10646,10870
20681,6804,7025
20682,51337,51438
20683,20301,20534
20684,14321,14546
20685,3991,4209
20686,13316,13540
20687,51037,51138
20688,28446,28685
20689,27226,27465
20690,17327,17556
20691,11081,11305
20692,44291,44568
20693,9790,10014
20694,30678,30917
20695,49506,49586
20696,34129,34379
20697,41531,41807
20698,13859,14084
20699,24943,25180
20700,52520,52627
20701,50755,50855
20702,21276,21511
20703,10539,10763
20704,55654,55768
20705,32572,32815
20706,33470,33716
20707,49533,49613
20708,7885,8107
20709,25128,25366
20710,15633,15858
20711,38467,38740
20712,51998,52103
20713,3905,4123
20714,14528,14753
20715,24612,24849
20716,222,430
20717,18851,19082
20718,5413,5634
20719,452,661
20720,37088,37360
20721,53217,53324
20722,1821,2032
20723,48889,48968
20724,31258,31499
20725,1169,1379
20726,46060,46341
20727,8966,9189
20728,27065,27304
20729,50858,50959
20730,7767,7989
20731,40614,40889
20732,3135,3351
20733,35079,35341
20734,12973,13197
20735,43410,43687
20736,40294,40569
20737,50098,50197
20738,43518,43795
20739,29181,29420
20740,28580,28819
20741,24080,24317
20742,23631,23868
20743,36662,36934
20744,55520,55634
20745,11994,12218
20746,21048,21283
20747,20982,21217
20748,1811,2022
20749,11035,11259
20750,19762,19995
20751,29118,29357
20752,28601,28840
20753,14260,14485
20754,11569,11793
20755,54761,54872
20756,24306,24543
20757,47388,47673
20758,16878,17105
20759,45340,45618
20760,11733,11957
20761,46767,47051
20762,21262,21497
20763,36296,36567
20764,21670,21906
20765,13989,14214
20766,50380,50480
20767,27422,27661
20768,13613,13837
20769,5786,6007
20770,44976,45253
20771,55888,56002
20772,48133,48212
20773,19390,19621
20774,11649,11873
20775,26368,26607
20776,40451,40726
20777,56312,56427
20778,40180,40454
20779,40970,41246
20780,42422,42698
20781,8705,8928
20782,16384,16609
20783,40037,40311
20784,12855,13079
20785,41783,42059
20786,40973,41249
20787,33932,34179
20788,21477,21713
20789,53665,53775
20790,55194,55307
20791,43777,44054
20792,42905,43182
20793,56112,56226
20794,40592,40867
20795,38376,38649
20796,51338,51439
20797,21790,22026
20798,44470,44747
20799,36743,37015
20800,53965,54076
20801,15993,16218
20802,49656,49736
20803,20689,20924
20804,71,279
20805,52446,52553
20806,5579,5800
20807,41357,41633
20808,3009,3224
20809,48422,48501
20810,38198,38471
20811,40362,40637
20812,47706,99
20813,53355,53463
20814,42890,43167
20815,21803,22039
20816,45680,45959
20817,2888,3102
20818,990,1200
20819,24700,24937
20820,8759,8982
20821,47155,47440
20822,16491,16716
20823,11742,11966
20824,20406,20639
20825,22608,22845
20826,26245,26484
20827,44080,44357
20828,36558,36830
20829,330,538
20830,52467,52574
20831,23786,24023
20832,46990,47275
20833,49285,49365
20834,21667,21903
20835,549,758
20836,7769,7991
20837,30152,30391
20838,54816,54927
20839,39117,39390
20840,1370,1581
20841,43947,44224
20842,16108,16333
20843,54379,54490
20844,44745,45022
20845,43814,44091
20846,46419,46700
20847,12416,12640
20848,17686,17915
20849,32501,32744
20850,11069,11293
20851,40531,40806
20852,46219,46500
20853,1006,1216
20854,31278,31519
20855,34173,34423
20856,27610,27849
20857,41420,41696
20858,40557,40832
20859,30598,30837
20860,15121,15346
20861,45612,45891
20862,24429,24666
20863,9354,9577
20864,22519,22755
20865,33074,33317
20866,29754,29993
20867,39119,39392
20868,36023,36294
20869,5850,6071
20870,53751,53861
20871,1007,1217
20872,44405,44682
20873,34014,34261
20874,24856,25093
20875,39761,40035
20876,42696,42973
20877,23442,23679
20878,29743,29982
20879,53503,53612
20880,31617,31858
20881,44429,44706
20882,40538,40813
20883,6801,7022
20884,40920,41195
20885,37193,37466
20886,12079,12303
20887,19230,19461
20888,37386,37659
20889,56512,56627
20890,11681,11905
20891,56898,57013
20892,27351,27590
20893,30137,30376
20894,18127,18357
20895,31931,32173
20896,17294,17523
20897,54904,55015
20898,8121,8343
20899,56342,56457
20900,31379,31620
20901,23690,23927
20902,13914,14139
20903,4818,5039
20904,13966,14191
20905,47606,47891
20906,20692,20927
20907,22978,23215
20908,14166,14391
20909,54615,54726
20910,8460,8682
20911,54916,55027
20912,43753,44030
20913,48536,48615
20914,1273,1484
20915,34586,34843
20916,25418,25656
20917,40103,40377
20918,5297,5518
20919,16818,17045
20920,36759,37031
20921,5287,5508
20922,31004,31244
20923,31344,31585
20924,37703,37976
20925,1921,2132
20926,37936,38209
20927,30330,30569
20928,13126,13350
20929,11161,11385
20930,47006,47291
20931,56140,56254
20932,39029,39302
20933,9019,9242
20934,41875,42151
20935,3471,3687
20936,16118,16343
20937,9174,9397
20938,2857,3071
20939,21270,21505
20940,33119,33363
20941,45673,45952
20942,52050,52155
20943,17787,18016
20944,41698,41974
20945,39588,39862
20946,24247,24484
20947,2253,2465
20948,14407,14632
20949,8472,8694
20950,41688,41964
20951,17306,17535
20952,38596,38869
20953,19209,19440
20954,9948,10172
20955,49177,49257
20956,17586,17815
20957,46076,46357
20958,46582,46865
20959,12852,13076
20960,36767,37039
20961,421,630
20962,28387,28626
20963,27716,27955
20964,14992,15217
20965,4532,4753
20966,55799,55913
20967,19566,19797
20968,40750,41025
20969,2632,2846
20970,48262,48341
20971,40498,40773
20972,55107,55220
20973,30317,30556
20974,56377,56492
20975,18618,18848
20976,12227,12451
20977,11077,11301
20978,34689,34946
20979,8015,8237
20980,48002,48080
20981,48546,48625
20982,27895,28134
20983,24982,25219
20984,3346,3562
20985,22639,22876
20986,5727,5948
20987,39821,40095
20988,47304,47589
20989,21597,21833
20990,39959,40233
20991,1939,2150
20992,39457,39730
20993,23598,23835
20994,22206,22442
20995,20153,20386
20996,51745,51849
20997,7371,7593
20998,21679,21915
20999,26947,27186
21000,611,820
21001,21774,22010
21002,16449,16674
21003,38917,39190
21004,14176,14401
21005,32759,33002
21006,12784,13008
21007,10162,10386
21008,52765,52872
21009,29176,29415
21010,19083,19314
21011,33984,34231
21012,32511,32754
21013,22414,22650
21014,49612,49692
21015,28167,28406
21016,38987,39260
21017,33054,33297
21018,20168,20401
21019,40821,41096
21020,38737,39010
21021,41881,42157
21022,49289,49369
21023,19106,19337
21024,10050,10274
21025,44465,44742
21026,2419,2632
21027,28398,28637
21028,23360,23597
21029,33653,33899
21030,47813,206
21031,7222,7444
21032,37150,37422
21033,52160,52265
21034,26185,26424
21035,30915,31154
21036,56095,56209
21037,41625,41901
21038,31610,31851
21039,12652,12876
21040,41765,42041
21041,32243,32486
21042,1372,1583
21043,13299,13523
21044,33894,34141
21045,30974,31214
21046,18426,18656
21047,49922,50018
21048,51484,51585
21049,14481,14706
21050,15279,15504
21051,34705,34962
21052,21545,21781
21053,17684,17913
21054,7967,8189
21055,35222,35484
21056,35877,36143
21057,20735,20970
21058,26220,26459
21059,49275,49355
21060,36261,36532
21061,52973,53080
21062,45453,45732
21063,2254,2466
21064,23074,23311
21065,9642,9866
21066,4059,4277
21067,48333,48412
21068,19658,19891
21069,52586,52693
21070,24647,24884
21071,297,505
21072,8108,8330
21073,45260,45538
21074,27189,27428
21075,29705,29944
21076,2004,2215
21077,20874,21109
21078,18889,19120
21079,15001,15226
21080,14656,14881
21081,38773,39046
21082,35935,36201
21083,28771,29010
21084,25070,25308
21085,46613,46896
21086,49818,49898
21087,2761,2975
21088,21445,21681
21089,55703,55817
21090,44579,44856
21091,35597,35861
21092,37575,37848
21093,56038,56152
21094,49675,49755
21095,9024,9247
21096,35616,35880
21097,5650,5871
21098,30139,30378
21099,48899,48978
21100,22909,23146
21101,35305,35567
21102,8896,9119
21103,29357,29596
21104,38891,39164
21105,11265,11489
21106,55397,55511
21107,40114,40388
21108,52887,52994
21109,21424,21660
21110,19642,19875
21111,6939,7161
21112,27278,27517
21113,3292,3508
21114,12331,12555
21115,48823,48902
21116,32218,32461
21117,38565,38838
21118,48289,48368
21119,121,329
21120,3161,3377
21121,6101,6322
21122,49103,49182
21123,53648,53758
21124,1411,1622
21125,3538,3754
21126,4407,4628
21127,4759,4980
21128,53055,53162
21129,28220,28459
21130,22894,23131
21131,33827,34074
21132,16182,16407
21133,53934,54045
21134,42220,42496
21135,6170,6391
21136,39617,39891
21137,23353,23590
21138,3547,3763
21139,7094,7316
21140,56327,56442
21141,9127,9350
21142,36319,36591
21143,27780,28019
21144,33552,33798
21145,12716,12940
21146,17495,17724
21147,8635,8857
21148,34168,34418
21149,27320,27559
21150,17629,17858
21151,39440,39713
21152,14201,14426
21153,29202,29441
21154,44337,44614
21155,40889,41164
21156,45822,46101
21157,49253,49333
21158,50410,50510
21159,4595,4816
21160,5420,5641
21161,29957,30196
21162,2657,2871
21163,56917,57032
21164,39610,39884
21165,50264,50364
21166,39753,40027
21167,6158,6379
21168,56349,56464
21169,18716,18946
21170,38220,38493
21171,52243,52349
21172,32446,32689
21173,54914,55025
21174,19917,20150
21175,24120,24357
21176,13734,13959
21177,55442,55556
21178,51982,52087
21179,48904,48983
21180,5252,5473
21181,48070,48148
21182,17821,18050
21183,31317,31558
21184,15396,15621
21185,44725,45002
21186,25688,25926
21187,12587,12811
21188,17392,17621
21189,10610,10834
21190,28695,28934
21191,4802,5023
21192,32190,32433
21193,5183,5404
21194,32847,33090
21195,44611,44888
21196,27036,27275
21197,53233,53340
21198,27325,27564
21199,39374,39647
21200,23611,23848
21201,52194,52299
21202,6447,6668
21203,43388,43665
21204,43639,43916
21205,5068,5289
21206,26538,26777
21207,37631,37904
21208,26876,27115
21209,34746,35003
21210,3783,4001
21211,23052,23289
21212,5533,5754
21213,55265,55378
21214,19463,19694
21215,56228,56342
21216,38666,38939
21217,54323,54434
21218,26557,26796
21219,13337,13561
21220,1781,1992
21221,45739,46018
21222,24600,24837
21223,50653,50753
21224,2599,2813
21225,53937,54048
21226,7301,7523
21227,11459,11683
21228,43824,44101
21229,27479,27718
21230,52123,52228
21231,9767,9991
21232,32239,32482
21233,4028,4246
21234,22434,22670
21235,46549,46832
21236,8866,9089
21237,20186,20419
21238,896,1106
21239,15641,15866
21240,21336,21571
21241,31357,31598
21242,51422,51523
21243,55062,55175
21244,22947,23184
21245,4693,4914
21246,47376,47661
21247,53688,53798
21248,1009,1219
21249,57,265
21250,13284,13508
21251,13535,13759
21252,735,945
21253,1267,1478
21254,31639,31880
21255,36741,37013
21256,52662,52769
21257,21433,21669
21258,15124,15349
21259,55126,55239
21260,25047,25284
21261,37671,37944
21262,27467,27706
21263,9538,9762
21264,9965,10189
21265,6928,7150
21266,41500,41776
21267,21044,21279
21268,7730,7952
21269,41973,42249
21270,3038,3253
21271,28426,28665
21272,17632,17861
21273,8230,8452
21274,999,1209
21275,5913,6134
21276,22993,23230
21277,443,652
21278,12463,12687
21279,55455,55569
21280,7226,7448
21281,30517,30756
21282,7564,7786
21283,12343,12567
21284,10160,10384
21285,43718,43995
21286,44701,44978
21287,38544,38817
21288,53342,53450
21289,36723,36995
21290,14190,14415
21291,50383,50483
21292,7680,7902
21293,42568,42845
21294,28163,28402
21295,45185,45463
21296,3124,3340
21297,44190,44467
21298,15912,16137
21299,1249,1460
21300,10440,10664
21301,30936,31175
21302,31776,32018
21303,37456,37729
21304,10949,11173
21305,7439,7661
21306,54241,54352
21307,51592,51694
21308,45987,46268
21309,46546,46829
21310,18160,18390
21311,13424,13648
21312,48372,48451
21313,29714,29953
21314,51349,51450
21315,7036,7258
21316,38801,39074
21317,27531,27770
21318,3800,4018
21319,39123,39396
21320,15994,16219
21321,31385,31626
21322,20894,21129
21323,47126,47411
21324,48251,48330
21325,4260,4481
21326,42381,42657
21327,13612,13836
21328,2308,2520
21329,22036,22272
21330,47265,47550
21331,12726,12950
21332,33262,33508
21333,16886,17113
21334,31767,32009
21335,33372,33618
21336,508,717
21337,5406,5627
21338,44437,44714
21339,24249,24486
21340,45460,45739
21341,17476,17705
21342,15688,15913
21343,5964,6185
21344,42579,42856
21345,47441,47726
21346,10192,10416
21347,8644,8866
21348,33974,34221
21349,16805,17032
21350,40578,40853
21351,47653,46
21352,33877,34124
21353,12483,12707
21354,33980,34227
21355,24236,24473
21356,43274,43551
21357,14720,14945
21358,45417,45695
21359,23842,24079
21360,16283,16508
21361,6914,7135
21362,48176,48255
21363,19524,19755
21364,14916,15141
21365,1557,1768
21366,43713,43990
21367,2572,2786
21368,11008,11232
21369,11745,11969
21370,35399,35662
21371,11013,11237
21372,25237,25475
21373,3613,3830
21374,38636,38909
21375,49468,49548
21376,29892,30131
21377,48940,49019
21378,10749,10973
21379,907,1117
21380,42071,42347
21381,48980,49059
21382,34883,35141
21383,47385,47670
21384,40738,41013
21385,10710,10934
21386,1521,1732
21387,31707,31948
21388,7365,7587
21389,18883,19114
21390,19423,19654
21391,4563,4784
21392,43509,43786
21393,4178,4399
21394,43289,43566
21395,13343,13567
21396,55935,56049
21397,39662,39936
21398,45642,45921
21399,29337,29576
21400,36903,37175
21401,32877,33120
21402,36609,36881
21403,43909,44186
21404,6580,6801
21405,20613,20848
21406,365,574
21407,28727,28966
21408,41571,41847
21409,34989,35251
21410,2240,2452
21411,44462,44739
21412,28418,28657
21413,15486,15711
21414,42607,42884
21415,23015,23252
21416,29971,30210
21417,21246,21481
21418,46341,46622
21419,45445,45723
21420,15106,15331
21421,48095,48174
21422,23034,23271
21423,901,1111
21424,39222,39495
21425,21464,21700
21426,25106,25344
21427,37340,37613
21428,25565,25803
21429,52181,52286
21430,18276,18506
21431,23716,23953
21432,45572,45851
21433,15517,15742
21434,30162,30401
21435,46605,46888
21436,55458,55572
21437,18598,18828
21438,35250,35512
21439,38662,38935
21440,11124,11348
21441,41730,42006
21442,33491,33737
21443,12442,12666
21444,4225,4446
21445,40351,40626
21446,45463,45742
21447,22875,23112
21448,16800,17027
21449,20980,21215
21450,26019,26258
21451,14336,14561
21452,46101,46382
21453,10773,10997
21454,36035,36306
21455,15831,16056
21456,38460,38733
21457,15146,15371
21458,41305,41581
21459,23091,23328
21460,39228,39501
21461,22975,23212
21462,4033,4251
21463,24670,24907
21464,33166,33412
21465,22396,22632
21466,12613,12837
21467,13948,14173
21468,7596,7818
21469,17779,18008
21470,2473,2687
21471,6295,6516
21472,38588,38861
21473,13775,14000
21474,2702,2916
21475,7066,7288
21476,13375,13599
21477,19190,19421
21478,51326,51427
21479,44055,44332
21480,52961,53068
21481,13491,13715
21482,26274,26513
21483,25946,26185
21484,38654,38927
21485,47782,175
21486,18927,19158
21487,9590,9814
21488,32209,32452
21489,52486,52593
21490,17786,18015
21491,43976,44253
21492,29257,29496
21493,21521,21757
21494,46829,47113
21495,29256,29495
21496,7084,7306
21497,24159,24396
21498,53176,53283
21499,38354,38627
21500,39650,39924
21501,18476,18706
21502,56746,56861
21503,40607,40882
21504,34564,34821
21505,11481,11705
21506,27141,27380
21507,22655,22892
21508,32063,32305
21509,19174,19405
21510,30217,30456
21511,41391,41667
21512,16980,17207
21513,30006,30245
21514,46311,46592
21515,34366,34616
21516,25147,25385
21517,7978,8200
21518,5121,5342
21519,23131,23368
21520,25560,25798
21521,52018,52123
21522,21934,22170
21523,12093,12317
21524,24377,24614
21525,51542,51643
21526,20145,20378
21527,41771,42047
21528,9292,9515
21529,45847,46126
21530,25157,25395
21531,5024,5245
21532,33957,34204
21533,33267,33513
21534,3626,3843
21535,54727,54838
21536,30752,30991
21537,22756,22993
21538,47484,47769
21539,6880,7101
21540,22161,22397
21541,51236,51337
21542,9345,9568
21543,17297,17526
21544,53159,53266
21545,38902,39175
21546,20701,20936
21547,45755,46034
21548,41395,41671
21549,12385,12609
21550,45382,45660
21551,46266,46547
21552,3784,4002
21553,26864,27103
21554,38655,38928
21555,24467,24704
21556,14230,14455
21557,50841,50942
21558,49242,49322
21559,25071,25309
21560,32494,32737
21561,34008,34255
21562,56646,56761
21563,48633,48712
21564,31180,31420
21565,3022,3237
21566,52711,52818
21567,38372,38645
21568,16071,16296
21569,587,796
21570,946,1156
21571,45726,46005
21572,36157,36428
21573,32242,32485
21574,3042,3257
21575,11427,11651
21576,35304,35566
21577,16413,16638
21578,22413,22649
21579,55693,55807
21580,7038,7260
21581,19077,19308
21582,41117,41393
21583,28948,29187
21584,8136,8358
21585,30926,31165
21586,44561,44838
21587,21989,22225
21588,40830,41105
21589,1497,1708
21590,15543,15768
21591,54935,55046
21592,30144,30383
21593,50367,50467
21594,52013,52118
21595,29171,29410
21596,44950,45227
21597,4201,4422
21598,31285,31526
21599,29178,29417
21600,25666,25904
21601,25108,25346
21602,53595,53705
21603,5214,5435
21604,25976,26215
21605,29401,29640
21606,19329,19560
21607,47868,47946
21608,27265,27504
21609,33792,34039
21610,9727,9951
21611,47662,55
21612,388,597
21613,52422,52529
21614,10651,10875
21615,4585,4806
21616,26721,26960
21617,42460,42736
21618,29764,30003
21619,25919,26158
21620,56631,56746
21621,31124,31364
21622,56943,57058
21623,40199,40474
21624,15053,15278
21625,3721,3939
21626,55012,55125
21627,42194,42470
21628,25780,26018
21629,4111,4332
21630,28370,28609
21631,51228,51329
21632,50928,51029
21633,1640,1851
21634,14964,15189
21635,18782,19012
21636,34508,34765
21637,2202,2414
21638,54561,54672
21639,16451,16676
21640,32183,32426
21641,24510,24747
21642,38593,38866
21643,19769,20002
21644,55475,55589
21645,20246,20479
21646,18464,18694
21647,26783,27022
21648,34648,34905
21649,29434,29673
21650,32821,33064
21651,47086,47371
21652,24676,24913
21653,30496,30735
21654,49537,49617
21655,44846,45123
21656,14320,14545
21657,23467,23704
21658,17076,17305
21659,7935,8157
21660,30664,30903
21661,23913,24150
21662,20989,21224
21663,1607,1818
21664,8787,9010
21665,45105,45382
21666,52571,52678
21667,37568,37841
21668,40794,41069
21669,11250,11474
21670,15355,15580
21671,11697,11921
21672,17573,17802
21673,2519,2733
21674,41212,41488
21675,52678,52785
21676,2820,3034
21677,37303,37576
21678,25288,25526
21679,17250,17479
21680,48428,48507
21681,27431,27670
21682,12968,13192
21683,47751,144
21684,6862,7083
21685,29321,29560
21686,20578,20813
21687,45552,45831
21688,29333,29572
21689,28227,28466
21690,50123,50222
21691,42360,42636
21692,30520,30759
21693,3402,3618
21694,11018,11242
21695,2931,3145
21696,40677,40951
21697,31494,31735
21698,11964,12188
21699,52854,52961
21700,8654,8876
21701,6535,6756
21702,36742,37014
21703,20421,20654
21704,50860,50961
21705,34139,34389
21706,11970,12194
21707,50037,50135
21708,46595,46878
21709,21126,21361
21710,11931,12155
21711,15190,15415
21712,13799,14024
21713,52337,52444
21714,56743,56858
21715,38330,38603
21716,46294,46575
21717,30362,30601
21718,8283,8505
21719,15422,15647
21720,14558,14783
21721,25982,26221
21722,46780,47064
21723,25045,25282
21724,10,11
21725,48735,48814
21726,20465,20700
21727,11821,12045
21728,13136,13360
21729,28761,29000
21730,56621,56736
21731,47929,48007
21732,26956,27195
21733,4737,4958
21734,39451,39724
21735,9732,9956
21736,45609,45888
21737,3680,3897
21738,4874,5095
21739,44726,45003
21740,3823,4041
21741,6895,7116
21742,41409,41685
21743,27572,27811
21744,21815,22051
21745,39494,39768
21746,17273,17502
21747,20807,21042
21748,41048,41324
21749,4433,4654
21750,26974,27213
21751,13694,13918
21752,38203,38476
21753,48304,48383
21754,46725,47009
21755,39503,39777
21756,53941,54052
21757,21987,22223
21758,30793,31032
21759,50432,50532
21760,49332,49412
21761,48116,48195
21762,38243,38516
21763,9066,9289
21764,31203,31443
21765,19074,19305
21766,27266,27505
21767,45959,46240
21768,28322,28561
21769,25027,25264
21770,49424,49504
21771,41552,41828
21772,28157,28396
21773,19116,19347
21774,45669,45948
21775,20491,20726
21776,47402,47687
21777,30263,30502
21778,26210,26449
21779,30639,30878
21780,55214,55327
21781,54232,54343
21782,52071,52176
21783,34581,34838
21784,26225,26464
21785,42569,42846
21786,1167,1377
21787,55538,55652
21788,41603,41879
21789,6387,6608
21790,10761,10985
21791,52820,52927
21792,6953,7175
21793,9191,9414
21794,28320,28559
21795,30160,30399
21796,34970,35232
21797,7373,7595
21798,35285,35547
21799,40342,40617
21800,51412,51513
21801,23762,23999
21802,1467,1678
21803,49493,49573
21804,35994,36260
21805,26779,27018
21806,9371,9594
21807,46336,46617
21808,50280,50380
21809,25752,25990
21810,27891,28130
21811,40279,40554
21812,17695,17924
21813,37691,37964
21814,42827,43104
21815,27071,27310
21816,34151,34401
21817,16511,16736
21818,36919,37191
21819,42875,43152
21820,403,612
21821,8638,8860
21822,36605,36877
21823,6376,6597
21824,1632,1843
21825,18267,18497
21826,5543,5764
21827,32873,33116
21828,790,1000
21829,37143,37415
21830,49830,49910
21831,37300,37573
21832,41161,41437
21833,22074,22310
21834,48378,48457
21835,40562,40837
21836,17555,17784
21837,23626,23863
21838,25451,25689
21839,54845,54956
21840,16638,16865
21841,45130,45407
21842,53294,53401
21843,13406,13630
21844,10041,10265
21845,35422,35685
21846,12218,12442
21847,41865,42141
21848,48072,48150
21849,31499,31740
21850,12549,12773
21851,18698,18928
21852,9928,10152
21853,47267,47552
21854,37997,38270
21855,56814,56929
21856,48677,48756
21857,51305,51406
21858,30495,30734
21859,19495,19726
21860,36881,37153
21861,28271,28510
21862,46742,47026
21863,37995,38268
21864,35507,35770
21865,6224,6445
21866,41616,41892
21867,38633,38906
21868,53820,53931
21869,39425,39698
21870,54857,54968
21871,53288,53395
21872,24682,24919
21873,41656,41932
21874,7318,7540
21875,25649,25887
21876,10873,11097
21877,38051,38324
21878,19330,19561
21879,50621,50721
21880,7656,7878
21881,47571,47856
21882,22148,22384
21883,38868,39141
21884,27200,27439
21885,43635,43912
21886,10887,11111
21887,4735,4956
21888,41400,41676
21889,24733,24970
21890,8648,8870
21891,8911,9134
21892,54014,54125
21893,45470,45749
21894,18898,19129
21895,21281,21516
21896,17085,17314
21897,49587,49667
21898,48361,48440
21899,51331,51432
21900,37959,38232
21901,19420,19651
21902,19595,19827
21903,1619,1830
21904,24678,24915
21905,1154,1364
21906,25341,25579
21907,56540,56655
21908,40163,40437
21909,41284,41560
21910,4114,4335
21911,40931,41206
21912,2326,2538
21913,31980,32222
21914,31232,31473
21915,12473,12697
21916,9289,9512
21917,22788,23025
21918,21203,21438
21919,31922,32164
21920,22766,23003
21921,37760,38033
21922,35093,35355
21923,17052,17281
21924,33028,33271
21925,56337,56452
21926,4885,5106
21927,28800,29039
21928,17423,17652
21929,45811,46090
21930,20472,20707
21931,15765,15990
21932,3171,3387
21933,36632,36904
21934,984,1194
21935,3389,3605
21936,48949,49028
21937,1376,1587
21938,31712,31953
21939,8353,8575
21940,44008,44285
21941,29716,29955
21942,28553,28792
21943,48246,48325
21944,6143,6364
21945,13457,13681
21946,37207,37480
21947,32674,32917
21948,16996,17223
21949,15879,16104
21950,20068,20301
21951,25514,25752
21952,18848,19079
21953,48060,48138
21954,27011,27250
21955,13606,13830
21956,49680,49760
21957,8124,8346
21958,11814,12038
21959,20608,20843
21960,21999,22235
21961,17354,17583
21962,14799,15024
21963,12330,12554
21964,5738,5959
21965,40850,41125
21966,12080,12304
21967,23426,23663
21968,44833,45110
21969,43446,43723
21970,38639,38912
21971,16868,17095
21972,40119,40393
21973,20819,21054
21974,17070,17299
21975,47586,47871
21976,12440,12664
21977,14901,15126
21978,22725,22962
21979,53470,53579
21980,6349,6570
21981,42574,42851
21982,38967,39240
21983,7144,7366
21984,12955,13179
21985,22084,22320
21986,15189,15414
21987,35031,35293
21988,33293,33539
21989,23805,24042
21990,27591,27830
21991,52395,52502
21992,29242,29481
21993,41577,41853
21994,21925,22161
21995,45973,46254
21996,599,808
21997,29922,30161
21998,23434,23671
21999,32298,32541
22000,30136,30375
22001,16651,16878
22002,46079,46360
22003,37937,38210
22004,55175,55288
22005,51120,51221
22006,55027,55140
22007,26938,27177
22008,40098,40372
22009,11370,11594
22010,31011,31251
22011,24113,24350
22012,19488,19719
22013,49744,49824
22014,48438,48517
22015,49411,49491
22016,32069,32311
22017,19795,20028
22018,54244,54355
22019,41655,41931
22020,16103,16328
22021,14696,14921
22022,16879,17106
22023,5087,5308
22024,3180,3396
22025,56787,56902
22026,45910,46189
22027,18692,18922
22028,28333,28572
22029,1120,1330
22030,9621,9845
22031,24988,25225
22032,50258,50358
22033,31094,31334
22034,5618,5839
22035,5247,5468
22036,11881,12105
22037,6761,6982
22038,9709,9933
22039,14860,15085
22040,32909,33152
22041,28160,28399
22042,54528,54639
22043,1276,1487
22044,23657,23894
22045,47295,47580
22046,15875,16100
22047,25467,25705
22048,37230,37503
22049,39983,40257
22050,20539,20774
22051,26340,26579
22052,44993,45270
22053,1551,1762
22054,19220,19451
22055,50161,50260
22056,37211,37484
22057,53553,53662
22058,50754,50854
22059,37478,37751
22060,48969,49048
22061,2889,3103
22062,51842,51947
22063,22272,22508
22064,22388,22624
22065,48098,48177
22066,18012,18242
22067,17144,17373
22068,49514,49594
22069,24758,24995
22070,34895,35153
22071,26565,26804
22072,49146,49226
22073,4207,4428
22074,34045,34292
22075,56579,56694
22076,33171,33417
22077,1690,1901
22078,39399,39672
22079,25974,26213
22080,33064,33307
22081,47073,47358
22082,32060,32302
22083,12991,13215
22084,49306,49386
22085,44314,44591
22086,55782,55896
22087,20067,20300
22088,32912,33155
22089,37182,37455
22090,12411,12635
22091,4765,4986
22092,5838,6059
22093,37366,37639
22094,22512,22748
22095,53271,53378
22096,29437,29676
22097,34761,35018
22098,14442,14667
22099,55274,55387
22100,8544,8766
22101,34204,34454
22102,1469,1680
22103,7975,8197
22104,51617,51720
22105,52859,52966
22106,37814,38087
22107,27972,28211
22108,44119,44396
22109,1163,1373
22110,11411,11635
22111,7093,7315
22112,27628,27867
22113,18987,19218
22114,26769,27008
22115,44956,45233
22116,10317,10541
22117,9607,9831
22118,4576,4797
22119,26802,27041
22120,41890,42166
22121,39189,39462
22122,56925,57040
22123,49370,49450
22124,34355,34605
22125,12296,12520
22126,8086,8308
22127,38098,38371
22128,53332,53440
22129,35539,35802
22130,17901,18130
22131,42804,43081
22132,11934,12158
22133,44549,44826
22134,25658,25896
22135,4008,4226
22136,5888,6109
22137,25737,25975
22138,13263,13487
22139,39201,39474
22140,36691,36963
22141,44889,45166
22142,35395,35658
22143,9048,9271
22144,30420,30659
22145,48449,48528
22146,55786,55900
22147,17720,17949
22148,792,1002
22149,29063,29302
22150,11779,12003
22151,48533,48612
22152,42153,42429
22153,14565,14790
22154,2587,2801
22155,19761,19994
22156,26228,26467
22157,4362,4583
22158,20183,20416
22159,2591,2805
22160,4217,4438
22161,40465,40740
22162,15936,16161
22163,18466,18696
22164,19782,20015
22165,5766,5987
22166,5279,5500
22167,54161,54272
22168,34826,35083
22169,51806,51911
22170,5463,5684
22171,36898,37170
22172,43453,43730
22173,51265,51366
22174,31298,31539
22175,15779,16004
22176,20016,20249
22177,37022,37294
22178,32711,32954
22179,3583,3799
22180,12112,12336
22181,34717,34974
22182,10528,10752
22183,39704,39978
22184,17486,17715
22185,18510,18740
22186,50277,50377
22187,36033,36304
22188,10532,10756
22189,55632,55746
22190,16396,16621
22191,17071,17300
22192,43050,43327
22193,42757,43034
22194,16463,16688
22195,19891,20124
22196,13995,14220
22197,50240,50340
22198,44570,44847
22199,43400,43677
22200,9943,10167
22201,44318,44595
22202,34760,35017
22203,33597,33843
22204,28023,28262
22205,4632,4853
22206,11988,12212
22207,22439,22675
22208,8453,8675
22209,6386,6607
22210,834,1044
22211,3154,3370
22212,4331,4552
22213,33511,33757
22214,1230,1440
22215,8201,8423
22216,23234,23471
22217,3384,3600
22218,15735,15960
22219,35397,35660
22220,12045,12269
22221,22625,22862
22222,6331,6552
22223,41264,41540
22224,34769,35026
22225,42017,42293
22226,22410,22646
22227,43669,43946
22228,5909,6130
22229,24416,24653
22230,16135,16360
22231,29069,29308
22232,53945,54056
22233,32641,32884
22234,4199,4420
22235,35691,35956
22236,38590,38863
22237,7569,7791
22238,41878,42154
22239,55460,55574
22240,15050,15275
22241,43099,43376
22242,50343,50443
22243,53897,54008
22244,4184,4405
22245,34171,34421
22246,36297,36569
22247,53546,53655
22248,47117,47402
22249,49025,49104
22250,6095,6316
22251,18053,18283
22252,36900,37172
22253,32006,32248
22254,38009,38282
22255,31623,31864
22256,8155,8377
22257,770,980
22258,52465,52572
22259,27482,27721
22260,5929,6150
22261,33818,34065
22262,5129,5350
22263,17516,17745
22264,26809,27048
22265,16655,16882
22266,9408,9631
22267,19787,20020
22268,28561,28800
22269,19371,19602
22270,3141,3357
22271,9426,9649
22272,22732,22969
22273,32517,32760
22274,9171,9394
22275,970,1180
22276,27617,27856
22277,40524,40799
22278,41930,42206
22279,27166,27405
22280,22089,22325
22281,19789,20022
22282,10467,10691
22283,877,1087
22284,13890,14115
22285,26395,26634
22286,19183,19414
22287,32467,32710
22288,35064,35326
22289,35413,35676
22290,23994,24231
22291,53254,53361
22292,55522,55636
22293,32802,33045
22294,5120,5341
22295,4913,5134
22296,56079,56193
22297,24456,24693
22298,12895,13119
22299,19318,19549
22300,27675,27914
22301,2705,2919
22302,56860,56975
22303,25553,25791
22304,6245,6466
22305,24853,25090
22306,39559,39833
22307,36214,36485
22308,10500,10724
22309,54334,54445
22310,5796,6017
22311,16249,16474
22312,42826,43103
22313,28981,29220
22314,12453,12677
22315,19227,19458
22316,32669,32912
22317,25104,25342
22318,12223,12447
22319,51928,52033
22320,26836,27075
22321,18223,18453
22322,15887,16112
22323,11656,11880
22324,44245,44522
22325,16054,16279
22326,2611,2825
22327,32015,32257
22328,31524,31765
22329,52113,52218
22330,55261,55374
22331,19032,19263
22332,30513,30752
22333,846,1056
22334,2016,2227
22335,42301,42577
22336,6038,6259
22337,56632,56747
22338,24436,24673
22339,49551,49631
22340,2055,2266
22341,45256,45534
22342,41530,41806
22343,28728,28967
22344,49751,49831
22345,43162,43439
22346,25431,25669
22347,15823,16048
22348,22790,23027
22349,47565,47850
22350,5602,5823
22351,41435,41711
22352,51825,51930
22353,50647,50747
22354,47877,47955
22355,43632,43909
22356,27561,27800
22357,53835,53946
22358,2794,3008
22359,34697,34954
22360,29919,30158
22361,28929,29168
22362,13267,13491
22363,6994,7216
22364,51397,51498
22365,45502,45781
22366,43904,44181
22367,28062,28301
22368,8132,8354
22369,52298,52404
22370,47094,47379
22371,4895,5116
22372,19817,20050
22373,47715,108
22374,12582,12806
22375,17647,17876
22376,33958,34205
22377,39116,39389
22378,35142,35404
22379,50230,50330
22380,31173,31413
22381,32107,32349
22382,32258,32501
22383,14043,14268
22384,2492,2706
22385,4555,4776
22386,29033,29272
22387,5390,5611
22388,17747,17976
22389,54264,54375
22390,13147,13371
22391,39539,39813
22392,19729,19962
22393,16039,16264
22394,13519,13743
22395,46437,46718
22396,18843,19074
22397,49361,49441
22398,14037,14262
22399,25969,26208
22400,37177,37450
22401,11152,11376
22402,12285,12509
22403,54142,54253
22404,28525,28764
22405,5330,5551
22406,48268,48347
22407,15135,15360
22408,44120,44397
22409,35977,36243
22410,9256,9479
22411,22761,22998
22412,11225,11449
22413,19433,19664
22414,7790,8012
22415,34620,34877
22416,34422,34672
22417,13637,13861
22418,34976,35238
22419,55796,55910
22420,41162,41438
22421,45345,45623
22422,39687,39961
22423,26764,27003
22424,52245,52351
22425,47951,48029
22426,36663,36935
22427,25089,25327
22428,55827,55941
22429,34942,35204
22430,53388,53497
22431,39343,39616
22432,50113,50212
22433,46331,46612
22434,53976,54087
22435,39505,39779
22436,23772,24009
22437,32085,32327
22438,26229,26468
22439,54928,55039
22440,37033,37305
22441,8936,9159
22442,39296,39569
22443,38781,39054
22444,18887,19118
22445,39771,40045
22446,36080,36351
22447,40100,40374
22448,9915,10139
22449,34180,34430
22450,14281,14506
22451,16777,17004
22452,7873,8095
22453,1419,1630
22454,45361,45639
22455,34967,35229
22456,3421,3637
22457,6983,7205
22458,52768,52875
22459,19215,19446
22460,4819,5040
22461,50077,50175
22462,41777,42053
22463,18594,18824
22464,28083,28322
22465,55007,55120
22466,23326,23563
22467,37634,37907
22468,29596,29835
22469,50332,50432
22470,7237,7459
22471,36166,36437
22472,55605,55719
22473,33882,34129
22474,31323,31564
22475,45216,45494
22476,4998,5219
22477,638,848
22478,5184,5405
22479,44435,44712
22480,10892,11116
22481,39986,40260
22482,550,759
22483,7457,7679
22484,12530,12754
22485,4630,4851
22486,30903,31142
22487,1602,1813
22488,16735,16962
22489,39334,39607
22490,38266,38539
22491,9664,9888
22492,21616,21852
22493,18970,19201
22494,11817,12041
22495,28280,28519
22496,29949,30188
22497,32108,32350
22498,49130,49209
22499,21449,21685
22500,151,359
22501,19292,19523
22502,4793,5014
22503,16903,17130
22504,41721,41997
22505,39741,40015
22506,39191,39464
22507,20463,20698
22508,45845,46124
22509,14203,14428
22510,2123,2334
22511,54211,54322
22512,903,1113
22513,769,979
22514,24281,24518
22515,4323,4544
22516,40069,40343
22517,54152,54263
22518,10811,11035
22519,27024,27263
22520,51787,51892
22521,26331,26570
22522,46889,47174
22523,15845,16070
22524,2768,2982
22525,27465,27704
22526,5921,6142
22527,15019,15244
22528,41416,41692
22529,41901,42177
22530,46634,46917
22531,34568,34825
22532,29386,29625
22533,10994,11218
22534,25984,26223
22535,43821,44098
22536,18671,18901
22537,8894,9117
22538,1646,1857
22539,24143,24380
22540,54768,54879
22541,39006,39279
22542,56415,56530
22543,22429,22665
22544,27586,27825
22545,47587,47872
22546,22962,23199
22547,27876,28115
22548,29894,30133
22549,43660,43937
22550,28286,28525
22551,14146,14371
22552,17208,17437
22553,5524,5745
22554,52094,52199
22555,30309,30548
22556,51894,51999
22557,1132,1342
22558,35266,35528
22559,53188,53295
22560,19368,19599
22561,25859,26097
22562,9092,9315
22563,50728,50828
22564,5843,6064
22565,12081,12305
22566,620,830
22567,47805,198
22568,10836,11060
22569,41823,42099
22570,42616,42893
22571,35937,36203
22572,45924,46203
22573,20211,20444
22574,55995,56109
22575,34089,34339
22576,18610,18840
22577,21332,21567
22578,37466,37739
22579,14044,14269
22580,20077,20310
22581,23268,23505
22582,14890,15115
22583,27770,28009
22584,34147,34397
22585,39146,39419
22586,38617,38890
22587,48886,48965
22588,6753,6974
22589,4957,5178
22590,48404,48483
22591,38368,38641
22592,4437,4658
22593,27354,27593
22594,3596,3812
22595,12145,12369
22596,53904,54015
22597,23557,23794
22598,12365,12589
22599,50017,50115
22600,48167,48246
22601,16759,16986
22602,19691,19924
22603,47026,47311
22604,11120,11344
22605,16346,16571
22606,15012,15237
22607,31724,31965
22608,25831,26069
22609,16200,16425
22610,25742,25980
22611,8258,8480
22612,24021,24258
22613,34251,34501
22614,42720,42997
22615,43688,43965
22616,55869,55983
22617,11793,12017
22618,7293,7515
22619,9857,10081
22620,49584,49664
22621,8748,8971
22622,23092,23329
22623,18751,18981
22624,49351,49431
22625,2134,2345
22626,44668,44945
22627,3087,3302
22628,22921,23158
22629,37939,38212
22630,43010,43287
22631,51292,51393
22632,56090,56204
22633,27807,28046
22634,35509,35772
22635,5139,5360
22636,46971,47256
22637,52006,52111
22638,11105,11329
22639,35959,36225
22640,34485,34735
22641,27668,27907
22642,44182,44459
22643,39427,39700
22644,6352,6573
22645,50809,50910
22646,43589,43866
22647,38563,38836
22648,9082,9305
22649,45666,45945
22650,50703,50803
22651,45648,45927
22652,27609,27848
22653,10973,11197
22654,44368,44645
22655,20565,20800
22656,16181,16406
22657,34059,34306
22658,48396,48475
22659,30078,30317
22660,15206,15431
22661,27066,27305
22662,38210,38483
22663,43315,43592
22664,14669,14894
22665,42644,42921
22666,24735,24972
22667,50964,51065
22668,56318,56433
22669,56541,56656
22670,34302,34552
22671,54926,55037
22672,17859,18088
22673,13699,13923
22674,7414,7636
22675,22430,22666
22676,3439,3655
22677,2911,3125
22678,11996,12220
22679,5857,6078
22680,8250,8472
22681,2813,3027
22682,21252,21487
22683,8822,9045
22684,11501,11725
22685,27055,27294
22686,5178,5399
22687,40672,40946
22688,50455,50555
22689,14069,14294
22690,51128,51229
22691,36412,36684
22692,29816,30055
22693,33667,33913
22694,42619,42896
22695,49445,49525
22696,40849,41124
22697,44286,44563
22698,24760,24997
22699,7593,7815
22700,7091,7313
22701,36303,36575
22702,25990,26229
22703,38,246
22704,37067,37339
22705,26363,26602
22706,48106,48185
22707,30601,30840
22708,41336,41612
22709,3940,4158
22710,27992,28231
22711,44321,44598
22712,31019,31259
22713,44457,44734
22714,54162,54273
22715,41269,41545
22716,30257,30496
22717,20089,20322
22718,16840,17067
22719,44085,44362
22720,18111,18341
22721,29564,29803
22722,9384,9607
22723,13288,13512
22724,1251,1462
22725,11862,12086
22726,14386,14611
22727,36477,36749
22728,38584,38857
22729,9570,9794
22730,56622,56737
22731,16063,16288
22732,35700,35965
22733,36640,36912
22734,7746,7968
22735,31293,31534
22736,29959,30198
22737,1014,1224
22738,37617,37890
22739,56044,56158
22740,26840,27079
22741,40481,40756
22742,7503,7725
22743,39709,39983
22744,15743,15968
22745,47491,47776
22746,44408,44685
22747,46222,46503
22748,17318,17547
22749,19248,19479
22750,41491,41767
22751,13932,14157
22752,42295,42571
22753,1415,1626
22754,2570,2784
22755,11055,11279
22756,10525,10749
22757,12607,12831
22758,10868,11092
22759,8750,8973
22760,31174,31414
22761,22673,22910
22762,52385,52492
22763,23185,23422
22764,34997,35259
22765,20971,21206
22766,7819,8041
22767,42161,42437
22768,6915,7136
22769,28277,28516
22770,28109,28348
22771,43221,43498
22772,14045,14270
22773,24976,25213
22774,3397,3613
22775,47003,47288
22776,19153,19384
22777,26773,27012
22778,15398,15623
22779,24848,25085
22780,11078,11302
22781,33991,34238
22782,40733,41008
22783,34292,34542
22784,34836,35093
22785,40962,41238
22786,25441,25679
22787,22631,22868
22788,13483,13707
22789,16584,16809
22790,52095,52200
22791,7484,7706
22792,36374,36646
22793,40628,40903
22794,41644,41920
22795,54639,54750
22796,54313,54424
22797,10360,10584
22798,26782,27021
22799,24228,24465
22800,1449,1660
22801,37003,37275
22802,55341,55455
22803,20007,20240
22804,43921,44198
22805,42729,43006
22806,53014,53121
22807,54957,55068
22808,49199,49279
22809,50290,50390
22810,51415,51516
22811,26017,26256
22812,17513,17742
22813,4848,5069
22814,37228,37501
22815,7029,7251
22816,15708,15933
22817,50238,50338
22818,29667,29906
22819,7517,7739
22820,43990,44267
22821,16399,16624
22822,11406,11630
22823,15759,15984
22824,991,1201
22825,43276,43553
22826,2042,2253
22827,13576,13800
22828,23100,23337
22829,23829,24066
22830,44336,44613
22831,36701,36973
22832,48846,48925
22833,11090,11314
22834,9002,9225
22835,22480,22716
22836,1763,1974
22837,6721,6942
22838,52769,52876
22839,28489,28728
22840,28251,28490
22841,20298,20531
22842,35179,35441
22843,11829,12053
22844,48888,48967
22845,48321,48400
22846,31273,31514
22847,39342,39615
22848,47527,47812
22849,2841,3055
22850,41478,41754
22851,39277,39550
22852,46571,46854
22853,56238,56352
22854,47436,47721
22855,21398,21634
22856,47505,47790
22857,6487,6708
22858,39202,39475
22859,23661,23898
22860,28758,28997
22861,25675,25913
22862,3416,3632
22863,25799,26037
22864,1122,1332
22865,55914,56028
22866,33034,33277
22867,6132,6353
22868,8573,8795
22869,18259,18489
22870,42219,42495
22871,51502,51603
22872,12907,13131
22873,350,559
22874,33670,33916
22875,43390,43667
22876,55089,55202
22877,54454,54565
22878,29488,29727
22879,47876,47954
22880,16636,16863
22881,39254,39527
22882,20500,20735
22883,51777,51882
22884,56252,56366
22885,19149,19380
22886,23238,23475
22887,32113,32355
22888,25457,25695
22889,26007,26246
22890,10067,10291
22891,9005,9228
22892,50434,50534
22893,3435,3651
22894,35037,35299
22895,45856,46135
22896,14090,14315
22897,38465,38738
22898,35484,35747
22899,24656,24893
22900,48715,48794
22901,14668,14893
22902,20115,20348
22903,45548,45827
22904,19187,19418
22905,55256,55369
22906,31207,31447
22907,35060,35322
22908,8891,9114
22909,1051,1261
22910,21745,21981
22911,46736,47020
22912,37226,37499
22913,2943,3158
22914,31241,31482
22915,39525,39799
22916,24,25
22917,7627,7849
22918,49125,49204
22919,15859,16084
22920,19626,19858
22921,21343,21578
22922,19315,19546
22923,28371,28610
22924,48093,48171
22925,9280,9503
22926,31248,31489
22927,39055,39328
22928,2267,2479
22929,18971,19202
22930,15706,15931
22931,17083,17312
22932,26563,26802
22933,2899,3113
22934,36789,37061
22935,49812,49892
22936,36971,37243
22937,5103,5324
22938,11540,11764
22939,50637,50737
22940,20901,21136
22941,5423,5644
22942,14113,14338
22943,3702,3920
22944,43646,43923
22945,35160,35422
22946,28265,28504
22947,23783,24020
22948,52929,53036
22949,55077,55190
22950,30733,30972
22951,41611,41887
22952,8591,8813
22953,26660,26899
22954,12788,13012
22955,48661,48740
22956,1477,1688
22957,53358,53466
22958,14446,14671
22959,49759,49839
22960,37423,37696
22961,42435,42711
22962,10254,10478
22963,19808,20041
22964,40366,40641
22965,47572,47857
22966,50575,50675
22967,9309,9532
22968,8028,8250
22969,25329,25567
22970,23136,23373
22971,36549,36821
22972,37064,37336
22973,14380,14605
22974,38286,38559
22975,25961,26200
22976,41609,41885
22977,46094,46375
22978,50219,50319
22979,18291,18521
22980,46900,47185
22981,1275,1486
22982,35820,36085
22983,35248,35510
22984,10791,11015
22985,35500,35763
22986,3691,3909
22987,41779,42055
22988,8247,8469
22989,34336,34586
22990,183,391
22991,32620,32863
22992,21310,21545
22993,46148,46429
22994,30988,31228
22995,43293,43570
22996,12727,12951
22997,14022,14247
22998,54549,54660
22999,15484,15709
23000,25470,25708
23001,55573,55687
23002,40131,40405
23003,33589,33835
23004,2187,2398
23005,8185,8407
23006,21943,22179
23007,25914,26153
23008,11165,11389
23009,45387,45665
23010,12533,12757
23011,37450,37723
23012,37639,37912
23013,8550,8772
23014,219,427
23015,27526,27765
23016,8120,8342
23017,45943,46222
23018,40395,40670
23019,10228,10452
23020,3530,3746
23021,50924,51025
23022,5972,6193
23023,49886,49982
23024,13358,13582
23025,29512,29751
23026,49412,49492
23027,45077,45354
23028,16835,17062
23029,50451,50551
23030,35555,35819
23031,14758,14983
23032,122,330
23033,20507,20742
23034,25429,25667
23035,5580,5801
23036,2661,2875
23037,33483,33729
23038,38547,38820
23039,23055,23292
23040,29580,29819
23041,27608,27847
23042,35628,35892
23043,18441,18671
23044,47435,47720
23045,23879,24116
23046,199,407
23047,4486,4707
23048,32636,32879
23049,35852,36118
23050,50040,50138
23051,29338,29577
23052,56576,56691
23053,6422,6643
23054,48325,48404
23055,56168,56282
23056,39509,39783
23057,31260,31501
23058,8152,8374
23059,15771,15996
23060,52308,52414
23061,32808,33051
23062,37872,38145
23063,44261,44538
23064,52795,52902
23065,19054,19285
23066,37025,37297
23067,46466,46749
23068,49144,49224
23069,47925,48003
23070,37447,37720
23071,30705,30944
23072,42863,43140
23073,31038,31278
23074,27350,27589
23075,17645,17874
23076,48188,48267
23077,6598,6819
23078,43748,44025
23079,11613,11837
23080,14735,14960
23081,49525,49605
23082,1752,1963
23083,30397,30636
23084,27025,27264
23085,9616,9840
23086,15223,15448
23087,45282,45560
23088,19124,19355
23089,51717,51820
23090,31847,32089
23091,20633,20868
23092,37086,37358
23093,49728,49808
23094,13590,13814
23095,18058,18288
23096,6575,6796
23097,33707,33954
23098,15354,15579
23099,54265,54376
23100,12551,12775
23101,32895,33138
23102,8981,9204
23103,9794,10018
23104,52694,52801
23105,14968,15193
23106,15791,16016
23107,13752,13977
23108,941,1151
23109,45306,45584
23110,42334,42610
23111,451,660
23112,53252,53359
23113,15220,15445
23114,48928,49007
23115,21155,21390
23116,55658,55772
23117,45293,45571
23118,23675,23912
23119,36183,36454
23120,35141,35403
23121,41215,41491
23122,28548,28787
23123,40756,41031
23124,51759,51864
23125,50684,50784
23126,10031,10255
23127,47513,47798
23128,7462,7684
23129,44024,44301
23130,20271,20504
23131,45235,45513
23132,21665,21901
23133,42198,42474
23134,34235,34485
23135,24528,24765
23136,16427,16652
23137,31972,32214
23138,16165,16390
23139,23061,23298
23140,7263,7485
23141,20889,21124
23142,45566,45845
23143,8546,8768
23144,18839,19070
23145,25080,25318
23146,7410,7632
23147,5171,5392
23148,42591,42868
23149,15108,15333
23150,56330,56445
23151,10614,10838
23152,48205,48284
23153,43246,43523
23154,19041,19272
23155,22869,23106
23156,51066,51167
23157,49406,49486
23158,52544,52651
23159,50276,50376
23160,49618,49698
23161,5974,6195
23162,3431,3647
23163,54831,54942
23164,36594,36866
23165,31660,31901
23166,12238,12462
23167,35614,35878
23168,38297,38570
23169,10661,10885
23170,450,659
23171,9330,9553
23172,28035,28274
23173,51370,51471
23174,45347,45625
23175,9084,9307
23176,31184,31424
23177,44890,45167
23178,3973,4191
23179,23732,23969
23180,6800,7021
23181,20117,20350
23182,18571,18801
23183,5030,5251
23184,15663,15888
23185,12322,12546
23186,39912,40186
23187,49884,49980
23188,13418,13642
23189,630,840
23190,28156,28395
23191,42160,42436
23192,28503,28742
23193,42272,42548
23194,1882,2093
23195,35469,35732
23196,41343,41619
23197,40993,41269
23198,86,294
23199,40917,41192
23200,7461,7683
23201,2264,2476
23202,2600,2814
23203,24262,24499
23204,11353,11577
23205,26090,26329
23206,26137,26376
23207,21757,21993
23208,23037,23274
23209,47880,47958
23210,19796,20029
23211,28643,28882
23212,48963,49042
23213,37919,38192
23214,39313,39586
23215,32945,33188
23216,41219,41495
23217,30810,31049
23218,56786,56901
23219,47763,156
23220,18234,18464
23221,6941,7163
23222,10784,11008
23223,45111,45388
23224,36649,36921
23225,42454,42730
23226,55093,55206
23227,43384,43661
23228,2861,3075
23229,43956,44233
23230,56442,56557
23231,3722,3940
23232,51067,51168
23233,51439,51540
23234,4476,4697
23235,29109,29348
23236,1198,1408
23237,22145,22381
23238,12187,12411
23239,28610,28849
23240,34228,34478
23241,29691,29930
23242,3254,3470
23243,52421,52528
23244,28732,28971
23245,46450,46731
23246,16274,16499
23247,24374,24611
23248,12593,12817
23249,8271,8493
23250,31409,31650
23251,12012,12236
23252,52822,52929
23253,55572,55686
23254,21372,21608
23255,29804,30043
23256,50525,50625
23257,1002,1212
23258,29940,30179
23259,35326,35588
23260,33857,34104
23261,53213,53320
23262,39421,39694
23263,6256,6477
23264,1829,2040
23265,30196,30435
23266,20106,20339
23267,48472,48551
23268,35626,35890
23269,48353,48432
23270,31739,31980
23271,49868,49964
23272,10257,10481
23273,17675,17904
23274,33233,33479
23275,41223,41499
23276,679,889
23277,15155,15380
23278,30739,30978
23279,13578,13802
23280,7052,7274
23281,36906,37178
23282,22093,22329
23283,27050,27289
23284,3375,3591
23285,32552,32795
23286,37993,38266
23287,53474,53583
23288,29561,29800
23289,35684,35949
23290,29518,29757
23291,25535,25773
23292,54554,54665
23293,50221,50321
23294,3678,3895
23295,9036,9259
23296,42818,43095
23297,53008,53115
23298,37138,37410
23299,5863,6084
23300,32619,32862
23301,39928,40202
23302,1917,2128
23303,236,444
23304,34182,34432
23305,52790,52897
23306,232,440
23307,6968,7190
23308,26788,27027
23309,56064,56178
23310,39931,40205
23311,42701,42978
23312,22364,22600
23313,18427,18657
23314,31495,31736
23315,30574,30813
23316,32021,32263
23317,54840,54951
23318,14770,14995
23319,27965,28204
23320,46284,46565
23321,50551,50651
23322,17847,18076
23323,11213,11437
23324,55128,55241
23325,12013,12237
23326,44916,45193
23327,33643,33889
23328,24852,25089
23329,806,1016
23330,21926,22162
23331,4829,5050
23332,46952,47237
23333,20848,21083
23334,13773,13998
23335,35577,35841
23336,18956,19187
23337,55987,56101
23338,30292,30531
23339,33783,34030
23340,22843,23080
23341,2976,3191
23342,1655,1866
23343,14237,14462
23344,3848,4066
23345,49827,49907
23346,9087,9310
23347,40660,40934
23348,5322,5543
23349,49910,50006
23350,38306,38579
23351,35341,35604
23352,18818,19049
23353,28904,29143
23354,1644,1855
23355,30823,31062
23356,12786,13010
23357,51988,52093
23358,36916,37188
23359,4267,4488
23360,8800,9023
23361,24426,24663
23362,32990,33233
23363,5875,6096
23364,18758,18988
23365,51451,51552
23366,45532,45811
23367,1,2
23368,40757,41032
23369,18055,18285
23370,45756,46035
23371,56387,56502
23372,17094,17323
23373,26068,26307
23374,37651,37924
23375,34471,34721
23376,39317,39590
23377,46574,46857
23378,683,893
23379,51194,51295
23380,20110,20343
23381,20829,21064
23382,20644,20879
23383,7898,8120
23384,29914,30153
23385,53318,53426
23386,12543,12767
23387,56644,56759
23388,30100,30339
23389,19821,20054
23390,20126,20359
23391,23687,23924
23392,17224,17453
23393,19057,19288
23394,10649,10873
23395,12534,12758
23396,21097,21332
23397,56774,56889
23398,28566,28805
23399,7915,8137
23400,3159,3375
23401,6346,6567
23402,45482,45761
23403,47864,47942
23404,51346,51447
23405,14238,14463
23406,44386,44663
23407,40907,41182
23408,27281,27520
23409,11419,11643
23410,34069,34316
23411,16286,16511
23412,29728,29967
23413,22045,22281
23414,4937,5158
23415,18290,18520
23416,15326,15551
23417,13891,14116
23418,29443,29682
23419,34400,34650
23420,25462,25700
23421,29936,30175
23422,18192,18422
23423,5218,5439
23424,26112,26351
23425,5324,5545
23426,50802,50903
23427,23059,23296
23428,19475,19706
23429,4928,5149
23430,47149,47434
23431,18261,18491
23432,47023,47308
23433,41635,41911
23434,6075,6296
23435,19421,19652
23436,20687,20922
23437,36164,36435
23438,3801,4019
23439,38955,39228
23440,30951,31190
23441,30811,31050
23442,13224,13448
23443,50676,50776
23444,42445,42721
23445,8970,9193
23446,24540,24777
23447,28668,28907
23448,38899,39172
23449,31763,32005
23450,17292,17521
23451,11189,11413
23452,44049,44326
23453,36208,36479
23454,8067,8289
23455,30030,30269
23456,46581,46864
23457,25724,25962
23458,24819,25056
23459,9404,9627
23460,5959,6180
23461,25865,26104
23462,13041,13265
23463,2020,2231
23464,13445,13669
23465,44338,44615
23466,28082,28321
23467,22200,22436
23468,2748,2962
23469,35372,35635
23470,23546,23783
23471,9250,9473
23472,8491,8713
23473,31014,31254
23474,16754,16981
23475,16318,16543
23476,42786,43063
23477,31882,32124
23478,16838,17065
23479,36194,36465
23480,5021,5242
23481,2114,2325
23482,29872,30111
23483,32693,32936
23484,19150,19381
23485,21282,21517
23486,47143,47428
23487,1976,2187
23488,48089,48167
23489,45966,46247
23490,43261,43538
23491,56412,56527
23492,41460,41736
23493,46199,46480
23494,22136,22372
23495,24450,24687
23496,130,338
23497,14533,14758
23498,11384,11608
23499,48006,48084
23500,8274,8496
23501,55733,55847
23502,54631,54742
23503,29515,29754
23504,16424,16649
23505,48649,48728
23506,48362,48441
23507,54981,55094
23508,33634,33880
23509,53597,53707
23510,2650,2864
23511,17212,17441
23512,34803,35060
23513,9753,9977
23514,34187,34437
23515,18529,18759
23516,21615,21851
23517,31016,31256
23518,38677,38950
23519,19540,19771
23520,34990,35252
23521,30453,30692
23522,18525,18755
23523,31234,31475
23524,33441,33687
23525,8031,8253
23526,35748,36013
23527,52317,52423
23528,50157,50256
23529,55178,55291
23530,26318,26557
23531,22613,22850
23532,50753,50853
23533,28681,28920
23534,588,797
23535,15808,16033
23536,32893,33136
23537,22209,22445
23538,33797,34044
23539,56176,56290
23540,56266,56380
23541,2075,2286
23542,4567,4788
23543,16287,16512
23544,55124,55237
23545,30984,31224
23546,11720,11944
23547,39141,39414
23548,24225,24462
23549,17384,17613
23550,22872,23109
23551,2342,2554
23552,23660,23897
23553,9835,10059
23554,19667,19900
23555,10776,11000
23556,16077,16302
23557,40061,40335
23558,31939,32181
23559,3332,3548
23560,13018,13242
23561,34123,34373
23562,29211,29450
23563,19608,19840
23564,43752,44029
23565,19526,19757
23566,17699,17928
23567,29143,29382
23568,22826,23063
23569,27828,28067
23570,5998,6219
23571,10469,10693
23572,52208,52313
23573,33738,33985
23574,19358,19589
23575,14823,15048
23576,30343,30582
23577,26766,27005
23578,53953,54064
23579,7859,8081
23580,10219,10443
23581,4629,4850
23582,18677,18907
23583,36926,37198
23584,37978,38251
23585,34631,34888
23586,53081,53188
23587,7712,7934
23588,43142,43419
23589,48510,48589
23590,38570,38843
23591,54897,55008
23592,44595,44872
23593,48344,48423
23594,44771,45048
23595,54266,54377
23596,38123,38396
23597,53979,54090
23598,31949,32191
23599,8738,8961
23600,12474,12698
23601,56154,56268
23602,26278,26517
23603,15580,15805
23604,54298,54409
23605,28835,29074
23606,12435,12659
23607,1847,2058
23608,3716,3934
23609,14960,15185
23610,16479,16704
23611,40632,40907
23612,50305,50405
23613,2717,2931
23614,38690,38963
23615,1578,1789
23616,34808,35065
23617,49936,50032
23618,50584,50684
23619,53063,53170
23620,35151,35413
23621,6827,7048
23622,54796,54907
23623,52731,52838
23624,9316,9539
23625,44923,45200
23626,5237,5458
23627,54569,54680
23628,47244,47529
23629,21350,21586
23630,29182,29421
23631,21627,21863
23632,54732,54843
23633,44571,44848
23634,20597,20832
23635,38665,38938
23636,27216,27455
23637,33198,33444
23638,13336,13560
23639,28920,29159
23640,52680,52787
23641,17167,17396
23642,44007,44284
23643,54594,54705
23644,31752,31993
23645,29560,29799
23646,10494,10718
23647,18447,18677
23648,22504,22740
23649,29392,29631
23650,32776,33019
23651,43394,43671
23652,14895,15120
23653,16549,16774
23654,21382,21618
23655,12818,13042
23656,18478,18708
23657,33401,33647
23658,35070,35332
23659,30488,30727
23660,1217,1427
23661,8285,8507
23662,44198,44475
23663,23338,23575
23664,30133,30372
23665,28196,28435
23666,53007,53114
23667,15822,16047
23668,8414,8636
23669,42482,42758
23670,52053,52158
23671,11778,12002
23672,27224,27463
23673,36924,37196
23674,21848,22084
23675,39432,39705
23676,9436,9659
23677,17278,17507
23678,19774,20007
23679,46715,46999
23680,9558,9782
23681,47797,190
23682,9242,9465
23683,48278,48357
23684,30381,30620
23685,30121,30360
23686,37547,37820
23687,36921,37193
23688,54772,54883
23689,38534,38807
23690,53231,53338
23691,38398,38671
23692,5275,5496
23693,1881,2092
23694,36761,37033
23695,51014,51115
23696,36280,36551
23697,10698,10922
23698,26625,26864
23699,49031,49110
23700,36207,36478
23701,17301,17530
23702,56633,56748
23703,34791,35048
23704,30590,30829
23705,53624,53734
23706,34925,35187
23707,50966,51067
23708,8168,8390
23709,10999,11223
23710,41632,41908
23711,10844,11068
23712,40287,40562
23713,45273,45551
23714,24388,24625
23715,14198,14423
23716,4297,4518
23717,8827,9050
23718,13141,13365
23719,52774,52881
23720,29195,29434
23721,12686,12910
23722,54521,54632
23723,31304,31545
23724,18886,19117
23725,20714,20949
23726,23381,23618
23727,8557,8779
23728,21301,21536
23729,13272,13496
23730,53845,53956
23731,21829,22065
23732,53711,53821
23733,39171,39444
23734,8849,9072
23735,1084,1294
23736,31549,31790
23737,28400,28639
23738,34415,34665
23739,32985,33228
23740,14965,15190
23741,53155,53262
23742,17252,17481
23743,7563,7785
23744,38556,38829
23745,30375,30614
23746,26504,26743
23747,45241,45519
23748,13068,13292
23749,11937,12161
23750,5430,5651
23751,304,512
23752,20862,21097
23753,26484,26723
23754,10298,10522
23755,4015,4233
23756,41026,41302
23757,36877,37149
23758,10149,10373
23759,10244,10468
23760,48049,48127
23761,34755,35012
23762,44197,44474
23763,54140,54251
23764,23701,23938
23765,52660,52767
23766,22230,22466
23767,42144,42420
23768,6129,6350
23769,35559,35823
23770,19490,19721
23771,16084,16309
23772,37251,37524
23773,26037,26276
23774,11897,12121
23775,33995,34242
23776,42983,43260
23777,5011,5232
23778,10027,10251
23779,43070,43347
23780,25415,25653
23781,9528,9752
23782,43139,43416
23783,53238,53345
23784,13202,13426
23785,34546,34803
23786,1105,1315
23787,19413,19644
23788,20261,20494
23789,31564,31805
23790,27960,28199
23791,2711,2925
23792,51775,51880
23793,6057,6278
23794,7053,7275
23795,40643,40918
23796,16022,16247
23797,31062,31302
23798,19350,19581
23799,39053,39326
23800,25020,25257
23801,9932,10156
23802,41826,42102
23803,1429,1640
23804,49201,49281
23805,24280,24517
23806,16050,16275
23807,54158,54269
23808,14118,14343
23809,39832,40106
23810,3877,4095
23811,17317,17546
23812,13400,13624
23813,21570,21806
23814,33723,33970
23815,38545,38818
23816,20660,20895
23817,53500,53609
23818,56520,56635
23819,45649,45928
23820,18825,19056
23821,29581,29820
23822,28905,29144
23823,37524,37797
23824,26886,27125
23825,40392,40667
23826,36400,36672
23827,2334,2546
23828,20156,20389
23829,53299,53406
23830,39758,40032
23831,30560,30799
23832,9383,9606
23833,38754,39027
23834,52105,52210
23835,7545,7767
23836,18809,19040
23837,4876,5097
23838,52846,52953
23839,11911,12135
23840,50867,50968
23841,24749,24986
23842,53102,53209
23843,55734,55848
23844,10714,10938
23845,10561,10785
23846,501,710
23847,50936,51037
23848,37098,37370
23849,24703,24940
23850,18110,18340
23851,17040,17269
23852,25790,26028
23853,25713,25951
23854,16794,17021
23855,28960,29199
23856,56565,56680
23857,34353,34603
23858,15477,15702
23859,48480,48559
23860,12777,13001
23861,40676,40950
23862,5181,5402
23863,36999,37271
23864,19464,19695
23865,46655,46938
23866,10277,10501
23867,20430,20663
23868,950,1160
23869,31201,31441
23870,28846,29085
23871,30693,30932
23872,9724,9948
23873,8394,8616
23874,34161,34411
23875,51214,51315
23876,21437,21673
23877,49308,49388
23878,6558,6779
23879,53052,53159
23880,208,416
23881,48870,48949
23882,32336,32579
23883,54922,55033
23884,8549,8771
23885,19381,19612
23886,22712,22949
23887,52062,52167
23888,8222,8444
23889,53537,53646
23890,16801,17028
23891,56780,56895
23892,24579,24816
23893,20329,20562
23894,41713,41989
23895,42530,42806
23896,46857,47141
23897,32944,33187
23898,15051,15276
23899,29678,29917
23900,9117,9340
23901,25880,26119
23902,11766,11990
23903,26399,26638
23904,23743,23980
23905,20252,20485
23906,8773,8996
23907,28862,29101
23908,48296,48375
23909,51735,51839
23910,26649,26888
23911,7186,7408
23912,47415,47700
23913,43067,43344
23914,19635,19867
23915,38709,38982
23916,14159,14384
23917,20504,20739
23918,31706,31947
23919,30631,30870
23920,16496,16721
23921,8063,8285
23922,7418,7640
23923,36680,36952
23924,20808,21043
23925,15902,16127
23926,43225,43502
23927,46775,47059
23928,28307,28546
23929,32417,32660
23930,49903,49999
23931,27588,27827
23932,52772,52879
23933,53566,53676
23934,52263,52369
23935,55739,55853
23936,26845,27084
23937,26990,27229
23938,16246,16471
23939,56111,56225
23940,37357,37630
23941,9238,9461
23942,23245,23482
23943,4914,5135
23944,32381,32624
23945,39347,39620
23946,1028,1238
23947,25757,25995
23948,35593,35857
23949,54408,54519
23950,7085,7307
23951,53282,53389
23952,14814,15039
23953,51335,51436
23954,2926,3140
23955,23432,23669
23956,3289,3505
23957,4090,4311
23958,56334,56449
23959,25706,25944
23960,21953,22189
23961,39745,40019
23962,6210,6431
23963,30451,30690
23964,27639,27878
23965,28575,28814
23966,24823,25060
23967,7963,8185
23968,46551,46834
23969,22949,23186
23970,24520,24757
23971,47453,47738
23972,55811,55925
23973,35402,35665
23974,47137,47422
23975,20445,20680
23976,37096,37368
23977,46117,46398
23978,55561,55675
23979,40780,41055
23980,44010,44287
23981,31231,31472
23982,53850,53961
23983,41146,41422
23984,46918,47203
23985,26341,26580
23986,36736,37008
23987,29945,30184
23988,56830,56945
23989,45690,45969
23990,38909,39182
23991,11334,11558
23992,26151,26390
23993,28757,28996
23994,8030,8252
23995,38312,38585
23996,25004,25241
23997,20598,20833
23998,231,439
23999,52228,52334
24000,52356,52463
24001,15585,15810
24002,44917,45194
24003,19438,19669
24004,47603,47888
24005,6521,6742
24006,51133,51234
24007,15373,15598
24008,3024,3239
24009,12491,12715
24010,45110,45387
24011,23535,23772
24012,7165,7387
24013,28686,28925
24014,53054,53161
24015,38778,39051
24016,51911,52016
24017,50696,50796
24018,34863,35120
24019,20446,20681
24020,39589,39863
24021,42374,42650
24022,42014,42290
24023,13683,13907
24024,23670,23907
24025,39085,39358
24026,44983,45260
24027,52015,52120
24028,52066,52171
24029,4251,4472
24030,24363,24600
24031,40474,40749
24032,29740,29979
24033,45133,45410
24034,23556,23793
24035,27585,27824
24036,40859,41134
24037,38684,38957
24038,30423,30662
24039,25426,25664
24040,35676,35941
24041,26725,26964
24042,14624,14849
24043,31726,31967
24044,43816,44093
24045,22896,23133
24046,1061,1271
24047,24694,24931
24048,9780,10004
24049,53151,53258
24050,51718,51821
24051,51656,51759
24052,51684,51787
24053,8597,8819
24054,17128,17357
24055,46825,47109
24056,49605,49685
24057,15885,16110
24058,50181,50280
24059,45806,46085
24060,48086,48164
24061,37148,37420
24062,4637,4858
24063,50599,50699
24064,6756,6977
24065,12564,12788
24066,48903,48982
24067,4506,4727
24068,45310,45588
24069,9586,9810
24070,39829,40103
24071,12237,12461
24072,1290,1501
24073,41722,41998
24074,20374,20607
24075,2142,2353
24076,22928,23165
24077,38065,38338
24078,3837,4055
24079,37449,37722
24080,5648,5869
24081,27687,27926
24082,23840,24077
24083,26651,26890
24084,42237,42513
24085,33747,33994
24086,9802,10026
24087,20005,20238
24088,11091,11315
24089,13883,14108
24090,13539,13763
24091,32141,32383
24092,53351,53459
24093,45800,46079
24094,15353,15578
24095,1341,1552
24096,41185,41461
24097,16438,16663
24098,47248,47533
24099,47191,47476
24100,24808,25045
24101,18132,18362
24102,23691,23928
24103,26150,26389
24104,55495,55609
24105,13517,13741
24106,31373,31614
24107,23672,23909
24108,44520,44797
24109,28437,28676
24110,17280,17509
24111,26780,27019
24112,16614,16839
24113,32720,32963
24114,20256,20489
24115,17698,17927
24116,4288,4509
24117,35013,35275
24118,48330,48409
24119,15876,16101
24120,7370,7592
24121,6467,6688
24122,52176,52281
24123,47451,47736
24124,26485,26724
24125,44069,44346
24126,15921,16146
24127,19569,19800
24128,37964,38237
24129,26040,26279
24130,23301,23538
24131,41885,42161
24132,27759,27998
24133,9184,9407
24134,25309,25547
24135,15167,15392
24136,21224,21459
24137,8153,8375
24138,56839,56954
24139,2697,2911
24140,42491,42767
24141,19619,19851
24142,56254,56368
24143,20029,20262
24144,17553,17782
24145,33576,33822
24146,12199,12423
24147,53829,53940
24148,43940,44217
24149,35427,35690
24150,20892,21127
24151,39646,39920
24152,2981,3196
24153,36613,36885
24154,53520,53629
24155,41103,41379
24156,42441,42717
24157,16773,17000
24158,3523,3739
24159,22800,23037
24160,18585,18815
24161,19310,19541
24162,8923,9146
24163,8481,8703
24164,15957,16182
24165,5558,5779
24166,44883,45160
24167,51446,51547
24168,17556,17785
24169,38733,39006
24170,55645,55759
24171,31264,31505
24172,29941,30180
24173,6989,7211
24174,8586,8808
24175,7352,7574
24176,35303,35565
24177,48393,48472
24178,26356,26595
24179,17540,17769
24180,12661,12885
24181,40285,40560
24182,42887,43164
24183,9480,9703
24184,55870,55984
24185,39718,39992
24186,19119,19350
24187,4821,5042
24188,964,1174
24189,12753,12977
24190,41484,41760
24191,11045,11269
24192,34117,34367
24193,19353,19584
24194,16404,16629
24195,36891,37163
24196,6396,6617
24197,12191,12415
24198,30232,30471
24199,55279,55392
24200,11041,11265
24201,49604,49684
24202,12685,12909
24203,52471,52578
24204,28129,28368
24205,53589,53699
24206,51101,51202
24207,2606,2820
24208,49246,49326
24209,32195,32438
24210,50660,50760
24211,35011,35273
24212,44778,45055
24213,53573,53683
24214,52690,52797
24215,34025,34272
24216,10476,10700
24217,13784,14009
24218,32366,32609
24219,24845,25082
24220,3718,3936
24221,46283,46564
24222,53209,53316
24223,54984,55097
24224,51258,51359
24225,11832,12056
24226,26288,26527
24227,36269,36540
24228,36642,36914
24229,2198,2410
24230,55189,55302
24231,10274,10498
24232,28444,28683
24233,20033,20266
24234,23418,23655
24235,21501,21737
24236,50619,50719
24237,28215,28454
24238,50295,50395
24239,52667,52774
24240,1760,1971
24241,19343,19574
24242,15532,15757
24243,3355,3571
24244,32916,33159
24245,28255,28494
24246,23479,23716
24247,9893,10117
24248,19105,19336
24249,14462,14687
24250,14192,14417
24251,51885,51990
24252,16289,16514
24253,22007,22243
24254,12911,13135
24255,45264,45542
24256,18251,18481
24257,39252,39525
24258,18645,18875
24259,46845,47129
24260,45339,45617
24261,56059,56173
24262,30294,30533
24263,1109,1319
24264,43381,43658
24265,10460,10684
24266,47464,47749
24267,4836,5057
24268,46241,46522
24269,17259,17488
24270,6392,6613
24271,24622,24859
24272,52458,52565
24273,19709,19942
24274,9675,9899
24275,35878,36144
24276,51041,51142
24277,54255,54366
24278,30086,30325
24279,11517,11741
24280,29248,29487
24281,35803,36068
24282,47933,48011
24283,52170,52275
24284,4772,4993
24285,17751,17980
24286,35278,35540
24287,1070,1280
24288,14257,14482
24289,17169,17398
24290,54712,54823
24291,49387,49467
24292,11827,12051
24293,27199,27438
24294,25039,25276
24295,41431,41707
24296,32624,32867
24297,50670,50770
24298,54061,54172
24299,36755,37027
24300,45829,46108
24301,35034,35296
24302,29535,29774
24303,13087,13311
24304,40411,40686
24305,51270,51371
24306,14931,15156
24307,43362,43639
24308,8078,8300
24309,54647,54758
24310,17482,17711
24311,35362,35625
24312,39412,39685
24313,42736,43013
24314,18697,18927
24315,29129,29368
24316,53134,53241
24317,32247,32490
24318,43835,44112
24319,2000,2211
24320,24230,24467
24321,54673,54784
24322,24453,24690
24323,52579,52686
24324,47098,47383
24325,27179,27418
24326,28231,28470
24327,40354,40629
24328,12739,12963
24329,55699,55813
24330,5654,5875
24331,33677,33923
24332,20682,20917
24333,30828,31067
24334,12360,12584
24335,45344,45622
24336,1309,1520
24337,35195,35457
24338,14779,15004
24339,28480,28719
24340,39736,40010
24341,18243,18473
24342,16098,16323
24343,4134,4355
24344,55372,55486
24345,19060,19291
24346,30024,30263
24347,46491,46774
24348,46834,47118
24349,28941,29180
24350,48037,48115
24351,49462,49542
24352,37431,37704
24353,15855,16080
24354,12762,12986
24355,7443,7665
24356,38771,39044
24357,18582,18812
24358,41702,41978
24359,55208,55321
24360,52845,52952
24361,19412,19643
24362,4698,4919
24363,50224,50324
24364,41131,41407
24365,20247,20480
24366,6077,6298
24367,45410,45688
24368,54327,54438
24369,21538,21774
24370,38425,38698
24371,3036,3251
24372,47708,101
24373,41971,42247
24374,10828,11052
24375,11451,11675
24376,15609,15834
24377,53810,53920
24378,23730,23967
24379,39668,39942
24380,45770,46049
24381,10090,10314
24382,43919,44196
24383,49109,49188
24384,10783,11007
24385,5230,5451
24386,5148,5369
24387,4971,5192
24388,32666,32909
24389,22697,22934
24390,38932,39205
24391,26388,26627
24392,36860,37132
24393,47954,48032
24394,18569,18799
24395,5612,5833
24396,29040,29279
24397,33292,33538
24398,49171,49251
24399,37237,37510
24400,40140,40414
24401,29972,30211
24402,49460,49540
24403,49124,49203
24404,31467,31708
24405,46205,46486
24406,335,543
24407,56074,56188
24408,34445,34695
24409,5440,5661
24410,20843,21078
24411,34984,35246
24412,33665,33911
24413,54499,54610
24414,26423,26662
24415,30293,30532
24416,2778,2992
24417,7355,7577
24418,15028,15253
24419,1468,1679
24420,53148,53255
24421,19362,19593
24422,44970,45247
24423,42063,42339
24424,26053,26292
24425,36286,36557
24426,43055,43332
24427,5569,5790
24428,28707,28946
24429,21389,21625
24430,34325,34575
24431,40360,40635
24432,42755,43032
24433,48680,48759
24434,21669,21905
24435,54837,54948
24436,31470,31711
24437,1934,2145
24438,42152,42428
24439,52083,52188
24440,31130,31370
24441,42397,42673
24442,34320,34570
24443,29320,29559
24444,1626,1837
24445,40352,40627
24446,15000,15225
24447,25170,25408
24448,43552,43829
24449,12391,12615
24450,24557,24794
24451,9140,9363
24452,22506,22742
24453,6749,6970
24454,38410,38683
24455,56299,56414
24456,15281,15506
24457,1176,1386
24458,46844,47128
24459,56296,56411
24460,12167,12391
24461,52097,52202
24462,39916,40190
24463,26097,26336
24464,18391,18621
24465,19425,19656
24466,31166,31406
24467,38711,38984
24468,47591,47876
24469,30338,30577
24470,9427,9650
24471,47854,47932
24472,3095,3310
24473,19951,20184
24474,48685,48764
24475,50094,50193
24476,4905,5126
24477,50733,50833
24478,27029,27268
24479,578,787
24480,56701,56816
24481,24275,24512
24482,20700,20935
24483,14810,15035
24484,12696,12920
24485,24933,25170
24486,12797,13021
24487,26277,26516
24488,2453,2666
24489,37216,37489
24490,54962,55073
24491,17501,17730
24492,50875,50976
24493,47088,47373
24494,49297,49377
24495,11363,11587
24496,16085,16310
24497,10570,10794
24498,51807,51912
24499,15932,16157
24500,27793,28032
24501,36500,36772
24502,13014,13238
24503,49161,49241
24504,21294,21529
24505,8323,8545
24506,7132,7354
24507,15862,16087
24508,20210,20443
24509,8739,8962
24510,22214,22450
24511,43,251
24512,4788,5009
24513,20575,20810
24514,16219,16444
24515,50693,50793
24516,26837,27076
24517,51327,51428
24518,49896,49992
24519,48178,48257
24520,18599,18829
24521,20197,20430
24522,30329,30568
24523,23976,24213
24524,50908,51009
24525,22636,22873
24526,1254,1465
24527,7881,8103
24528,35084,35346
24529,13546,13770
24530,13880,14105
24531,14388,14613
24532,36462,36734
24533,46616,46899
24534,14549,14774
24535,30905,31144
24536,39003,39276
24537,39071,39344
24538,14361,14586
24539,7147,7369
24540,19577,19809
24541,55832,55946
24542,16861,17088
24543,27741,27980
24544,47886,47964
24545,56729,56844
24546,33176,33422
24547,40383,40658
24548,38793,39066
24549,40472,40747
24550,32208,32451
24551,56815,56930
24552,43829,44106
24553,41807,42083
24554,53381,53490
24555,28021,28260
24556,34428,34678
24557,27063,27302
24558,18894,19125
24559,4949,5170
24560,11302,11526
24561,26117,26356
24562,53416,53525
24563,31701,31942
24564,20943,21178
24565,49389,49469
24566,51282,51383
24567,9716,9940
24568,12657,12881
24569,9418,9641
24570,13633,13857
24571,11128,11352
24572,25034,25271
24573,4962,5183
24574,25083,25321
24575,40077,40351
24576,40915,41190
24577,16639,16866
24578,39238,39511
24579,13473,13697
24580,13978,14203
24581,21019,21254
24582,10139,10363
24583,13225,13449
24584,15094,15319
24585,2339,2551
24586,10853,11077
24587,52936,53043
24588,17311,17540
24589,31099,31339
24590,3511,3727
24591,26928,27167
24592,53057,53164
24593,15835,16060
24594,18448,18678
24595,39209,39482
24596,12328,12552
24597,20881,21116
24598,561,770
24599,31228,31469
24600,51006,51107
24601,37488,37761
24602,43884,44161
24603,18564,18794
24604,11387,11611
24605,14202,14427
24606,29953,30192
24607,27229,27468
24608,11752,11976
24609,42873,43150
24610,54644,54755
24611,35051,35313
24612,55552,55666
24613,19179,19410
24614,47253,47538
24615,24438,24675
24616,31123,31363
24617,9751,9975
24618,8801,9024
24619,44943,45220
24620,6945,7167
24621,31513,31754
24622,29926,30165
24623,3696,3914
24624,27517,27756
24625,49473,49553
24626,25941,26180
24627,1274,1485
24628,14389,14614
24629,23441,23678
24630,20194,20427
24631,26744,26983
24632,12831,13055
24633,30366,30605
24634,32565,32808
24635,38039,38312
24636,37988,38261
24637,54867,54978
24638,19172,19403
24639,6826,7047
24640,51247,51348
24641,47308,47593
24642,20413,20646
24643,25709,25947
24644,45033,45310
24645,50893,50994
24646,24415,24652
24647,34693,34950
24648,53152,53259
24649,33527,33773
24650,51240,51341
24651,3747,3965
24652,17793,18022
24653,16027,16252
24654,51574,51675
24655,5539,5760
24656,16572,16797
24657,48350,48429
24658,32790,33033
24659,15313,15538
24660,3985,4203
24661,30031,30270
24662,44363,44640
24663,56098,56212
24664,49700,49780
24665,38811,39084
24666,54635,54746
24667,4979,5200
24668,43549,43826
24669,12783,13007
24670,9796,10020
24671,32172,32414
24672,3314,3530
24673,13345,13569
24674,49565,49645
24675,26267,26506
24676,10833,11057
24677,18691,18921
24678,9691,9915
24679,49512,49592
24680,18660,18890
24681,28325,28564
24682,50450,50550
24683,8151,8373
24684,44661,44938
24685,25598,25836
24686,37152,37424
24687,56262,56376
24688,2369,2581
24689,31901,32143
24690,36667,36939
24691,14418,14643
24692,12842,13066
24693,46807,47091
24694,41205,41481
24695,33261,33507
24696,37743,38016
24697,55908,56022
24698,39469,39742
24699,56969,57084
24700,11941,12165
24701,44121,44398
24702,15581,15806
24703,2324,2536
24704,41237,41513
24705,37017,37289
24706,9896,10120
24707,21547,21783
24708,2713,2927
24709,12074,12298
24710,18590,18820
24711,339,548
24712,15804,16029
24713,46486,46769
24714,52675,52782
24715,9597,9821
24716,16214,16439
24717,15025,15250
24718,27530,27769
24719,2375,2587
24720,27951,28190
24721,24592,24829
24722,42517,42793
24723,47348,47633
24724,50361,50461
24725,10947,11171
24726,21422,21658
24727,36708,36980
24728,42806,43083
24729,36382,36654
24730,245,453
24731,44558,44835
24732,53167,53274
24733,55365,55479
24734,31592,31833
24735,49304,49384
24736,33611,33857
24737,34891,35149
24738,41887,42163
24739,46288,46569
24740,31953,32195
24741,23148,23385
24742,12743,12967
24743,21231,21466
24744,17549,17778
24745,24583,24820
24746,14074,14299
24747,13997,14222
24748,35210,35472
24749,2594,2808
24750,47430,47715
24751,56961,57076
24752,55375,55489
24753,53508,53617
24754,3131,3347
24755,14612,14837
24756,3414,3630
24757,22301,22537
24758,13330,13554
24759,33374,33620
24760,54793,54904
24761,445,654
24762,7405,7627
24763,32520,32763
24764,42543,42820
24765,32343,32586
24766,34687,34944
24767,31690,31931
24768,35100,35362
24769,6399,6620
24770,14774,14999
24771,31605,31846
24772,37853,38126
24773,54318,54429
24774,18950,19181
24775,21958,22194
24776,23905,24142
24777,11059,11283
24778,36689,36961
24779,24130,24367
24780,35180,35442
24781,46384,46665
24782,25714,25952
24783,2074,2285
24784,54400,54511
24785,28303,28542
24786,37201,37474
24787,5553,5774
24788,37901,38174
24789,42706,42983
24790,28450,28689
24791,10750,10974
24792,55884,55998
24793,35569,35833
24794,11400,11624
24795,40814,41089
24796,40657,40931
24797,29076,29315
24798,5036,5257
24799,45901,46180
24800,632,842
24801,25460,25698
24802,11058,11282
24803,10328,10552
24804,4602,4823
24805,1500,1711
24806,1413,1624
24807,22500,22736
24808,14431,14656
24809,39664,39938
24810,5759,5980
24811,5470,5691
24812,33755,34002
24813,37060,37332
24814,10349,10573
24815,55777,55891
24816,2983,3198
24817,40604,40879
24818,10271,10495
24819,52980,53087
24820,46401,46682
24821,26854,27093
24822,14542,14767
24823,43892,44169
24824,37351,37624
24825,36532,36804
24826,50919,51020
24827,40459,40734
24828,12449,12673
24829,45113,45390
24830,42339,42615
24831,56311,56426
24832,4794,5015
24833,46411,46692
24834,9016,9239
24835,1982,2193
24836,56639,56754
24837,30269,30508
24838,32765,33008
24839,22448,22684
24840,7982,8204
24841,45692,45971
24842,39319,39592
24843,24663,24900
24844,24045,24282
24845,34557,34814
24846,28114,28353
24847,40172,40446
24848,5986,6207
24849,25185,25423
24850,18039,18269
24851,46290,46571
24852,30540,30779
24853,23215,23452
24854,4575,4796
24855,21619,21855
24856,55450,55564
24857,50292,50392
24858,26930,27169
24859,11971,12195
24860,33226,33472
24861,50353,50453
24862,37892,38165
24863,20276,20509
24864,17153,17382
24865,21131,21366
24866,46082,46363
24867,31710,31951
24868,46789,47073
24869,26823,27062
24870,17196,17425
24871,33396,33642
24872,55373,55487
24873,42994,43271
24874,29475,29714
24875,10183,10407
24876,13440,13664
24877,55973,56087
24878,33577,33823
24879,7060,7282
24880,33254,33500
24881,9472,9695
24882,2846,3060
24883,33373,33619
24884,11568,11792
24885,42258,42534
24886,34880,35138
24887,15724,15949
24888,30964,31203
24889,7194,7416
24890,49397,49477
24891,47585,47870
24892,12380,12604
24893,55810,55924
24894,50316,50416
24895,30507,30746
24896,3752,3970
24897,47859,47937
24898,49885,49981
24899,37001,37273
24900,41090,41366
24901,17865,18094
24902,19688,19921
24903,39213,39486
24904,46252,46533
24905,51078,51179
24906,20547,20782
24907,38948,39221
24908,17201,17430
24909,34834,35091
24910,3809,4027
24911,14427,14652
24912,15260,15485
24913,40407,40682
24914,37727,38000
24915,27812,28051
24916,33120,33364
24917,5055,5276
24918,583,792
24919,41533,41809
24920,18493,18723
24921,1568,1779
24922,29745,29984
24923,24027,24264
24924,9623,9847
24925,9047,9270
24926,2077,2288
24927,28628,28867
24928,25358,25596
24929,31733,31974
24930,50694,50794
24931,46305,46586
24932,22105,22341
24933,53438,53547
24934,16086,16311
24935,10931,11155
24936,25642,25880
24937,40819,41094
24938,12706,12930
24939,38918,39191
24940,38923,39196
24941,20904,21139
24942,17889,18118
24943,20707,20942
24944,16476,16701
24945,56259,56373
24946,26069,26308
24947,30954,31193
24948,25181,25419
24949,33009,33252
24950,18844,19075
24951,39527,39801
24952,37132,37404
24953,39960,40234
24954,48298,48377
24955,22374,22610
24956,2723,2937
24957,10434,10658
24958,4596,4817
24959,25217,25455
24960,20733,20968
24961,50954,51055
24962,27546,27785
24963,36775,37047
24964,44904,45181
24965,32272,32515
24966,38843,39116
24967,33973,34220
24968,5515,5736
24969,54288,54399
24970,55794,55908
24971,40117,40391
24972,16707,16934
24973,51999,52104
24974,41637,41913
24975,21192,21427
24976,36569,36841
24977,35721,35986
24978,25717,25955
24979,16762,16989
24980,20263,20496
24981,4183,4404
24982,3093,3308
24983,29177,29416
24984,39178,39451
24985,55912,56026
24986,8228,8450
24987,43917,44194
24988,28224,28463
24989,34390,34640
24990,47820,213
24991,42541,42818
24992,25788,26026
24993,35611,35875
24994,7325,7547
24995,28839,29078
24996,49819,49899
24997,32791,33034
24998,51935,52040
24999,44414,44691
25000,54679,54790
25001,16962,17189
25002,19068,19299
25003,12805,13029
25004,32536,32779
25005,19853,20086
25006,49919,50015
25007,54710,54821
25008,47174,47459
25009,19525,19756
25010,333,541
25011,9033,9256
25012,39397,39670
25013,26826,27065
25014,43090,43367
25015,41038,41314
25016,26658,26897
25017,39700,39974
25018,42002,42278
25019,55564,55678
25020,9155,9378
25021,20994,21229
25022,39043,39316
25023,15666,15891
25024,46415,46696
25025,18167,18397
25026,38120,38393
25027,45170,45447
25028,18359,18589
25029,11076,11300
25030,19641,19874
25031,7820,8042
25032,27483,27722
25033,47438,47723
25034,6694,6915
25035,9834,10058
25036,24975,25212
25037,43499,43776
25038,45660,45939
25039,22343,22579
25040,17947,18176
25041,33362,33608
25042,14740,14965
25043,11896,12120
25044,21208,21443
25045,52533,52640
25046,56818,56933
25047,41974,42250
25048,21701,21937
25049,28644,28883
25050,29043,29282
25051,31743,31984
25052,44667,44944
25053,14186,14411
25054,21103,21338
25055,36693,36965
25056,7331,7553
25057,1302,1513
25058,6267,6488
25059,9853,10077
25060,21250,21485
25061,11016,11240
25062,35456,35719
25063,51179,51280
25064,25461,25699
25065,16345,16570
25066,17337,17566
25067,43192,43469
25068,22899,23136
25069,45882,46161
25070,7548,7770
25071,12325,12549
25072,9521,9745
25073,13718,13942
25074,10119,10343
25075,50108,50207
25076,32688,32931
25077,40631,40906
25078,9161,9384
25079,25776,26014
25080,7538,7760
25081,28402,28641
25082,52059,52164
25083,17769,17998
25084,11340,11564
25085,43546,43823
25086,13426,13650
25087,27250,27489
25088,37057,37329
25089,49956,50052
25090,44355,44632
25091,45143,45420
25092,13615,13839
25093,29968,30207
25094,11605,11829
25095,7775,7997
25096,28699,28938
25097,18180,18410
25098,24968,25205
25099,12125,12349
25100,5257,5478
25101,4890,5111
25102,9540,9764
25103,23153,23390
25104,14193,14418
25105,16253,16478
25106,46204,46485
25107,20722,20957
25108,27273,27512
25109,44964,45241
25110,56335,56450
25111,32734,32977
25112,38719,38992
25113,37771,38044
25114,2816,3030
25115,34885,35143
25116,10486,10710
25117,18131,18361
25118,35214,35476
25119,36344,36616
25120,14707,14932
25121,29690,29929
25122,10775,10999
25123,51272,51373
25124,27508,27747
25125,10632,10856
25126,158,366
25127,37902,38175
25128,3561,3777
25129,47054,47339
25130,19564,19795
25131,621,831
25132,923,1133
25133,54487,54598
25134,40842,41117
25135,41236,41512
25136,56663,56778
25137,46636,46919
25138,26811,27050
25139,8807,9030
25140,15276,15501
25141,38745,39018
25142,48907,48986
25143,52631,52738
25144,49203,49283
25145,18566,18796
25146,12192,12416
25147,18107,18337
25148,33682,33928
25149,14657,14882
25150,11978,12202
25151,26575,26814
25152,6000,6221
25153,3304,3520
25154,11630,11854
25155,42,250
25156,42324,42600
25157,39685,39959
25158,36110,36381
25159,30183,30422
25160,5919,6140
25161,18457,18687
25162,39925,40199
25163,15616,15841
25164,34453,34703
25165,28704,28943
25166,31498,31739
25167,30833,31072
25168,40895,41170
25169,38221,38494
25170,31354,31595
25171,48203,48282
25172,31414,31655
25173,18420,18650
25174,26222,26461
25175,9906,10130
25176,38092,38365
25177,11713,11937
25178,14745,14970
25179,738,948
25180,39056,39329
25181,32617,32860
25182,33570,33816
25183,33392,33638
25184,3337,3553
25185,10575,10799
25186,40272,40547
25187,25727,25965
25188,52129,52234
25189,45582,45861
25190,13075,13299
25191,52582,52689
25192,47418,47703
25193,2790,3004
25194,52003,52108
25195,15435,15660
25196,19518,19749
25197,38144,38417
25198,3147,3363
25199,23242,23479
25200,9500,9724
25201,25722,25960
25202,14511,14736
25203,2521,2735
25204,56858,56973
25205,22174,22410
25206,22990,23227
25207,6377,6598
25208,8952,9175
25209,35320,35582
25210,35615,35879
25211,20471,20706
25212,54559,54670
25213,48517,48596
25214,40884,41159
25215,47850,47928
25216,4822,5043
25217,26699,26938
25218,43532,43809
25219,24133,24370
25220,3207,3423
25221,43116,43393
25222,10754,10978
25223,28901,29140
25224,35515,35778
25225,11434,11658
25226,20009,20242
25227,49653,49733
25228,269,477
25229,36445,36717
25230,48672,48751
25231,13780,14005
25232,40706,40980
25233,11040,11264
25234,18679,18909
25235,32556,32799
25236,5177,5398
25237,3870,4088
25238,49204,49284
25239,35503,35766
25240,40348,40623
25241,32324,32567
25242,53496,53605
25243,16322,16547
25244,41042,41318
25245,31341,31582
25246,43673,43950
25247,56250,56364
25248,2249,2461
25249,34254,34504
25250,42719,42996
25251,50805,50906
25252,22244,22480
25253,34157,34407
25254,31833,32075
25255,6099,6320
25256,55174,55287
25257,47319,47604
25258,54259,54370
25259,17974,18204
25260,12956,13180
25261,45161,45438
25262,54188,54299
25263,54828,54939
25264,55292,55405
25265,2670,2884
25266,10448,10672
25267,30797,31036
25268,1520,1731
25269,34266,34516
25270,41206,41482
25271,29472,29711
25272,25290,25528
25273,1749,1960
25274,24400,24637
25275,31212,31452
25276,723,933
25277,54706,54817
25278,8541,8763
25279,23077,23314
25280,40686,40960
25281,47124,47409
25282,5119,5340
25283,21927,22163
25284,28522,28761
25285,203,411
25286,24898,25135
25287,6789,7010
25288,37073,37345
25289,47416,47701
25290,4626,4847
25291,8887,9110
25292,11171,11395
25293,2662,2876
25294,43742,44019
25295,44031,44308
25296,7454,7676
25297,33235,33481
25298,35370,35633
25299,54525,54636
25300,43775,44052
25301,18323,18553
25302,6005,6226
25303,26678,26917
25304,56725,56840
25305,16551,16776
25306,55729,55843
25307,24077,24314
25308,7783,8005
25309,37244,37517
25310,13845,14070
25311,54717,54828
25312,54163,54274
25313,30462,30701
25314,37855,38128
25315,24658,24895
25316,13972,14197
25317,50836,50937
25318,20402,20635
25319,40709,40984
25320,4236,4457
25321,24223,24460
25322,56852,56967
25323,56515,56630
25324,2801,3015
25325,6023,6244
25326,4420,4641
25327,53561,53671
25328,13342,13566
25329,24690,24927
25330,38962,39235
25331,44911,45188
25332,40797,41072
25333,14871,15096
25334,49050,49129
25335,43157,43434
25336,51250,51351
25337,26684,26923
25338,29238,29477
25339,7344,7566
25340,33238,33484
25341,35991,36257
25342,53599,53709
25343,33891,34138
25344,45698,45977
25345,14767,14992
25346,35528,35791
25347,3559,3775
25348,27076,27315
25349,1510,1721
25350,31873,32115
25351,56864,56979
25352,1820,2031
25353,35776,36041
25354,31935,32177
25355,8014,8236
25356,52879,52986
25357,50838,50939
25358,23517,23754
25359,1554,1765
25360,38976,39249
25361,38900,39173
25362,28529,28768
25363,27577,27816
25364,38978,39251
25365,46170,46451
25366,2181,2392
25367,28096,28335
25368,25528,25766
25369,13849,14074
25370,19887,20120
25371,8804,9027
25372,39622,39896
25373,31389,31630
25374,39391,39664
25375,32264,32507
25376,39382,39655
25377,5694,5915
25378,30904,31143
25379,5253,5474
25380,49829,49909
25381,715,925
25382,55660,55774
25383,686,896
25384,26904,27143
25385,44019,44296
25386,10685,10909
25387,39251,39524
25388,10758,10982
25389,21385,21621
25390,33435,33681
25391,34529,34786
25392,43466,43743
25393,33513,33759
25394,24748,24985
25395,16964,17191
25396,48696,48775
25397,44630,44907
25398,48227,48306
25399,17101,17330
25400,32530,32773
25401,17391,17620
25402,28567,28806
25403,36272,36543
25404,10371,10595
25405,47916,47994
25406,41094,41370
25407,3334,3550
25408,50757,50857
25409,32491,32734
25410,48100,48179
25411,40793,41068
25412,37091,37363
25413,18775,19005
25414,29081,29320
25415,55505,55619
25416,43610,43887
25417,44468,44745
25418,48316,48395
25419,29864,30103
25420,50538,50638
25421,16457,16682
25422,2228,2440
25423,35622,35886
25424,18561,18791
25425,44795,45072
25426,42249,42525
25427,34539,34796
25428,28590,28829
25429,35440,35703
25430,34000,34247
25431,26476,26715
25432,791,1001
25433,36621,36893
25434,40009,40283
25435,41201,41477
25436,16291,16516
25437,15219,15444
25438,23808,24045
25439,48557,48636
25440,2311,2523
25441,51766,51871
25442,29312,29551
25443,3372,3588
25444,37679,37952
25445,7487,7709
25446,1524,1735
25447,31284,31525
25448,41134,41410
25449,50582,50682
25450,4461,4682
25451,44328,44605
25452,41340,41616
25453,23845,24082
25454,5492,5713
25455,21381,21617
25456,8867,9090
25457,44641,44918
25458,42183,42459
25459,19401,19632
25460,32587,32830
25461,38498,38771
25462,39768,40042
25463,44838,45115
25464,48785,48864
25465,56972,57087
25466,53043,53150
25467,38140,38413
25468,15521,15746
25469,50059,50157
25470,8257,8479
25471,22216,22452
25472,22002,22238
25473,458,667
25474,50972,51073
25475,28242,28481
25476,54381,54492
25477,47835,228
25478,27217,27456
25479,6902,7123
25480,12141,12365
25481,37039,37311
25482,13217,13441
25483,8407,8629
25484,37011,37283
25485,11412,11636
25486,24329,24566
25487,45929,46208
25488,26817,27056
25489,21850,22086
25490,2006,2217
25491,46198,46479
25492,51579,51680
25493,54025,54136
25494,17077,17306
25495,19666,19899
25496,20666,20901
25497,536,745
25498,14898,15123
25499,53515,53624
25500,23780,24017
25501,952,1162
25502,35472,35735
25503,39113,39386
25504,38348,38621
25505,47012,47297
25506,38315,38588
25507,12482,12706
25508,2987,3202
25509,52023,52128
25510,13102,13326
25511,16796,17023
25512,6956,7178
25513,23254,23491
25514,41586,41862
25515,42037,42313
25516,53715,53825
25517,14310,14535
25518,36817,37089
25519,55045,55158
25520,48351,48430
25521,11248,11472
25522,598,807
25523,3933,4151
25524,30922,31161
25525,4261,4482
25526,2293,2505
25527,18961,19192
25528,54402,54513
25529,44126,44403
25530,30701,30940
25531,47112,47397
25532,11777,12001
25533,27557,27796
25534,51170,51271
25535,27913,28152
25536,10473,10697
25537,51477,51578
25538,41639,41915
25539,53902,54013
25540,268,476
25541,14531,14756
25542,49916,50012
25543,39239,39512
25544,36682,36954
25545,3426,3642
25546,50261,50361
25547,26555,26794
25548,33232,33478
25549,24894,25131
25550,55083,55196
25551,49071,49150
25552,28275,28514
25553,20447,20682
25554,35039,35301
25555,15671,15896
25556,52480,52587
25557,32137,32379
25558,41858,42134
25559,35289,35551
25560,1586,1797
25561,49039,49118
25562,11198,11422
25563,13856,14081
25564,10045,10269
25565,17664,17893
25566,36264,36535
25567,23719,23956
25568,15972,16197
25569,31918,32160
25570,22868,23105
25571,6255,6476
25572,43021,43298
25573,49690,49770
25574,19271,19502
25575,40646,40921
25576,17881,18110
25577,51238,51339
25578,40630,40905
25579,44074,44351
25580,13467,13691
25581,39734,40008
25582,31402,31643
25583,4777,4998
25584,34207,34457
25585,44790,45067
25586,54692,54803
25587,19295,19526
25588,54588,54699
25589,44256,44533
25590,18604,18834
25591,27504,27743
25592,52248,52354
25593,24297,24534
25594,54913,55024
25595,53563,53673
25596,24313,24550
25597,23339,23576
25598,45422,45700
25599,48455,48534
25600,34,242
25601,54606,54717
25602,35918,36184
25603,6802,7023
25604,33368,33614
25605,7971,8193
25606,4463,4684
25607,29451,29690
25608,52225,52331
25609,19305,19536
25610,21709,21945
25611,50852,50953
25612,1864,2075
25613,32826,33069
25614,42033,42309
25615,1459,1670
25616,50397,50497
25617,19864,20097
25618,23433,23670
25619,35610,35874
25620,33124,33368
25621,55022,55135
25622,50016,50114
25623,36442,36714
25624,42962,43239
25625,26057,26296
25626,17312,17541
25627,22916,23153
25628,51079,51180
25629,7187,7409
25630,7740,7962
25631,44161,44438
25632,16028,16253
25633,8447,8669
25634,44965,45242
25635,35582,35846
25636,55382,55496
25637,55050,55163
25638,32136,32378
25639,42988,43265
25640,3508,3724
25641,46899,47184
25642,33992,34239
25643,13277,13501
25644,15447,15672
25645,44969,45246
25646,36603,36875
25647,18678,18908
25648,41709,41985
25649,34624,34881
25650,28577,28816
25651,9566,9790
25652,42439,42715
25653,21908,22144
25654,21826,22062
25655,3275,3491
25656,55638,55752
25657,48126,48205
25658,54669,54780
25659,52264,52370
25660,19867,20100
25661,2348,2560
25662,23327,23564
25663,43365,43642
25664,20027,20260
25665,1089,1299
25666,1512,1723
25667,20308,20541
25668,56509,56624
25669,8829,9052
25670,42538,42815
25671,34178,34428
25672,4039,4257
25673,55220,55333
25674,8184,8406
25675,33935,34182
25676,33320,33566
25677,53264,53371
25678,12201,12425
25679,41707,41983
25680,8021,8243
25681,18850,19081
25682,13954,14179
25683,53912,54023
25684,21029,21264
25685,24234,24471
25686,43041,43318
25687,14063,14288
25688,42768,43045
25689,13086,13310
25690,41325,41601
25691,9953,10177
25692,40882,41157
25693,40212,40487
25694,16812,17039
25695,5042,5263
25696,54277,54388
25697,1416,1627
25698,2448,2661
25699,23250,23487
25700,27663,27902
25701,29230,29469
25702,34869,35126
25703,6565,6786
25704,35810,36075
25705,19470,19701
25706,55953,56067
25707,56942,57057
25708,5991,6212
25709,49953,50049
25710,8189,8411
25711,3316,3532
25712,48566,48645
25713,25813,26051
25714,41451,41727
25715,56611,56726
25716,21887,22123
25717,186,394
25718,53343,53451
25719,908,1118
25720,33763,34010
25721,17358,17587
25722,42661,42938
25723,34524,34781
25724,10722,10946
25725,38885,39158
25726,35190,35452
25727,24222,24459
25728,17019,17248
25729,24999,25236
25730,14210,14435
25731,25639,25877
25732,51387,51488
25733,39452,39725
25734,45491,45770
25735,51833,51938
25736,16580,16805
25737,36366,36638
25738,40972,41248
25739,1832,2043
25740,11474,11698
25741,44265,44542
25742,43117,43394
25743,15519,15744
25744,47633,47918
25745,47749,142
25746,41717,41993
25747,1744,1955
25748,41410,41686
25749,40361,40636
25750,40599,40874
25751,5427,5648
25752,13963,14188
25753,42377,42653
25754,2956,3171
25755,28620,28859
25756,40610,40885
25757,42585,42862
25758,6244,6465
25759,39979,40253
25760,54291,54402
25761,49492,49572
25762,43848,44125
25763,3136,3352
25764,36408,36680
25765,22221,22457
25766,2610,2824
25767,18137,18367
25768,9206,9429
25769,3213,3429
25770,1190,1400
25771,42150,42426
25772,27808,28047
25773,35366,35629
25774,15974,16199
25775,49560,49640
25776,10297,10521
25777,16953,17180
25778,33279,33525
25779,24747,24984
25780,1977,2188
25781,18260,18490
25782,31358,31599
25783,27995,28234
25784,19740,19973
25785,45454,45733
25786,18344,18574
25787,52935,53042
25788,47123,47408
25789,27684,27923
25790,47935,48013
25791,29547,29786
25792,48551,48630
25793,51841,51946
25794,12526,12750
25795,8358,8580
25796,4915,5136
25797,43687,43964
25798,24993,25230
25799,24989,25226
25800,53928,54039
25801,16510,16735
25802,14262,14487
25803,48926,49005
25804,30035,30274
25805,21572,21808
25806,9964,10188
25807,26749,26988
25808,7667,7889
25809,2060,2271
25810,45917,46196
25811,31791,32033
25812,23841,24078
25813,48654,48733
25814,27750,27989
25815,24547,24784
25816,49803,49883
25817,35647,35911
25818,24739,24976
25819,30365,30604
25820,14892,15117
25821,12528,12752
25822,51497,51598
25823,26768,27007
25824,27009,27248
25825,30490,30729
25826,3047,3262
25827,44125,44402
25828,56647,56762
25829,4898,5119
25830,43078,43355
25831,15092,15317
25832,42556,42833
25833,53059,53166
25834,5233,5454
25835,51921,52026
25836,23399,23636
25837,33509,33755
25838,45861,46140
25839,17429,17658
25840,43881,44158
25841,44239,44516
25842,45067,45344
25843,10639,10863
25844,27374,27613
25845,41958,42234
25846,9324,9547
25847,39737,40011
25848,9806,10030
25849,37598,37871
25850,46944,47229
25851,32809,33052
25852,41127,41403
25853,52821,52928
25854,34565,34822
25855,23834,24071
25856,10956,11180
25857,8796,9019
25858,10154,10378
25859,3051,3266
25860,5649,5870
25861,14001,14226
25862,22791,23028
25863,8320,8542
25864,25650,25888
25865,34636,34893
25866,45126,45403
25867,28855,29094
25868,56739,56854
25869,24971,25208
25870,28914,29153
25871,2313,2525
25872,45224,45502
25873,24349,24586
25874,25600,25838
25875,10108,10332
25876,56595,56710
25877,33084,33327
25878,30176,30415
25879,1119,1329
25880,25796,26034
25881,21101,21336
25882,3580,3796
25883,13274,13498
25884,3349,3565
25885,28043,28282
25886,45496,45775
25887,35319,35581
25888,45124,45401
25889,34451,34701
25890,6957,7179
25891,52444,52551
25892,20081,20314
25893,35154,35416
25894,42521,42797
25895,54665,54776
25896,52136,52241
25897,36024,36295
25898,3340,3556
25899,39298,39571
25900,4100,4321
25901,28162,28401
25902,7806,8028
25903,21841,22077
25904,22492,22728
25905,36566,36838
25906,35124,35386
25907,11812,12036
25908,226,434
25909,11847,12071
25910,14811,15036
25911,10198,10422
25912,16908,17135
25913,345,554
25914,13812,14037
25915,40225,40500
25916,2295,2507
25917,34625,34882
25918,48166,48245
25919,35956,36222
25920,32387,32630
25921,51546,51647
25922,47269,47554
25923,12859,13083
25924,49652,49732
25925,18817,19048
25926,8162,8384
25927,54240,54351
25928,109,317
25929,55052,55165
25930,56624,56739
25931,19757,19990
25932,37034,37306
25933,27988,28227
25934,39484,39757
25935,19345,19576
25936,46489,46772
25937,41745,42021
25938,11976,12200
25939,50170,50269
25940,56656,56771
25941,36211,36482
25942,35127,35389
25943,6833,7054
25944,4741,4962
25945,26285,26524
25946,38349,38622
25947,17716,17945
25948,38279,38552
25949,54509,54620
25950,31716,31957
25951,17750,17979
25952,55053,55166
25953,50412,50512
25954,11759,11983
25955,18579,18809
25956,40544,40819
25957,23010,23247
25958,53060,53167
25959,56220,56334
25960,12868,13092
25961,4694,4915
25962,30821,31060
25963,7369,7591
25964,41030,41306
25965,35262,35524
25966,25094,25332
25967,12682,12906
25968,42043,42319
25969,23461,23698
25970,34572,34829
25971,2715,2929
25972,40044,40318
25973,43617,43894
25974,40623,40898
25975,5099,5320
25976,12421,12645
25977,9344,9567
25978,14438,14663
25979,34804,35061
25980,22108,22344
25981,51354,51455
25982,2051,2262
25983,35579,35843
25984,43423,43700
25985,3769,3987
25986,3824,4042
25987,11528,11752
25988,21737,21973
25989,55327,55440
25990,52438,52545
25991,19780,20013
25992,737,947
25993,18605,18835
25994,28852,29091
25995,45316,45594
25996,38996,39269
25997,12452,12676
25998,9588,9812
25999,5035,5256
26000,26775,27014
26001,23128,23365
26002,911,1121
26003,47070,47355
26004,54033,54144
26005,213,421
26006,20921,21156
26007,25293,25531
26008,2043,2254
26009,38494,38767
26010,34720,34977
26011,56190,56304
26012,31594,31835
26013,30746,30985
26014,49259,49339
26015,50641,50741
26016,44754,45031
26017,51552,51653
26018,37509,37782
26019,17346,17575
26020,11728,11952
26021,45120,45397
26022,74,282
26023,25578,25816
26024,24641,24878
26025,4416,4637
26026,17774,18003
26027,33158,33404
26028,38106,38379
26029,44733,45010
26030,17184,17413
26031,47292,47577
26032,53432,53541
26033,9273,9496
26034,51614,51717
26035,36773,37045
26036,48388,48467
26037,2284,2496
26038,4609,4830
26039,39380,39653
26040,22242,22478
26041,50142,50241
26042,15306,15531
26043,16217,16442
26044,22248,22484
26045,22147,22383
26046,9745,9969
26047,13392,13616
26048,25921,26160
26049,26440,26679
26050,47832,225
26051,44517,44794
26052,43491,43768
26053,28310,28549
26054,11530,11754
26055,10782,11006
26056,2105,2316
26057,7169,7391
26058,20143,20376
26059,24765,25002
26060,44508,44785
26061,2542,2756
26062,27646,27885
26063,34663,34920
26064,4246,4467
26065,51110,51211
26066,56003,56117
26067,2958,3173
26068,18385,18615
26069,16033,16258
26070,42475,42751
26071,16309,16534
26072,54474,54585
26073,44199,44476
26074,23597,23834
26075,29028,29267
26076,4468,4689
26077,29737,29976
26078,26926,27165
26079,56757,56872
26080,53892,54003
26081,10733,10957
26082,36106,36377
26083,19197,19428
26084,5899,6120
26085,23462,23699
26086,50259,50359
26087,10688,10912
26088,46371,46652
26089,26250,26489
26090,37510,37783
26091,49748,49828
26092,9809,10033
26093,5022,5243
26094,30182,30421
26095,29826,30065
26096,38230,38503
26097,7011,7233
26098,40374,40649
26099,54437,54548
26100,43522,43799
26101,32528,32771
26102,41649,41925
26103,32596,32839
26104,12428,12652
26105,18482,18712
26106,26996,27235
26107,22078,22314
26108,56749,56864
26109,7476,7698
26110,14334,14559
26111,39057,39330
26112,6296,6517
26113,35723,35988
26114,28241,28480
26115,45625,45904
26116,10814,11038
26117,27928,28167
26118,42052,42328
26119,18328,18558
26120,28663,28902
26121,36803,37075
26122,37245,37518
26123,9080,9303
26124,42184,42460
26125,8417,8639
26126,21450,21686
26127,2859,3073
26128,17653,17882
26129,5293,5514
26130,41290,41566
26131,28710,28949
26132,38079,38352
26133,21681,21917
26134,53619,53729
26135,38840,39113
26136,21812,22048
26137,20748,20983
26138,18305,18535
26139,32065,32307
26140,1303,1514
26141,27198,27437
26142,51059,51160
26143,20877,21112
26144,16547,16772
26145,39684,39958
26146,7829,8051
26147,11958,12182
26148,15,16
26149,1900,2111
26150,13903,14128
26151,25063,25301
26152,14174,14399
26153,16459,16684
26154,7483,7705
26155,22777,23014
26156,8217,8439
26157,4993,5214
26158,24606,24843
26159,40998,41274
26160,1121,1331
26161,27653,27892
26162,9699,9923
26163,4939,5160
26164,1559,1770
26165,33100,33343
26166,23283,23520
26167,18196,18426
26168,12519,12743
26169,15400,15625
26170,19589,19821
26171,51152,51253
26172,7670,7892
26173,41617,41893
26174,14864,15089
26175,34626,34883
26176,32760,33003
26177,55768,55882
26178,55001,55114
26179,43434,43711
26180,53281,53388
26181,7833,8055
26182,10272,10496
26183,1404,1615
26184,33367,33613
26185,43052,43329
26186,21289,21524
26187,26545,26784
26188,49648,49728
26189,55813,55927
26190,42157,42433
26191,17162,17391
26192,5968,6189
26193,47705,98
26194,8565,8787
26195,14430,14655
26196,11719,11943
26197,41045,41321
26198,44962,45239
26199,3551,3767
26200,27088,27327
26201,24448,24685
26202,33006,33249
26203,8684,8906
26204,25252,25490
26205,507,716
26206,43310,43587
26207,51312,51413
26208,9043,9266
26209,37167,37440
26210,47965,48043
26211,27971,28210
26212,29606,29845
26213,29961,30200
26214,11838,12062
26215,626,836
26216,27701,27940
26217,23494,23731
26218,12844,13068
26219,15937,16162
26220,4205,4426
26221,47147,47432
26222,53961,54072
26223,37210,37483
26224,31722,31963
26225,45560,45839
26226,56015,56129
26227,10199,10423
26228,13239,13463
26229,39262,39535
26230,17092,17321
26231,30674,30913
26232,45977,46258
26233,1215,1425
26234,45561,45840
26235,1440,1651
26236,15488,15713
26237,24750,24987
26238,32996,33239
26239,51382,51483
26240,55421,55535
26241,36118,36389
26242,51648,51751
26243,448,657
26244,22767,23004
26245,48045,48123
26246,13338,13562
26247,9196,9419
26248,31934,32176
26249,19017,19248
26250,15161,15386
26251,26519,26758
26252,55749,55863
26253,45682,45961
26254,18938,19169
26255,7669,7891
26256,36634,36906
26257,19686,19919
26258,44196,44473
26259,32633,32876
26260,53807,53917
26261,18748,18978
26262,41808,42084
26263,42054,42330
26264,44930,45207
26265,6530,6751
26266,11612,11836
26267,48076,48154
26268,11539,11763
26269,33225,33471
26270,15933,16158
26271,35082,35344
26272,11146,11370
26273,9718,9942
26274,31783,32025
26275,6513,6734
26276,52923,53030
26277,24417,24654
26278,456,665
26279,26713,26952
26280,51754,51859
26281,12678,12902
26282,9279,9502
26283,8118,8340
26284,40723,40998
26285,23305,23542
26286,36318,36590
26287,4638,4859
26288,56869,56984
26289,13278,13502
26290,45073,45350
26291,23008,23245
26292,25247,25485
26293,53888,53999
26294,47537,47822
26295,43651,43928
26296,9291,9514
26297,31787,32029
26298,11277,11501
26299,7028,7250
26300,42483,42759
26301,28801,29040
26302,14094,14319
26303,3288,3504
26304,6552,6773
26305,25357,25595
26306,22745,22982
26307,27883,28122
26308,11774,11998
26309,41230,41506
26310,9337,9560
26311,34627,34884
26312,13807,14032
26313,3436,3652
26314,54196,54307
26315,37520,37793
26316,53968,54079
26317,45907,46186
26318,3266,3482
26319,26982,27221
26320,19094,19325
26321,2752,2966
26322,33103,33346
26323,20058,20291
26324,18967,19198
26325,42749,43026
26326,54638,54749
26327,618,828
26328,35194,35456
26329,55059,55172
26330,41370,41646
26331,20658,20893
26332,28638,28877
26333,6301,6522
26334,17295,17524
26335,53975,54086
26336,25235,25473
26337,9920,10144
26338,18500,18730
26339,50799,50900
26340,12117,12341
26341,32169,32411
26342,10991,11215
26343,1508,1719
26344,1827,2038
26345,54681,54792
26346,50422,50522
26347,21292,21527
26348,43957,44234
26349,4299,4520
26350,45423,45701
26351,43662,43939
26352,46527,46810
26353,52803,52910
26354,36717,36989
26355,26381,26620
26356,965,1175
26357,5571,5792
26358,8495,8717
26359,31741,31982
26360,32591,32834
26361,54200,54311
26362,21940,22176
26363,2242,2454
26364,22616,22853
26365,4122,4343
26366,16531,16756
26367,22488,22724
26368,37938,38211
26369,31103,31343
26370,12636,12860
26371,44931,45208
26372,50107,50206
26373,3249,3465
26374,33535,33781
26375,25766,26004
26376,35459,35722
26377,23470,23707
26378,50447,50547
26379,14272,14497
26380,28145,28384
26381,795,1005
26382,17483,17712
26383,36057,36328
26384,29323,29562
26385,41430,41706
26386,44706,44983
26387,6373,6594
26388,14793,15018
26389,53952,54063
26390,22280,22516
26391,27933,28172
26392,31802,32044
26393,42088,42364
26394,42724,43001
26395,44990,45267
26396,25177,25415
26397,10266,10490
26398,47224,47509
26399,33966,34213
26400,41879,42155
26401,51345,51446
26402,31462,31703
26403,27806,28045
26404,20185,20418
26405,30463,30702
26406,46648,46931
26407,2818,3032
26408,53735,53845
26409,42200,42476
26410,9145,9368
26411,23531,23768
26412,1368,1579
26413,19089,19320
26414,56361,56476
26415,5950,6171
26416,55307,55420
26417,45035,45312
26418,49935,50031
26419,4229,4450
26420,27014,27253
26421,36251,36522
26422,45180,45458
26423,21871,22107
26424,53638,53748
26425,18052,18282
26426,52347,52454
26427,55543,55657
26428,36129,36400
26429,20287,20520
26430,30637,30876
26431,7090,7312
26432,5441,5662
26433,16813,17040
26434,17507,17736
26435,31795,32037
26436,44753,45030
26437,54370,54481
26438,32665,32908
26439,35054,35316
26440,1946,2157
26441,31974,32216
26442,45008,45285
26443,39183,39456
26444,49770,49850
26445,23529,23766
26446,15820,16045
26447,24931,25168
26448,8960,9183
26449,46068,46349
26450,15720,15945
26451,26348,26587
26452,7154,7376
26453,52553,52660
26454,28143,28382
26455,23330,23567
26456,30798,31037
26457,28125,28364
26458,12931,13155
26459,6115,6336
26460,30636,30875
26461,37551,37824
26462,37435,37708
26463,50804,50905
26464,23510,23747
26465,55020,55133
26466,6948,7170
26467,30051,30290
26468,45574,45853
26469,47014,47299
26470,1329,1540
26471,32469,32712
26472,49596,49676
26473,27821,28060
26474,5115,5336
26475,50681,50781
26476,41565,41841
26477,28240,28479
26478,19182,19413
26479,54482,54593
26480,17448,17677
26481,29875,30114
26482,1596,1807
26483,14369,14594
26484,55856,55970
26485,8611,8833
26486,37495,37768
26487,54781,54892
26488,54804,54915
26489,16008,16233
26490,17308,17537
26491,32100,32342
26492,21387,21623
26493,10702,10926
26494,48627,48706
26495,34405,34655
26496,54676,54787
26497,44213,44490
26498,13313,13537
26499,52682,52789
26500,44855,45132
26501,41004,41280
26502,52686,52793
26503,42957,43234
26504,6639,6860
26505,16475,16700
26506,11711,11935
26507,27146,27385
26508,13811,14036
26509,28058,28297
26510,37609,37882
26511,12257,12481
26512,33540,33786
26513,48710,48789
26514,18806,19037
26515,36378,36650
26516,16124,16349
26517,51652,51755
26518,45909,46188
26519,56191,56305
26520,3033,3248
26521,45657,45936
26522,45748,46027
26523,25840,26078
26524,37614,37887
26525,43474,43751
26526,26937,27176
26527,24531,24768
26528,1870,2081
26529,3474,3690
26530,33720,33967
26531,9166,9389
26532,6905,7126
26533,154,362
26534,41758,42034
26535,45419,45697
26536,20317,20550
26537,15695,15920
26538,27489,27728
26539,30680,30919
26540,12793,13017
26541,48971,49050
26542,9741,9965
26543,16911,17138
26544,25272,25510
26545,37092,37364
26546,50088,50186
26547,41937,42213
26548,7557,7779
26549,54790,54901
26550,27968,28207
26551,29234,29473
26552,14849,15074
26553,34118,34368
26554,31963,32205
26555,27091,27330
26556,12393,12617
26557,19921,20154
26558,38959,39232
26559,5748,5969
26560,15456,15681
26561,26295,26534
26562,33951,34198
26563,45743,46022
26564,19372,19603
26565,55875,55989
26566,9006,9229
26567,2962,3177
26568,2010,2221
26569,4428,4649
26570,173,381
26571,43255,43532
26572,45150,45427
26573,13135,13359
26574,19013,19244
26575,45052,45329
26576,50337,50437
26577,11044,11268
26578,39609,39883
26579,18392,18622
26580,39314,39587
26581,5705,5926
26582,55357,55471
26583,52728,52835
26584,9559,9783
26585,51926,52031
26586,55698,55812
26587,30095,30334
26588,45568,45847
26589,43973,44250
26590,53803,53913
26591,17928,18157
26592,52040,52145
26593,48932,49011
26594,47942,48020
26595,29019,29258
26596,6925,7147
26597,4519,4740
26598,7842,8064
26599,17388,17617
26600,14893,15118
26601,24162,24399
26602,4099,4320
26603,11596,11820
26604,11801,12025
26605,512,721
26606,14423,14648
26607,27578,27817
26608,9402,9625
26609,12067,12291
26610,6289,6510
26611,49542,49622
26612,36009,36280
26613,19931,20164
26614,2549,2763
26615,7177,7399
26616,40816,41091
26617,45618,45897
26618,54171,54282
26619,8498,8720
26620,13182,13406
26621,19852,20085
26622,49904,50000
26623,34423,34673
26624,53886,53997
26625,8899,9122
26626,11227,11451
26627,44093,44370
26628,50743,50843
26629,27983,28222
26630,9777,10001
26631,7098,7320
26632,30377,30616
26633,53483,53592
26634,18630,18860
26635,34637,34894
26636,42782,43059
26637,28637,28876
26638,7481,7703
26639,31573,31814
26640,23107,23344
26641,18488,18718
26642,15308,15533
26643,45019,45296
26644,10864,11088
26645,11747,11971
26646,15760,15985
26647,55885,55999
26648,25922,26161
26649,6543,6764
26650,19388,19619
26651,48803,48882
26652,36185,36456
26653,51714,51817
26654,50506,50606
26655,6652,6873
26656,8788,9011
26657,33142,33388
26658,15434,15659
26659,50854,50955
26660,47709,102
26661,4392,4613
26662,42756,43033
26663,5769,5990
26664,30192,30431
26665,1978,2189
26666,24030,24267
26667,47974,48052
26668,51532,51633
26669,849,1059
26670,36766,37038
26671,52045,52150
26672,9895,10119
26673,49431,49511
26674,42748,43025
26675,56790,56905
26676,5549,5770
26677,9217,9440
26678,19165,19396
26679,23481,23718
26680,30389,30628
26681,44223,44500
26682,684,894
26683,16335,16560
26684,27239,27478
26685,14841,15066
26686,28537,28776
26687,15087,15312
26688,5193,5414
26689,50372,50472
26690,8782,9005
26691,37666,37939
26692,34012,34259
26693,10779,11003
26694,32027,32269
26695,35948,36214
26696,4543,4764
26697,16056,16281
26698,5552,5773
26699,29773,30012
26700,18725,18955
26701,43232,43509
26702,44254,44531
26703,56396,56511
26704,4594,4815
26705,47058,47343
26706,32442,32685
26707,52147,52252
26708,2847,3061
26709,18831,19062
26710,29719,29958
26711,44431,44708
26712,9713,9937
26713,5810,6031
26714,20031,20264
26715,4248,4469
26716,14726,14951
26717,27892,28131
26718,46040,46321
26719,37656,37929
26720,38097,38370
26721,46696,46980
26722,18923,19154
26723,43467,43744
26724,16328,16553
26725,34211,34461
26726,28546,28785
26727,40790,41065
26728,39232,39505
26729,17967,18197
26730,43719,43996
26731,17736,17965
26732,10364,10588
26733,16487,16712
26734,10029,10253
26735,15551,15776
26736,31987,32229
26737,2440,2653
26738,55946,56060
26739,46433,46714
26740,19123,19354
26741,50717,50817
26742,36502,36774
26743,6919,7141
26744,24341,24578
26745,30869,31108
26746,33157,33403
26747,19278,19509
26748,37468,37741
26749,13433,13657
26750,49107,49186
26751,13551,13775
26752,56151,56265
26753,3952,4170
26754,40837,41112
26755,11809,12033
26756,43387,43664
26757,56535,56650
26758,3364,3580
26759,42603,42880
26760,30102,30341
26761,48757,48836
26762,43382,43659
26763,17048,17277
26764,54663,54774
26765,44912,45189
26766,46487,46770
26767,13372,13596
26768,10455,10679
26769,45963,46244
26770,2522,2736
26771,52691,52798
26772,9722,9946
26773,30564,30803
26774,27367,27606
26775,23149,23386
26776,14415,14640
26777,42865,43142
26778,20640,20875
26779,40624,40899
26780,28479,28718
26781,28036,28275
26782,53338,53446
26783,13417,13641
26784,7591,7813
26785,13407,13631
26786,25350,25588
26787,8688,8910
26788,13754,13979
26789,32714,32957
26790,9157,9380
26791,12152,12376
26792,6119,6340
26793,48762,48841
26794,29987,30226
26795,4857,5078
26796,23385,23622
26797,26820,27059
26798,40002,40276
26799,26263,26502
26800,50218,50318
26801,16984,17211
26802,1587,1798
26803,56532,56647
26804,9108,9331
26805,12575,12799
26806,11220,11444
26807,28636,28875
26808,5093,5314
26809,16959,17186
26810,693,903
26811,16901,17128
26812,11842,12066
26813,1255,1466
26814,26303,26542
26815,36769,37041
26816,8871,9094
26817,37247,37520
26818,37742,38015
26819,919,1129
26820,29876,30115
26821,56257,56371
26822,20030,20263
26823,10223,10447
26824,887,1097
26825,53569,53679
26826,24119,24356
26827,12814,13038
26828,2263,2475
26829,16166,16391
26830,17089,17318
26831,28734,28973
26832,16888,17115
26833,26180,26419
26834,27114,27353
26835,23958,24195
26836,7420,7642
26837,36240,36511
26838,11192,11416
26839,473,682
26840,33422,33668
26841,5311,5532
26842,27487,27726
26843,31425,31666
26844,51701,51804
26845,23218,23455
26846,55130,55243
26847,50917,51018
26848,36933,37205
26849,4305,4526
26850,19273,19504
26851,52417,52524
26852,17833,18062
26853,41699,41975
26854,37952,38225
26855,30572,30811
26856,26774,27013
26857,38217,38490
26858,23428,23665
26859,47382,47667
26860,32397,32640
26861,46840,47124
26862,20490,20725
26863,15037,15262
26864,34372,34622
26865,45475,45754
26866,22931,23168
26867,4670,4891
26868,5243,5464
26869,51526,51627
26870,51524,51625
26871,5557,5778
26872,36874,37146
26873,54864,54975
26874,42894,43171
26875,35701,35966
26876,42484,42760
26877,14417,14642
26878,40091,40365
26879,41144,41420
26880,36069,36340
26881,27165,27404
26882,26382,26621
26883,5897,6118
26884,16111,16336
26885,10117,10341
26886,9069,9292
26887,51782,51887
26888,41071,41347
26889,12333,12557
26890,3589,3805
26891,46893,47178
26892,2967,3182
26893,12370,12594
26894,54022,54133
26895,37202,37475
26896,23519,23756
26897,18185,18415
26898,34064,34311
26899,27831,28070
26900,55766,55880
26901,52742,52849
26902,33087,33330
26903,27738,27977
26904,49420,49500
26905,12077,12301
26906,23946,24183
26907,35879,36145
26908,41731,42007
26909,43081,43358
26910,38730,39003
26911,18701,18931
26912,47447,47732
26913,53464,53573
26914,25158,25396
26915,8811,9034
26916,55840,55954
26917,28359,28598
26918,23823,24060
26919,22507,22743
26920,46801,47085
26921,24109,24346
26922,13158,13382
26923,10876,11100
26924,5191,5412
26925,32151,32393
26926,19324,19555
26927,12085,12309
26928,27326,27565
26929,23180,23417
26930,17037,17266
26931,49826,49906
26932,35001,35263
26933,14447,14672
26934,43106,43383
26935,36084,36355
26936,50056,50154
26937,10294,10518
26938,24985,25222
26939,3290,3506
26940,26010,26249
26941,44341,44618
26942,30774,31013
26943,45774,46053
26944,38810,39083
26945,11381,11605
26946,52205,52310
26947,56043,56157
26948,21555,21791
26949,54250,54361
26950,9041,9264
26951,24100,24337
26952,16538,16763
26953,22381,22617
26954,33563,33809
26955,53417,53526
26956,16391,16616
26957,28026,28265
26958,17258,17487
26959,5379,5600
26960,21778,22014
26961,32911,33154
26962,10987,11211
26963,34054,34301
26964,18020,18250
26965,38030,38303
26966,16120,16345
26967,53141,53248
26968,8448,8670
26969,28570,28809
26970,51227,51328
26971,35917,36183
26972,19920,20153
26973,31638,31879
26974,3595,3811
26975,55348,55462
26976,46327,46608
26977,14451,14676
26978,18311,18541
26979,49418,49498
26980,30128,30367
26981,6380,6601
26982,37112,37384
26983,10507,10731
26984,42511,42787
26985,23280,23517
26986,6055,6276
26987,8783,9006
26988,6014,6235
26989,21436,21672
26990,4627,4848
26991,36658,36930
26992,44714,44991
26993,55643,55757
26994,33591,33837
26995,11390,11614
26996,53260,53367
26997,7566,7788
26998,36417,36689
26999,31366,31607
27000,32490,32733
27001,14164,14389
27002,39004,39277
27003,41653,41929
27004,6708,6929
27005,53543,53652
27006,54286,54397
27007,21330,21565
27008,23649,23886
27009,13004,13228
27010,49899,49995
27011,29039,29278
27012,18543,18773
27013,12959,13183
27014,23717,23954
27015,22601,22838
27016,41957,42233
27017,11207,11431
27018,29887,30126
27019,18527,18757
27020,45923,46202
27021,34307,34557
27022,25335,25573
27023,49582,49662
27024,11005,11229
27025,19799,20032
27026,19726,19959
27027,36247,36518
27028,5344,5565
27029,42703,42980
27030,5167,5388
27031,36263,36534
27032,33482,33728
27033,45518,45797
27034,46704,46988
27035,21986,22222
27036,18229,18459
27037,13138,13362
27038,5642,5863
27039,4118,4339
27040,16929,17156
27041,11175,11399
27042,1892,2103
27043,25609,25847
27044,23111,23348
27045,26273,26512
27046,34739,34996
27047,53308,53415
27048,18558,18788
27049,24969,25206
27050,43145,43422
27051,45322,45600
27052,20399,20632
27053,10884,11108
27054,42470,42746
27055,4287,4508
27056,24040,24277
27057,35075,35337
27058,191,399
27059,7193,7415
27060,12232,12456
27061,20870,21105
27062,24781,25018
27063,16240,16465
27064,32973,33216
27065,45892,46171
27066,16829,17056
27067,34348,34598
27068,33290,33536
27069,53601,53711
27070,11393,11617
27071,43231,43508
27072,29489,29728
27073,1987,2198
27074,7861,8083
27075,52027,52132
27076,43521,43798
27077,49568,49648
27078,56835,56950
27079,55715,55829
27080,32529,32772
27081,17304,17533
27082,26164,26403
27083,51608,51711
27084,29905,30144
27085,2977,3192
27086,28056,28295
27087,9989,10213
27088,42406,42682
27089,16994,17221
27090,9514,9738
27091,44634,44911
27092,53568,53678
27093,13116,13340
27094,22095,22331
27095,56446,56561
27096,9114,9337
27097,39599,39873
27098,4686,4907
27099,38485,38758
27100,42759,43036
27101,31813,32055
27102,38275,38548
27103,39355,39628
27104,50955,51056
27105,19604,19836
27106,42217,42493
27107,1039,1249
27108,41203,41479
27109,30499,30738
27110,257,465
27111,15213,15438
27112,47121,47406
27113,48765,48844
27114,21722,21958
27115,29302,29541
27116,5019,5240
27117,21328,21563
27118,41108,41384
27119,31775,32017
27120,30268,30507
27121,3185,3401
27122,18615,18845
27123,39470,39743
27124,50281,50381
27125,41464,41740
27126,20534,20769
27127,43754,44031
27128,16973,17200
27129,54765,54876
27130,4748,4969
27131,5454,5675
27132,47956,48034
27133,44978,45255
27134,31251,31492
27135,8061,8283
27136,31190,31430
27137,9347,9570
27138,53786,53896
27139,39241,39514
27140,28236,28475
27141,43721,43998
27142,6247,6468
27143,35972,36238
27144,37327,37600
27145,37653,37926
27146,14512,14737
27147,19848,20081
27148,24392,24629
27149,24710,24947
27150,18085,18315
27151,40174,40448
27152,24643,24880
27153,2044,2255
27154,11337,11561
27155,43198,43475
27156,9423,9646
27157,47099,47384
27158,17479,17708
27159,22344,22580
27160,43628,43905
27161,52227,52333
27162,26801,27040
27163,32127,32369
27164,43498,43775
27165,33437,33683
27166,27993,28232
27167,31861,32103
27168,8333,8555
27169,2317,2529
27170,45395,45673
27171,56310,56425
27172,13537,13761
27173,22377,22613
27174,6662,6883
27175,33489,33735
27176,4516,4737
27177,40649,40924
27178,6350,6571
27179,25692,25930
27180,56403,56518
27181,42629,42906
27182,37633,37906
27183,16936,17163
27184,33545,33791
27185,17639,17868
27186,37382,37655
27187,56065,56179
27188,24901,25138
27189,56340,56455
27190,28775,29014
27191,31990,32232
27192,14053,14278
27193,46312,46593
27194,12567,12791
27195,39826,40100
27196,55312,55425
27197,27975,28214
27198,25195,25433
27199,47583,47868
27200,33649,33895
27201,53558,53668
27202,17932,18161
27203,30022,30261
27204,19285,19516
27205,27619,27858
27206,48035,48113
27207,30767,31006
27208,4990,5211
27209,7218,7440
27210,17248,17477
27211,17176,17405
27212,43571,43848
27213,36089,36360
27214,20614,20849
27215,2645,2859
27216,41910,42186
27217,40771,41046
27218,37178,37451
27219,2304,2516
27220,26646,26885
27221,46140,46421
27222,53967,54078
27223,4301,4522
27224,16395,16620
27225,8083,8305
27226,33199,33445
27227,30806,31045
27228,6987,7209
27229,38408,38681
27230,2029,2240
27231,6860,7081
27232,35258,35520
27233,45653,45932
27234,32927,33170
27235,11315,11539
27236,47387,47672
27237,25829,26067
27238,44433,44710
27239,23043,23280
27240,23032,23269
27241,7745,7967
27242,3976,4194
27243,45913,46192
27244,15858,16083
27245,28497,28736
27246,45734,46013
27247,44491,44768
27248,14372,14597
27249,52000,52105
27250,50935,51036
27251,40654,40929
27252,20887,21122
27253,40957,41233
27254,32768,33011
27255,48265,48344
27256,52700,52807
27257,52926,53033
27258,29278,29517
27259,4988,5209
27260,50047,50145
27261,54495,54606
27262,39778,40052
27263,39977,40251
27264,51092,51193
27265,48901,48980
27266,51886,51991
27267,32375,32618
27268,37737,38010
27269,15234,15459
27270,53245,53352
27271,29011,29250
27272,34973,35235
27273,2017,2228
27274,6495,6716
27275,3796,4014
27276,38842,39115
27277,29573,29812
27278,361,570
27279,33777,34024
27280,3658,3875
27281,50414,50514
27282,39932,40206
27283,33419,33665
27284,19811,20044
27285,20953,21188
27286,30154,30393
27287,10696,10920
27288,13774,13999
27289,15973,16198
27290,27788,28027
27291,50483,50583
27292,7798,8020
27293,18776,19006
27294,54510,54621
27295,6978,7200
27296,38788,39061
27297,39301,39574
27298,22606,22843
27299,38551,38824
27300,21144,21379
27301,36677,36949
27302,14376,14601
27303,25577,25815
27304,4342,4563
27305,42379,42655
27306,44156,44433
27307,34082,34332
27308,34642,34899
27309,13206,13430
27310,34531,34788
27311,21172,21407
27312,35516,35779
27313,20324,20557
27314,4896,5117
27315,44346,44623
27316,5692,5913
27317,32039,32281
27318,17443,17672
27319,3327,3543
27320,43650,43927
27321,24605,24842
27322,37918,38191
27323,5457,5678
27324,33574,33820
27325,40233,40508
27326,9577,9801
27327,12196,12420
27328,940,1150
27329,28592,28831
27330,22264,22500
27331,25893,26132
27332,10529,10753
27333,884,1094
27334,52366,52473
27335,16474,16699
27336,30274,30513
27337,32311,32554
27338,24317,24554
27339,2481,2695
27340,43385,43662
27341,14942,15167
27342,12801,13025
27343,8059,8281
27344,9858,10082
27345,51897,52002
27346,42925,43202
27347,31692,31933
27348,55497,55611
27349,3403,3619
27350,51156,51257
27351,17364,17593
27352,40494,40769
27353,25074,25312
27354,55979,56093
27355,35477,35740
27356,2990,3205
27357,30683,30922
27358,14564,14789
27359,11633,11857
27360,31765,32007
27361,30310,30549
27362,9141,9364
27363,34825,35082
27364,34520,34777
27365,24237,24474
27366,35489,35752
27367,12913,13137
27368,39675,39949
27369,29125,29364
27370,15850,16075
27371,11874,12098
27372,51857,51962
27373,54641,54752
27374,29477,29716
27375,46765,47049
27376,49686,49766
27377,53168,53275
27378,38224,38497
27379,14054,14279
27380,16702,16929
27381,5465,5686
27382,38328,38601
27383,46968,47253
27384,28314,28553
27385,49475,49555
27386,37192,37465
27387,6079,6300
27388,11183,11407
27389,51765,51870
27390,1933,2144
27391,34914,35176
27392,41436,41712
27393,8885,9108
27394,39879,40153
27395,28465,28704
27396,40567,40842
27397,2620,2834
27398,30978,31218
27399,6872,7093
27400,40555,40830
27401,26085,26324
27402,35416,35679
27403,27019,27258
27404,51742,51846
27405,48974,49053
27406,45091,45368
27407,47089,47374
27408,19031,19262
27409,47264,47549
27410,55222,55335
27411,13374,13598
27412,37831,38104
27413,55956,56070
27414,25270,25508
27415,4607,4828
27416,42018,42294
27417,45676,45955
27418,39570,39844
27419,11325,11549
27420,56482,56597
27421,43535,43812
27422,28843,29082
27423,25328,25566
27424,52775,52882
27425,33457,33703
27426,14007,14232
27427,27851,28090
27428,15639,15864
27429,24983,25220
27430,34719,34976
27431,10665,10889
27432,42281,42557
27433,26631,26870
27434,28832,29071
27435,30007,30246
27436,2975,3190
27437,13363,13587
27438,32963,33206
27439,12049,12273
27440,13512,13736
27441,9736,9960
27442,42581,42858
27443,4233,4454
27444,42022,42298
27445,43460,43737
27446,35443,35706
27447,47756,149
27448,48854,48933
27449,19650,19883
27450,55500,55614
27451,39082,39355
27452,29663,29902
27453,7936,8158
27454,712,922
27455,33128,33374
27456,47379,47664
27457,8847,9070
27458,26023,26262
27459,17026,17255
27460,17463,17692
27461,17152,17381
27462,28204,28443
27463,28720,28959
27464,46495,46778
27465,37459,37732
27466,50878,50979
27467,31439,31680
27468,1936,2147
27469,53246,53353
27470,26038,26277
27471,46799,47083
27472,39010,39283
27473,27368,27607
27474,56699,56814
27475,14654,14879
27476,1865,2076
27477,8848,9071
27478,39336,39609
27479,24619,24856
27480,44757,45034
27481,1801,2012
27482,52905,53012
27483,17027,17256
27484,45040,45317
27485,14513,14738
27486,21796,22032
27487,29562,29801
27488,28396,28635
27489,12382,12606
27490,46931,47216
27491,1541,1752
27492,20019,20252
27493,20086,20319
27494,19765,19998
27495,26026,26265
27496,16827,17054
27497,7007,7229
27498,25994,26233
27499,43553,43830
27500,34634,34891
27501,47680,73
27502,51320,51421
27503,44143,44420
27504,40275,40550
27505,7630,7852
27506,52832,52939
27507,3150,3366
27508,53024,53131
27509,35182,35444
27510,3645,3862
27511,32078,32320
27512,47667,60
27513,34399,34649
27514,44369,44646
27515,6954,7176
27516,56258,56372
27517,27248,27487
27518,11293,11517
27519,14588,14813
27520,10693,10917
27521,26796,27035
27522,15851,16076
27523,24461,24698
27524,19527,19758
27525,51860,51965
27526,4155,4376
27527,42597,42874
27528,26486,26725
27529,19260,19491
27530,55966,56080
27531,3046,3261
27532,23907,24144
27533,22153,22389
27534,52434,52541
27535,52815,52922
27536,24059,24296
27537,40546,40821
27538,42981,43258
27539,56449,56564
27540,27241,27480
27541,24215,24452
27542,23087,23324
27543,52808,52915
27544,47620,47905
27545,30333,30572
27546,38675,38948
27547,40823,41098
27548,3443,3659
27549,10177,10401
27550,33182,33428
27551,18326,18556
27552,43323,43600
27553,39665,39939
27554,5606,5827
27555,7248,7470
27556,23155,23392
27557,12950,13174
27558,39639,39913
27559,47051,47336
27560,44180,44457
27561,45068,45345
27562,26737,26976
27563,8019,8241
27564,50485,50585
27565,55159,55272
27566,52967,53074
27567,41650,41926
27568,14098,14323
27569,40504,40779
27570,56557,56672
27571,45323,45601
27572,47219,47504
27573,14861,15086
27574,4559,4780
27575,5657,5878
27576,11901,12125
27577,26844,27083
27578,34646,34903
27579,702,912
27580,43118,43395
27581,22693,22930
27582,14570,14795
27583,39938,40212
27584,17914,18143
27585,52198,52303
27586,167,375
27587,18061,18291
27588,42546,42823
27589,53175,53282
27590,20723,20958
27591,31361,31602
27592,32943,33186
27593,28192,28431
27594,6167,6388
27595,14714,14939
27596,52239,52345
27597,26799,27038
27598,31242,31483
27599,36690,36962
27600,21440,21676
27601,53522,53631
27602,31655,31896
27603,19800,20033
27604,14560,14785
27605,55925,56039
27606,42723,43000
27607,31443,31684
27608,265,473
27609,10867,11091
27610,14910,15135
27611,47434,47719
27612,40981,41257
27613,42428,42704
27614,16665,16892
27615,48433,48512
27616,32868,33111
27617,25002,25239
27618,6423,6644
27619,13658,13882
27620,4133,4354
27621,55774,55888
27622,17007,17236
27623,12271,12495
27624,51021,51122
27625,41197,41473
27626,35861,36127
27627,9401,9624
27628,33718,33965
27629,38202,38475
27630,15953,16178
27631,43405,43682
27632,23147,23384
27633,12464,12688
27634,4664,4885
27635,11523,11747
27636,25998,26237
27637,42309,42585
27638,16976,17203
27639,7997,8219
27640,31213,31453
27641,38471,38744
27642,12935,13159
27643,47997,48075
27644,4717,4938
27645,52457,52564
27646,46711,46995
27647,13026,13250
27648,8347,8569
27649,440,649
27650,39118,39391
27651,8332,8554
27652,52807,52914
27653,9379,9602
27654,12507,12731
27655,1880,2091
27656,9255,9478
27657,34889,35147
27658,331,539
27659,53490,53599
27660,55320,55433
27661,42001,42277
27662,28455,28694
27663,54969,55080
27664,9655,9879
27665,56061,56175
27666,43823,44100
27667,14015,14240
27668,17836,18065
27669,17912,18141
27670,42843,43120
27671,17929,18158
27672,2368,2580
27673,51985,52090
27674,40611,40886
27675,53373,53482
27676,41551,41827
27677,13893,14118
27678,22852,23089
27679,34454,34704
27680,14383,14608
27681,14109,14334
27682,37254,37527
27683,15610,15835
27684,2168,2379
27685,51913,52018
27686,3944,4162
27687,28321,28560
27688,24043,24280
27689,39027,39300
27690,48136,48215
27691,45145,45422
27692,19434,19665
27693,22409,22645
27694,38455,38728
27695,38880,39153
27696,39953,40227
27697,21136,21371
27698,38524,38797
27699,2269,2481
27700,20449,20684
27701,50891,50992
27702,31560,31801
27703,38276,38549
27704,33704,33951
27705,3647,3864
27706,35414,35677
27707,2335,2547
27708,8993,9216
27709,48484,48563
27710,30364,30603
27711,17234,17463
27712,56901,57016
27713,32279,32522
27714,2224,2436
27715,31888,32130
27716,40593,40868
27717,25318,25556
27718,51424,51525
27719,22077,22313
27720,12798,13022
27721,8363,8585
27722,1575,1786
27723,25945,26184
27724,35259,35521
27725,8072,8294
27726,21966,22202
27727,12954,13178
27728,53821,53932
27729,13448,13672
27730,49148,49228
27731,48432,48511
27732,19473,19704
27733,5953,6174
27734,54567,54678
27735,23599,23836
27736,42634,42911
27737,54113,54224
27738,8777,9000
27739,24073,24310
27740,46293,46574
27741,27672,27911
27742,35525,35788
27743,32769,33012
27744,48787,48866
27745,11309,11533
27746,56625,56740
27747,15340,15565
27748,12476,12700
27749,18675,18905
27750,53752,53862
27751,19971,20204
27752,6792,7013
27753,54423,54534
27754,44804,45081
27755,23974,24211
27756,19351,19582
27757,47457,47742
27758,4649,4870
27759,25178,25416
27760,22811,23048
27761,25894,26133
27762,44079,44356
27763,53517,53626
27764,52428,52535
27765,225,433
27766,2738,2952
27767,47900,47978
27768,51680,51783
27769,14485,14710
27770,34278,34528
27771,9374,9597
27772,3090,3305
27773,16234,16459
27774,42773,43050
27775,54301,54412
27776,26835,27074
27777,6081,6302
27778,21973,22209
27779,9068,9291
27780,24734,24971
27781,15959,16184
27782,45157,45434
27783,3761,3979
27784,48954,49033
27785,26740,26979
27786,16433,16658
27787,55115,55228
27788,56105,56219
27789,41567,41843
27790,17472,17701
27791,12622,12846
27792,54425,54536
27793,2517,2731
27794,44340,44617
27795,19139,19370
27796,55206,55319
27797,27160,27399
27798,26891,27130
27799,51229,51330
27800,22323,22559
27801,51475,51576
27802,28677,28916
27803,11695,11919
27804,47938,48016
27805,21846,22082
27806,19716,19949
27807,21327,21562
27808,56874,56989
27809,27833,28072
27810,50286,50386
27811,20361,20594
27812,16747,16974
27813,33331,33577
27814,17741,17970
27815,43201,43478
27816,9637,9861
27817,39434,39707
27818,31964,32206
27819,53528,53637
27820,45329,45607
27821,42306,42582
27822,51012,51113
27823,25964,26203
27824,2836,3050
27825,29193,29432
27826,4156,4377
27827,13921,14146
27828,44596,44873
27829,44259,44536
27830,14659,14884
27831,6206,6427
27832,35227,35489
27833,40216,40491
27834,46510,46793
27835,49676,49756
27836,27407,27646
27837,24981,25218
27838,144,352
27839,8702,8925
27840,25248,25486
27841,25239,25477
27842,52401,52508
27843,42443,42719
27844,9065,9288
27845,16415,16640
27846,13721,13946
27847,8892,9115
27848,20667,20902
27849,16042,16267
27850,9252,9475
27851,4381,4602
27852,36181,36452
27853,42461,42737
27854,37504,37777
27855,44851,45128
27856,5225,5446
27857,3943,4161
27858,15841,16066
27859,33216,33462
27860,44618,44895
27861,10438,10662
27862,22057,22293
27863,51819,51924
27864,33567,33813
27865,44825,45102
27866,7245,7467
27867,8924,9147
27868,11479,11703
27869,52104,52209
27870,26453,26692
27871,21221,21456
27872,28547,28786
27873,291,499
27874,4733,4954
27875,12005,12229
27876,10155,10379
27877,14220,14445
27878,2030,2241
27879,49683,49763
27880,38299,38572
27881,14077,14302
27882,41191,41467
27883,26983,27222
27884,54659,54770
27885,52055,52160
27886,49276,49356
27887,16254,16479
27888,37647,37920
27889,22463,22699
27890,35680,35945
27891,12887,13111
27892,46028,46309
27893,21263,21498
27894,22152,22388
27895,5047,5268
27896,21721,21957
27897,39897,40171
27898,34377,34627
27899,27757,27996
27900,39167,39440
27901,4524,4745
27902,50550,50650
27903,10167,10391
27904,31150,31390
27905,54145,54256
27906,8360,8582
27907,23101,23338
27908,11799,12023
27909,8500,8722
27910,41830,42106
27911,17876,18105
27912,3607,3823
27913,52325,52432
27914,19549,19780
27915,33544,33790
27916,43084,43361
27917,6839,7060
27918,23715,23952
27919,12745,12969
27920,51898,52003
27921,30646,30885
27922,44633,44910
27923,25319,25557
27924,32009,32251
27925,4202,4423
27926,30045,30284
27927,41040,41316
27928,7926,8148
27929,7143,7365
27930,18726,18956
27931,4098,4319
27932,31384,31625
27933,19561,19792
27934,38931,39204
27935,21094,21329
27936,5717,5938
27937,23171,23408
27938,55948,56062
27939,20529,20764
27940,38389,38662
27941,38116,38389
27942,35766,36031
27943,55960,56074
27944,51075,51176
27945,3892,4110
27946,11314,11538
27947,32828,33071
27948,5512,5733
27949,36787,37059
27950,12692,12916
27951,7962,8184
27952,20923,21158
27953,30286,30525
27954,48440,48519
27955,52516,52623
27956,24378,24615
27957,31978,32220
27958,47412,47697
27959,46999,47284
27960,4992,5213
27961,24506,24743
27962,9382,9605
27963,40226,40501
27964,18506,18736
27965,40491,40766
27966,22709,22946
27967,28621,28860
27968,21946,22182
27969,29442,29681
27970,35750,36015
27971,9315,9538
27972,37684,37957
27973,14755,14980
27974,30046,30285
27975,53576,53686
27976,39096,39369
27977,38323,38596
27978,18788,19018
27979,14857,15082
27980,32655,32898
27981,53097,53204
27982,36482,36754
27983,22495,22731
27984,14899,15124
27985,55070,55183
27986,36567,36839
27987,48542,48621
27988,20717,20952
27989,30206,30445
27990,23237,23474
27991,35865,36131
27992,17340,17569
27993,19443,19674
27994,20355,20588
27995,17238,17467
27996,4606,4827
27997,55976,56090
27998,8863,9086
27999,50267,50367
28000,12626,12850
28001,40386,40661
28002,50729,50829
28003,54999,55112
28004,50006,50104
28005,43445,43722
28006,55672,55786
28007,32173,32415
28008,6374,6595
28009,49179,49259
28010,51259,51360
28011,22014,22250
28012,38758,39031
28013,53135,53242
28014,22373,22609
28015,29288,29527
28016,3420,3636
28017,55941,56055
28018,35347,35610
28019,11378,11602
28020,12246,12470
28021,16546,16771
28022,4590,4811
28023,26521,26760
28024,32287,32530
28025,2867,3081
28026,37349,37622
28027,53811,53921
28028,52251,52357
28029,43609,43886
28030,56285,56399
28031,28073,28312
28032,15426,15651
28033,47905,47983
28034,23311,23548
28035,11722,11946
28036,55516,55630
28037,51018,51119
28038,52028,52133
28039,12964,13188
28040,35663,35928
28041,53955,54066
28042,23397,23634
28043,48613,48692
28044,44695,44972
28045,34852,35109
28046,46075,46356
28047,42437,42713
28048,6973,7195
28049,33953,34200
28050,34865,35122
28051,38647,38920
28052,17195,17424
28053,25456,25694
28054,2289,2501
28055,33117,33360
28056,10620,10844
28057,32300,32543
28058,1178,1388
28059,7308,7530
28060,30991,31231
28061,32646,32889
28062,37603,37876
28063,7106,7328
28064,46398,46679
28065,37767,38040
28066,9216,9439
28067,37497,37770
28068,54190,54301
28069,27151,27390
28070,34793,35050
28071,10415,10639
28072,6168,6389
28073,8386,8608
28074,631,841
28075,5040,5261
28076,28154,28393
28077,12851,13075
28078,4852,5073
28079,16798,17025
28080,8143,8365
28081,34771,35028
28082,24784,25021
28083,50680,50780
28084,53917,54028
28085,6899,7120
28086,11305,11529
28087,55496,55610
28088,22336,22572
28089,13187,13411
28090,56464,56579
28091,37445,37718
28092,40284,40559
28093,24250,24487
28094,22752,22989
28095,44323,44600
28096,42076,42352
28097,14435,14660
28098,11670,11894
28099,3762,3980
28100,32794,33037
28101,55318,55431
28102,2087,2298
28103,43630,43907
28104,51407,51508
28105,18823,19054
28106,55917,56031
28107,10716,10940
28108,48094,48173
28109,53450,53559
28110,55296,55409
28111,15475,15700
28112,56251,56365
28113,17868,18097
28114,48589,48668
28115,45219,45497
28116,49127,49206
28117,52032,52137
28118,9513,9737
28119,16890,17117
28120,11889,12113
28121,16025,16250
28122,5134,5355
28123,41075,41351
28124,1491,1702
28125,45294,45572
28126,53502,53611
28127,9110,9333
28128,14988,15213
28129,56680,56795
28130,56889,57004
28131,14411,14636
28132,49539,49619
28133,5507,5728
28134,5761,5982
28135,33662,33908
28136,51395,51496
28137,41010,41286
28138,33573,33819
28139,21971,22207
28140,11217,11441
28141,51095,51196
28142,12224,12448
28143,18122,18352
28144,30648,30887
28145,36799,37071
28146,3676,3893
28147,10544,10768
28148,51987,52092
28149,39896,40170
28150,37220,37493
28151,9420,9643
28152,5239,5460
28153,40030,40304
28154,48242,48321
28155,23799,24036
28156,39456,39729
28157,1338,1549
28158,21909,22145
28159,38212,38485
28160,17903,18132
28161,44454,44731
28162,25881,26120
28163,15693,15918
28164,9890,10114
28165,26156,26395
28166,6560,6781
28167,26634,26873
28168,38800,39073
28169,46568,46851
28170,17114,17343
28171,39839,40113
28172,47233,47518
28173,39641,39915
28174,400,609
28175,27795,28034
28176,48204,48283
28177,44473,44750
28178,762,972
28179,25191,25429
28180,40542,40817
28181,14522,14747
28182,38708,38981
28183,52499,52606
28184,33851,34098
28185,29395,29634
28186,27552,27791
28187,34995,35257
28188,10752,10976
28189,48448,48527
28190,33802,34049
28191,15494,15719
28192,10682,10906
28193,37367,37640
28194,11438,11662
28195,26409,26648
28196,42394,42670
28197,463,672
28198,38664,38937
28199,18455,18685
28200,20962,21197
28201,27115,27354
28202,45457,45736
28203,49222,49302
28204,15924,16149
28205,37322,37595
28206,44478,44755
28207,46139,46420
28208,30049,30288
28209,5046,5267
28210,24766,25003
28211,7145,7367
28212,9894,10118
28213,19613,19845
28214,31514,31755
28215,12729,12953
28216,21889,22125
28217,52766,52873
28218,45691,45970
28219,52770,52877
28220,49167,49247
28221,20087,20320
28222,31148,31388
28223,30672,30911
28224,9733,9957
28225,38089,38362
28226,38607,38880
28227,28868,29107
28228,24715,24952
28229,14563,14788
28230,8901,9124
28231,34470,34720
28232,24031,24268
28233,56884,56999
28234,21766,22002
28235,14024,14249
28236,30486,30725
28237,7142,7364
28238,44808,45085
28239,60,268
28240,53472,53581
28241,15301,15526
28242,43075,43352
28243,54563,54674
28244,43223,43500
28245,53602,53712
28246,13464,13688
28247,31554,31795
28248,13899,14124
28249,22386,22622
28250,38419,38692
28251,48501,48580
28252,17403,17632
28253,53687,53797
28254,9440,9663
28255,43983,44260
28256,7921,8143
28257,16046,16271
28258,51600,51703
28259,10091,10315
28260,14742,14967
28261,52572,52679
28262,39841,40115
28263,44492,44769
28264,37712,37985
28265,24202,24439
28266,31965,32207
28267,17537,17766
28268,55444,55558
28269,19498,19729
28270,1505,1716
28271,24075,24312
28272,6609,6830
28273,15907,16132
28274,24699,24936
28275,44991,45268
28276,40260,40535
28277,24771,25008
28278,33581,33827
28279,42752,43029
28280,49440,49520
28281,50109,50208
28282,23291,23528
28283,34940,35202
28284,45968,46249
28285,48103,48182
28286,389,598
28287,35564,35828
28288,55300,55413
28289,22515,22751
28290,43165,43442
28291,13920,14145
28292,16662,16889
28293,44684,44961
28294,8275,8497
28295,48674,48753
28296,38403,38676
28297,52730,52837
28298,5355,5576
28299,42688,42965
28300,54860,54971
28301,30002,30241
28302,53181,53288
28303,47347,47632
28304,6991,7213
28305,56441,56556
28306,43263,43540
28307,35602,35866
28308,19254,19485
28309,56543,56658
28310,17910,18139
28311,43614,43891
28312,33136,33382
28313,16421,16646
28314,25643,25881
28315,36343,36615
28316,11788,12012
28317,20678,20913
28318,44540,44817
28319,22805,23042
28320,9320,9543
28321,27225,27464
28322,11003,11227
28323,3542,3758
28324,160,368
28325,31647,31888
28326,43714,43991
28327,45287,45565
28328,6786,7007
28329,1534,1745
28330,10152,10376
28331,41694,41970
28332,15462,15687
28333,3619,3836
28334,42583,42860
28335,49990,50087
28336,1844,2055
28337,38043,38316
28338,21708,21944
28339,18989,19220
28340,37539,37812
28341,6779,7000
28342,42549,42826
28343,18778,19008
28344,9544,9768
28345,15145,15370
28346,2571,2785
28347,25086,25324
28348,11836,12060
28349,29557,29796
28350,23351,23588
28351,5410,5631
28352,51640,51743
28353,54470,54581
28354,16360,16585
28355,16625,16851
28356,30764,31003
28357,52288,52394
28358,38050,38323
28359,11465,11689
28360,6499,6720
28361,22664,22901
28362,7874,8096
28363,33133,33379
28364,48962,49041
28365,4942,5163
28366,54858,54969
28367,48048,48126
28368,7844,8066
28369,32362,32605
28370,49214,49294
28371,3452,3668
28372,20867,21102
28373,16255,16480
28374,42409,42685
28375,48507,48586
28376,540,749
28377,30221,30460
28378,53048,53155
28379,36434,36706
28380,18893,19124
28381,36099,36370
28382,52891,52998
28383,21500,21736
28384,47293,47578
28385,11939,12163
28386,50635,50735
28387,2834,3048
28388,24632,24869
28389,5175,5396
28390,44639,44916
28391,29452,29691
28392,13521,13745
28393,41424,41700
28394,11126,11350
28395,19704,19937
28396,21364,21600
28397,53392,53501
28398,50201,50301
28399,43931,44208
28400,1193,1403
28401,45492,45771
28402,7887,8109
28403,16196,16421
28404,2409,2622
28405,8254,8476
28406,3568,3784
28407,33785,34032
28408,20673,20908
28409,958,1168
28410,42021,42297
28411,13238,13462
28412,34447,34697
28413,45363,45641
28414,50015,50113
28415,12039,12263
28416,4831,5052
28417,45697,45976
28418,27581,27820
28419,35841,36107
28420,25612,25850
28421,43793,44070
28422,38273,38546
28423,2322,2534
28424,34562,34819
28425,3839,4057
28426,5628,5849
28427,24343,24580
28428,2127,2338
28429,24776,25013
28430,8242,8464
28431,35316,35578
28432,46338,46619
28433,28230,28469
28434,24896,25133
28435,44477,44754
28436,262,470
28437,17498,17727
28438,14671,14896
28439,35818,36083
28440,21302,21537
28441,1384,1595
28442,9522,9746
28443,3464,3680
28444,663,873
28445,16971,17198
28446,41988,42264
28447,53084,53191
28448,10306,10530
28449,40,248
28450,19170,19401
28451,35789,36054
28452,56840,56955
28453,9284,9507
28454,46959,47244
28455,978,1188
28456,40254,40529
28457,19692,19925
28458,20151,20384
28459,4610,4831
28460,39231,39504
28461,11460,11684
28462,55104,55217
28463,30417,30656
28464,28697,28936
28465,47670,63
28466,54642,54753
28467,5062,5283
28468,10809,11033
28469,36702,36974
28470,4213,4434
28471,39672,39946
28472,836,1046
28473,19166,19397
28474,44059,44336
28475,56672,56787
28476,34316,34566
28477,52300,52406
28478,38601,38874
28479,45598,45877
28480,21832,22068
28481,32824,33067
28482,3709,3927
28483,8051,8273
28484,39536,39810
28485,50721,50821
28486,17379,17608
28487,23756,23993
28488,16175,16400
28489,495,704
28490,16949,17176
28491,42564,42841
28492,47498,47783
28493,36988,37260
28494,49185,49265
28495,34576,34833
28496,5094,5315
28497,7705,7927
28498,19205,19436
28499,33273,33519
28500,28549,28788
28501,17784,18013
28502,15408,15633
28503,13850,14075
28504,45203,45481
28505,32413,32656
28506,43190,43467
28507,3165,3381
28508,44235,44512
28509,12054,12278
28510,14645,14870
28511,20432,20665
28512,26120,26359
28513,27081,27320
28514,3182,3398
28515,3155,3371
28516,16366,16591
28517,24136,24373
28518,53577,53687
28519,7076,7298
28520,467,676
28521,22352,22588
28522,42233,42509
28523,53884,53995
28524,8583,8805
28525,48600,48679
28526,33097,33340
28527,28778,29017
28528,20457,20692
28529,39461,39734
28530,33814,34061
28531,53211,53318
28532,37018,37290
28533,33829,34076
28534,48473,48552
28535,5647,5868
28536,30498,30737
28537,44952,45229
28538,56383,56498
28539,20200,20433
28540,45341,45619
28541,56654,56769
28542,30313,30552
28543,29965,30204
28544,26127,26366
28545,36237,36508
28546,47659,52
28547,37305,37578
28548,6564,6785
28549,49961,50057
28550,28754,28993
28551,27347,27586
28552,14785,15010
28553,30303,30542
28554,13294,13518
28555,4021,4239
28556,34217,34467
28557,14359,14584
28558,27484,27723
28559,33588,33834
28560,38100,38373
28561,20677,20912
28562,2484,2698
28563,44870,45147
28564,9124,9347
28565,29675,29914
28566,46930,47215
28567,7523,7745
28568,30096,30335
28569,27473,27712
28570,42277,42553
28571,2924,3138
28572,29157,29396
28573,36872,37144
28574,11810,12034
28575,44202,44479
28576,28104,28343
28577,8723,8946
28578,43296,43573
28579,24972,25209
28580,31571,31812
28581,42320,42596
28582,31362,31603
28583,49005,49084
28584,11570,11794
28585,12104,12328
28586,22734,22971
28587,42411,42687
28588,38366,38639
28589,7575,7797
28590,19461,19692
28591,37849,38122
28592,25496,25734
28593,47815,208
28594,26912,27151
28595,51729,51833
28596,41714,41990
28597,41689,41965
28598,2578,2792
28599,43640,43917
28600,56612,56727
28601,46018,46299
28602,823,1033
28603,11160,11384
28604,42783,43060
28605,38487,38760
28606,52210,52315
28607,27382,27621
28608,19689,19922
28609,18515,18745
28610,759,969
28611,26830,27069
28612,53408,53517
28613,7615,7837
28614,39740,40014
28615,4851,5072
28616,32281,32524
28617,23523,23760
28618,28288,28527
28619,5141,5362
28620,12591,12815
28621,10580,10804
28622,12645,12869
28623,43316,43593
28624,18057,18287
28625,1253,1464
28626,10870,11094
28627,20313,20546
28628,41811,42087
28629,26536,26775
28630,30643,30882
28631,31405,31646
28632,25988,26227
28633,7499,7721
28634,16221,16446
28635,34712,34969
28636,55323,55436
28637,13601,13825
28638,24123,24360
28639,41320,41596
28640,3667,3884
28641,17164,17393
28642,10916,11140
28643,26629,26868
28644,17202,17431
28645,42365,42641
28646,41432,41708
28647,2278,2490
28648,9431,9654
28649,45702,45981
28650,14939,15164
28651,56068,56182
28652,52348,52455
28653,42606,42883
28654,42836,43113
28655,14444,14669
28656,2147,2358
28657,32930,33173
28658,765,975
28659,18334,18564
28660,26765,27004
28661,43869,44146
28662,22604,22841
28663,50646,50746
28664,49761,49841
28665,27094,27333
28666,34380,34630
28667,8729,8952
28668,15649,15874
28669,41674,41950
28670,6448,6669
28671,21000,21235
28672,19033,19264
28673,47196,47481
28674,52439,52546
28675,6506,6727
28676,15651,15876
28677,7072,7294
28678,28481,28720
28679,51975,52080
28680,18926,19157
28681,4853,5074
28682,20218,20451
28683,36401,36673
28684,39950,40224
28685,19910,20143
28686,19933,20166
28687,8169,8391
28688,39449,39722
28689,37279,37552
28690,28105,28344
28691,45042,45319
28692,15368,15593
28693,30667,30906
28694,23849,24086
28695,16605,16830
28696,7682,7904
28697,2675,2889
28698,14042,14267
28699,55369,55483
28700,31635,31876
28701,31438,31679
28702,9339,9562
28703,4662,4883
28704,50708,50808
28705,23581,23818
28706,11168,11392
28707,11365,11589
28708,36578,36850
28709,5704,5925
28710,9310,9533
28711,50887,50988
28712,22250,22486
28713,28317,28556
28714,26344,26583
28715,3083,3298
28716,3441,3657
28717,8300,8522
28718,17000,17227
28719,4870,5091
28720,10634,10858
28721,45268,45546
28722,21541,21777
28723,20122,20355
28724,1711,1922
28725,36780,37052
28726,27498,27737
28727,25647,25885
28728,38088,38361
28729,51316,51417
28730,24282,24519
28731,15658,15883
28732,32106,32348
28733,25210,25448
28734,7804,8026
28735,41834,42110
28736,56722,56837
28737,34384,34634
28738,24709,24946
28739,55764,55878
28740,15375,15600
28741,20564,20799
28742,7233,7455
28743,22804,23041
28744,43557,43834
28745,18641,18871
28746,814,1024
28747,37304,37577
28748,23563,23800
28749,26000,26239
28750,54542,54653
28751,19288,19519
28752,20282,20515
28753,20779,21014
28754,13476,13700
28755,46263,46544
28756,46247,46528
28757,47823,216
28758,15556,15781
28759,20538,20773
28760,32356,32599
28761,44025,44302
28762,49132,49211
28763,28809,29048
28764,36515,36787
28765,27381,27620
28766,23202,23439
28767,10541,10765
28768,19449,19680
28769,8722,8945
28770,15661,15886
28771,56968,57083
28772,44350,44627
28773,37191,37464
28774,37129,37401
28775,6198,6419
28776,46474,46757
28777,19196,19427
28778,18479,18709
28779,40768,41043
28780,47276,47561
28781,12863,13087
28782,9813,10037
28783,20559,20794
28784,9267,9490
28785,48656,48735
28786,23524,23761
28787,46688,46972
28788,17414,17643
28789,54924,55035
28790,8351,8573
28791,13755,13980
28792,32548,32791
28793,15360,15585
28794,36117,36388
28795,292,500
28796,48669,48748
28797,9754,9978
28798,43671,43948
28799,17891,18120
28800,18022,18252
28801,52723,52830
28802,28736,28975
28803,24797,25034
28804,13507,13731
28805,34718,34975
28806,52857,52964
28807,26223,26462
28808,48756,48835
28809,46031,46312
28810,38839,39112
28811,24538,24775
28812,26419,26658
28813,19460,19691
28814,8872,9095
28815,14805,15030
28816,28599,28838
28817,36768,37040
28818,35664,35929
28819,37043,37315
28820,34679,34936
28821,41446,41722
28822,35380,35643
28823,2524,2738
28824,7079,7301
28825,7055,7277
28826,11619,11843
28827,49111,49190
28828,55949,56063
28829,1125,1335
28830,51568,51669
28831,46555,46838
28832,35338,35600
28833,53131,53238
28834,22450,22686
28835,19877,20110
28836,5146,5367
28837,29906,30145
28838,45478,45757
28839,38085,38358
28840,55468,55582
28841,28725,28964
28842,36828,37100
28843,50413,50513
28844,11586,11810
28845,52452,52559
28846,3908,4126
28847,25236,25474
28848,41118,41394
28849,47614,47899
28850,4453,4674
28851,40347,40622
28852,34398,34648
28853,46788,47072
28854,30367,30606
28855,39800,40074
28856,40376,40651
28857,29083,29322
28858,30967,31207
28859,46407,46688
28860,351,560
28861,21736,21972
28862,15181,15406
28863,37145,37417
28864,35155,35417
28865,48598,48677
28866,20367,20600
28867,31544,31785
28868,2871,3085
28869,54886,54997
28870,5365,5586
28871,33954,34201
28872,46309,46590
28873,49937,50033
28874,21998,22234
28875,41914,42190
28876,24566,24803
28877,34279,34529
28878,216,424
28879,30017,30256
28880,55287,55400
28881,24285,24522
28882,20345,20578
28883,9135,9358
28884,9302,9525
28885,30432,30671
28886,56226,56340
28887,17395,17624
28888,48332,48411
28889,5700,5921
28890,21111,21346
28891,23918,24155
28892,10338,10562
28893,36861,37133
28894,15054,15279
28895,13767,13992
28896,55379,55493
28897,29216,29455
28898,38836,39109
28899,53738,53848
28900,22731,22968
28901,56166,56280
28902,27535,27774
28903,40470,40745
28904,4411,4632
28905,12923,13147
28906,33517,33763
28907,42115,42391
28908,40505,40780
28909,38227,38500
28910,41863,42139
28911,21341,21576
28912,19341,19572
28913,48693,48772
28914,22055,22291
28915,44856,45133
28916,33625,33871
28917,29707,29946
28918,38392,38665
28919,35291,35553
28920,36351,36623
28921,18959,19190
28922,40807,41082
28923,44243,44520
28924,16495,16720
28925,36339,36611
28926,45504,45783
28927,42038,42314
28928,307,515
28929,55245,55358
28930,23681,23918
28931,53540,53649
28932,31399,31640
28933,36394,36666
28934,14499,14724
28935,52161,52266
28936,47148,47433
28937,42176,42452
28938,54031,54142
28939,8125,8347
28940,39669,39943
28941,56849,56964
28942,42169,42445
28943,145,353
28944,33340,33586
28945,4923,5144
28946,430,639
28947,31567,31808
28948,17681,17910
28949,24912,25149
28950,39320,39593
28951,23308,23545
28952,35787,36052
28953,4577,4798
28954,19095,19326
28955,50250,50350
28956,30023,30262
28957,23914,24151
28958,12850,13074
28959,43575,43852
28960,46273,46554
28961,2343,2555
28962,55612,55726
28963,13213,13437
28964,997,1207
28965,32133,32375
28966,27315,27554
28967,38974,39247
28968,51493,51594
28969,13258,13482
28970,24207,24444
28971,36426,36698
28972,35310,35572
28973,52708,52815
28974,29002,29241
28975,37650,37923
28976,10141,10365
28977,10196,10420
28978,46689,46973
28979,50848,50949
28980,4466,4687
28981,27693,27932
28982,7878,8100
28983,38787,39060
28984,25379,25617
28985,16187,16412
28986,12754,12978
28987,21704,21940
28988,54859,54970
28989,40786,41061
28990,35797,36062
28991,10218,10442
28992,10895,11119
28993,22347,22583
28994,22064,22300
28995,1750,1961
28996,9441,9664
28997,46476,46759
28998,2869,3083
28999,46919,47204
29000,12376,12600
29001,2086,2297
29002,55823,55937
29003,5285,5506
29004,56411,56526
29005,6282,6503
29006,6291,6512
29007,4755,4976
29008,50266,50366
29009,33681,33927
29010,3388,3604
29011,44767,45044
29012,16671,16898
29013,3856,4074
29014,38924,39197
29015,22628,22865
29016,10073,10297
29017,47377,47662
29018,59,267
29019,52406,52513
29020,35490,35753
29021,1535,1746
29022,29964,30203
29023,19522,19753
29024,42618,42895
29025,13936,14161
29026,23806,24043
29027,11935,12159
29028,11639,11863
29029,2321,2533
29030,24763,25000
29031,22722,22959
29032,52456,52563
29033,2299,2511
29034,4026,4244
29035,2825,3039
29036,7537,7759
29037,38809,39082
29038,40378,40653
29039,46623,46906
29040,31534,31775
29041,55396,55510
29042,14119,14344
29043,30894,31133
29044,20398,20631
29045,50603,50703
29046,28433,28672
29047,54457,54568
29048,47021,47306
29049,37827,38100
29050,22102,22338
29051,27042,27281
29052,5447,5668
29053,56500,56615
29054,26133,26372
29055,55275,55388
29056,33518,33764
29057,23874,24111
29058,12833,13057
29059,19683,19916
29060,9587,9811
29061,41547,41823
29062,46837,47121
29063,13096,13320
29064,20268,20501
29065,25803,26041
29066,32333,32576
29067,9467,9690
29068,25512,25750
29069,23060,23297
29070,42512,42788
29071,28968,29207
29072,10629,10853
29073,13822,14047
29074,28632,28871
29075,40153,40427
29076,26439,26678
29077,47365,47650
29078,5792,6013
29079,8789,9012
29080,35234,35496
29081,37421,37694
29082,12808,13032
29083,25315,25553
29084,5438,5659
29085,8025,8247
29086,49888,49984
29087,52314,52420
29088,46534,46817
29089,55374,55488
29090,52643,52750
29091,49952,50048
29092,31021,31261
29093,8569,8791
29094,43678,43955
29095,49194,49274
29096,5228,5449
29097,32029,32271
29098,27073,27312
29099,15528,15753
29100,45176,45453
29101,4636,4857
29102,42682,42959
29103,25768,26006
29104,12266,12490
29105,6523,6744
29106,4515,4736
29107,56084,56198
29108,43425,43702
29109,6599,6820
29110,38627,38900
29111,56957,57072
29112,49774,49854
29113,13133,13357
29114,13618,13842
29115,50232,50332
29116,27963,28202
29117,29783,30022
29118,50196,50296
29119,48139,48218
29120,52398,52505
29121,33815,34062
29122,38712,38985
29123,38333,38606
29124,22781,23018
29125,10751,10975
29126,30173,30412
29127,6656,6877
29128,23070,23307
29129,19255,19486
29130,5600,5821
29131,24562,24799
29132,33022,33265
29133,6744,6965
29134,10395,10619
29135,15733,15958
29136,18803,19034
29137,9768,9992
29138,18443,18673
29139,12599,12823
29140,8315,8537
29141,36523,36795
29142,31457,31698
29143,49887,49983
29144,23502,23739
29145,4770,4991
29146,51901,52006
29147,21844,22080
29148,54349,54460
29149,17726,17955
29150,17872,18101
29151,46314,46595
29152,19003,19234
29153,43580,43857
29154,32255,32498
29155,50560,50660
29156,12934,13158
29157,8768,8991
29158,49632,49712
29159,14081,14306
29160,51951,52056
29161,28103,28342
29162,19539,19770
29163,39904,40178
29164,40602,40877
29165,27072,27311
29166,56587,56702
29167,45266,45544
29168,18750,18980
29169,47973,48051
29170,48123,48202
29171,41213,41489
29172,6160,6381
29173,36589,36861
29174,41494,41770
29175,26712,26951
29176,7793,8015
29177,42214,42490
29178,7974,8196
29179,17636,17865
29180,22044,22280
29181,45587,45866
29182,6527,6748
29183,24871,25108
29184,32966,33209
29185,8013,8235
29186,37272,37545
29187,49436,49516
29188,4295,4516
29189,36637,36909
29190,30912,31151
29191,27003,27242
29192,3262,3478
29193,11298,11522
29194,29537,29776
29195,11214,11438
29196,39689,39963
29197,20070,20303
29198,24111,24348
29199,16473,16698
29200,47697,90
29201,43356,43633
29202,32292,32535
29203,23824,24061
29204,47009,47294
29205,3231,3447
29206,36310,36582
29207,2633,2847
29208,50496,50596
29209,7314,7536
29210,11017,11241
29211,4185,4406
29212,3192,3408
29213,42713,42990
29214,20663,20898
29215,16954,17181
29216,55246,55359
29217,35461,35724
29218,13065,13289
29219,3966,4184
29220,198,406
29221,52493,52600
29222,20836,21071
29223,52086,52191
29224,7856,8078
29225,44092,44369
29226,20972,21207
29227,34680,34937
29228,16602,16827
29229,36533,36805
29230,21636,21872
29231,40696,40970
29232,13370,13594
29233,41996,42272
29234,42777,43054
29235,17577,17806
29236,53193,53300
29237,7721,7943
29238,21881,22117
29239,54774,54885
29240,8470,8692
29241,43663,43940
29242,19319,19550
29243,54376,54487
29244,52543,52650
29245,18383,18613
29246,26462,26701
29247,13034,13258
29248,53690,53800
29249,10361,10585
29250,31060,31300
29251,32143,32385
29252,21388,21624
29253,29651,29890
29254,16141,16366
29255,115,323
29256,13901,14126
29257,29469,29708
29258,23416,23653
29259,30704,30943
29260,55896,56010
29261,39073,39346
29262,46043,46324
29263,50007,50105
29264,49196,49276
29265,25478,25716
29266,55109,55222
29267,44411,44688
29268,49516,49596
29269,40658,40932
29270,15943,16168
29271,30053,30292
29272,52143,52248
29273,17067,17296
29274,11127,11351
29275,1236,1446
29276,422,631
29277,29763,30002
29278,10825,11049
29279,2496,2710
29280,34459,34709
29281,52216,52321
29282,41793,42069
29283,1861,2072
29284,2707,2921
29285,16774,17001
29286,48736,48815
29287,13247,13471
29288,22401,22637
29289,11383,11607
29290,25736,25974
29291,26008,26247
29292,4298,4519
29293,37461,37734
29294,12335,12559
29295,43893,44170
29296,40576,40851
29297,50505,50605
29298,39130,39403
29299,38182,38455
29300,26494,26733
29301,11114,11338
29302,38576,38849
29303,14450,14675
29304,36939,37211
29305,39655,39929
29306,28087,28326
29307,27253,27492
29308,56267,56381
29309,15378,15603
29310,10247,10471
29311,25685,25923
29312,19253,19484
29313,28834,29073
29314,24921,25158
29315,49630,49710
29316,16989,17216
29317,38478,38751
29318,39890,40164
29319,25874,26113
29320,12086,12310
29321,38807,39080
29322,27711,27950
29323,25487,25725
29324,8577,8799
29325,24217,24454
29326,38526,38799
29327,39358,39631
29328,1405,1616
29329,35547,35811
29330,40741,41016
29331,20554,20789
29332,12105,12329
29333,2728,2942
29334,31160,31400
29335,27659,27898
29336,18539,18769
29337,12853,13077
29338,7508,7730
29339,38814,39087
29340,2682,2896
29341,14228,14453
29342,46902,47187
29343,11311,11535
29344,19410,19641
29345,41207,41483
29346,36074,36345
29347,19897,20130
29348,22111,22347
29349,31709,31950
29350,55465,55579
29351,14768,14993
29352,43464,43741
29353,49438,49518
29354,44263,44540
29355,40063,40337
29356,53058,53165
29357,48549,48628
29358,20906,21141
29359,5476,5697
29360,7188,7410
29361,38586,38859
29362,9798,10022
29363,9078,9301
29364,45474,45753
29365,12826,13050
29366,457,666
29367,16006,16231
29368,52568,52675
29369,41076,41352
29370,43926,44203
29371,1047,1257
29372,16579,16804
29373,46010,46291
29374,44356,44633
29375,50618,50718
29376,22369,22605
29377,27429,27668
29378,46178,46459
29379,10842,11066
29380,21074,21309
29381,324,532
29382,32775,33018
29383,13500,13724
29384,49633,49713
29385,48281,48360
29386,23281,23518
29387,7733,7955
29388,4975,5196
29389,27415,27654
29390,27686,27925
29391,24233,24470
29392,40358,40633
29393,393,602
29394,9057,9280
29395,6173,6394
29396,20834,21069
29397,46157,46438
29398,29293,29532
29399,50595,50695
29400,21307,21542
29401,5767,5988
29402,34702,34959
29403,9079,9302
29404,42991,43268
29405,25775,26013
29406,25580,25818
29407,27870,28109
29408,54589,54700
29409,25631,25869
29410,47597,47882
29411,43968,44245
29412,50903,51004
29413,27989,28228
29414,9685,9909
29415,51983,52088
29416,3792,4010
29417,47431,47716
29418,43999,44276
29419,56930,57045
29420,33886,34133
29421,44920,45197
29422,31172,31412
29423,12247,12471
29424,5632,5853
29425,49976,50072
29426,5886,6107
29427,44750,45027
29428,55736,55850
29429,28709,28948
29430,49782,49862
29431,31801,32043
29432,40417,40692
29433,29072,29311
29434,56199,56313
29435,11950,12174
29436,39385,39658
29437,10562,10786
29438,3843,4061
29439,4935,5156
29440,35632,35896
29441,46439,46720
29442,35758,36023
29443,48173,48252
29444,24478,24715
29445,43069,43346
29446,41198,41474
29447,30563,30802
29448,8382,8604
29449,9543,9767
29450,42201,42477
29451,15377,15602
29452,45893,46172
29453,42656,42933
29454,1433,1644
29455,8107,8329
29456,1021,1231
29457,4536,4757
29458,20400,20633
29459,12222,12446
29460,53743,53853
29461,40499,40774
29462,36737,37009
29463,12429,12653
29464,43014,43291
29465,36489,36761
29466,28726,28965
29467,44592,44869
29468,36612,36884
29469,30287,30526
29470,20746,20981
29471,30892,31131
29472,44487,44764
29473,25208,25446
29474,9407,9630
29475,10975,11199
29476,9665,9889
29477,9395,9618
29478,31315,31556
29479,24879,25116
29480,3544,3760
29481,17597,17826
29482,8969,9192
29483,27136,27375
29484,44924,45201
29485,30737,30976
29486,24753,24990
29487,9168,9391
29488,46994,47279
29489,36020,36291
29490,13622,13846
29491,18065,18295
29492,40276,40551
29493,12734,12958
29494,378,587
29495,4513,4734
29496,30916,31155
29497,34569,34826
29498,32406,32649
29499,54341,54452
29500,22360,22596
29501,31574,31815
29502,28619,28858
29503,45579,45858
29504,30425,30664
29505,29297,29536
29506,53620,53730
29507,48423,48502
29508,26443,26682
29509,27331,27570
29510,23963,24200
29511,52184,52289
29512,56399,56514
29513,26964,27203
29514,36421,36693
29515,3802,4020
29516,45588,45867
29517,2872,3086
29518,23532,23769
29519,48468,48547
29520,13080,13304
29521,3719,3937
29522,29624,29863
29523,28228,28467
29524,49368,49448
29525,35389,35652
29526,11693,11917
29527,18623,18853
29528,37822,38095
29529,39565,39839
29530,27432,27671
29531,8223,8445
29532,48503,48582
29533,32426,32669
29534,53809,53919
29535,39147,39420
29536,19456,19687
29537,40781,41056
29538,32225,32468
29539,25834,26072
29540,43888,44165
29541,8547,8769
29542,45613,45892
29543,15472,15697
29544,20434,20667
29545,39257,39530
29546,46740,47024
29547,10545,10769
29548,14990,15215
29549,46168,46449
29550,26376,26615
29551,23293,23530
29552,21277,21512
29553,30911,31150
29554,7585,7807
29555,18735,18965
29556,11179,11403
29557,15310,15535
29558,18352,18582
29559,48933,49012
29560,50085,50183
29561,12134,12358
29562,55596,55710
29563,13956,14181
29564,14786,15011
29565,20916,21151
29566,3919,4137
29567,33451,33697
29568,35598,35862
29569,33671,33917
29570,3220,3436
29571,7954,8176
29572,23541,23778
29573,29053,29292
29574,5244,5465
29575,7477,7699
29576,47879,47957
29577,27410,27649
29578,30198,30437
29579,34623,34880
29580,42775,43052
29581,3738,3956
29582,51811,51916
29583,46587,46870
29584,43792,44069
29585,6635,6856
29586,653,863
29587,18030,18260
29588,33628,33874
29589,26612,26851
29590,56222,56336
29591,27256,27495
29592,51123,51224
29593,32407,32650
29594,44334,44611
29595,35279,35541
29596,23485,23722
29597,12120,12344
29598,10359,10583
29599,38405,38678
29600,36398,36670
29601,16957,17184
29602,11167,11391
29603,33943,34190
29604,7927,8149
29605,31536,31777
29606,20776,21011
29607,4774,4995
29608,29215,29454
29609,23348,23585
29610,18129,18359
29611,6931,7153
29612,16375,16600
29613,25596,25834
29614,12689,12913
29615,16906,17133
29616,10635,10859
29617,41262,41538
29618,102,310
29619,34493,34750
29620,19314,19545
29621,27904,28143
29622,12815,13039
29623,32690,32933
29624,1194,1404
29625,50782,50883
29626,55518,55632
29627,37346,37619
29628,55244,55357
29629,22590,22827
29630,6343,6564
29631,11522,11746
29632,15207,15432
29633,49659,49739
29634,34674,34931
29635,27122,27361
29636,33406,33652
29637,4612,4833
29638,30124,30363
29639,18468,18698
29640,36062,36333
29641,45336,45614
29642,35830,36095
29643,31535,31776
29644,35706,35971
29645,49272,49352
29646,20423,20656
29647,32480,32723
29648,36292,36563
29649,8115,8337
29650,25101,25339
29651,40870,41145
29652,33339,33585
29653,51117,51218
29654,33762,34009
29655,2744,2958
29656,17722,17951
29657,40636,40911
29658,33492,33738
29659,14709,14934
29660,19668,19901
29661,20266,20499
29662,19880,20113
29663,53248,53355
29664,39732,40006
29665,22318,22554
29666,35791,36056
29667,21929,22165
29668,21763,21999
29669,34716,34973
29670,37157,37429
29671,29041,29280
29672,27419,27658
29673,46261,46542
29674,6974,7196
29675,14286,14511
29676,52871,52978
29677,55003,55116
29678,12445,12669
29679,28039,28278
29680,91,299
29681,31517,31758
29682,16310,16535
29683,11548,11772
29684,48856,48935
29685,32744,32987
29686,41458,41734
29687,44022,44299
29688,33469,33715
29689,7625,7847
29690,22016,22252
29691,7659,7881
29692,48784,48863
29693,13180,13404
29694,3714,3932
29695,33398,33644
29696,14821,15046
29697,50346,50446
29698,55167,55280
29699,54570,54681
29700,21629,21865
29701,18861,19092
29702,17864,18093
29703,39443,39716
29704,14589,14814
29705,19429,19660
29706,47540,47825
29707,1455,1666
29708,38673,38946
29709,40669,40943
29710,32484,32727
29711,1186,1396
29712,48389,48468
29713,30138,30377
29714,28495,28734
29715,41186,41462
29716,45334,45612
29717,2399,2611
29718,46212,46493
29719,31074,31314
29720,12244,12468
29721,27600,27839
29722,56215,56329
29723,49610,49690
29724,44759,45036
29725,40402,40677
29726,53482,53591
29727,37977,38250
29728,36928,37200
29729,54184,54295
29730,33528,33774
29731,29718,29957
29732,25934,26173
29733,23584,23821
29734,48172,48251
29735,30723,30962
29736,55905,56019
29737,3313,3529
29738,8004,8226
29739,1707,1918
29740,38863,39136
29741,55328,55441
29742,36236,36507
29743,22748,22985
29744,22338,22574
29745,50982,51083
29746,54975,55086
29747,31179,31419
29748,46259,46540
29749,38257,38530
29750,4680,4901
29751,24502,24739
29752,19514,19745
29753,2615,2829
29754,16985,17212
29755,13432,13656
29756,46729,47013
29757,2972,3187
29758,31933,32175
29759,43064,43341
29760,17223,17452
29761,10483,10707
29762,212,420
29763,11313,11537
29764,10014,10238
29765,51390,51491
29766,53950,54061
29767,34407,34657
29768,29993,30232
29769,14265,14490
29770,13364,13588
29771,33060,33303
29772,29126,29365
29773,38943,39216
29774,49062,49141
29775,28606,28845
29776,36633,36905
29777,16545,16770
29778,43066,43343
29779,27280,27519
29780,53040,53147
29781,7489,7711
29782,41261,41537
29783,50312,50412
29784,49401,49481
29785,45597,45876
29786,17035,17264
29787,32089,32331
29788,53899,54010
29789,3872,4090
29790,43979,44256
29791,21712,21948
29792,38073,38346
29793,19029,19260
29794,33657,33903
29795,52862,52969
29796,1837,2048
29797,12075,12299
29798,37557,37830
29799,46519,46802
29800,12431,12655
29801,1519,1730
29802,6054,6275
29803,38320,38593
29804,27685,27924
29805,33204,33450
29806,39513,39787
29807,25783,26021
29808,10225,10449
29809,13657,13881
29810,36098,36369
29811,30973,31213
29812,42158,42434
29813,35393,35656
29814,40991,41267
29815,54151,54262
29816,18281,18511
29817,5489,5710
29818,36133,36404
29819,6796,7017
29820,40040,40314
29821,20764,20999
29822,34567,34824
29823,44992,45269
29824,35418,35681
29825,46038,46319
29826,17851,18080
29827,51802,51907
29828,24668,24905
29829,5890,6111
29830,6407,6628
29831,26113,26352
29832,52256,52362
29833,18905,19136
29834,1666,1877
29835,49924,50020
29836,22827,23064
29837,48866,48945
29838,8478,8700
29839,46315,46596
29840,42803,43080
29841,17064,17293
29842,5298,5519
29843,10780,11004
29844,42883,43160
29845,41924,42200
29846,3569,3785
29847,30255,30494
29848,28616,28855
29849,18611,18841
29850,34616,34873
29851,53225,53332
29852,52843,52950
29853,50669,50769
29854,8716,8939
29855,6852,7073
29856,17709,17938
29857,30155,30394
29858,49824,49904
29859,24012,24249
29860,38313,38586
29861,55247,55360
29862,4293,4514
29863,47167,47452
29864,303,511
29865,20861,21096
29866,45941,46220
29867,49813,49893
29868,36370,36642
29869,45371,45649
29870,48857,48936
29871,39107,39380
29872,46882,47167
29873,37388,37661
29874,41259,41535
29875,33048,33291
29876,51507,51608
29877,14746,14971
29878,48541,48620
29879,17473,17702
29880,34801,35058
29881,956,1166
29882,21220,21455
29883,41434,41710
29884,34365,34615
29885,16610,16835
29886,37868,38141
29887,12397,12621
29888,6454,6675
29889,44116,44393
29890,15166,15391
29891,30665,30904
29892,52167,52272
29893,3646,3863
29894,22201,22437
29895,34945,35207
29896,3359,3575
29897,12660,12884
29898,36249,36520
29899,54887,54998
29900,43497,43774
29901,52171,52276
29902,24292,24529
29903,22541,22777
29904,53183,53290
29905,9013,9236
29906,40921,41196
29907,22958,23195
29908,48153,48232
29909,6118,6339
29910,29685,29924
29911,9710,9934
29912,29609,29848
29913,56367,56482
29914,32503,32746
29915,4077,4297
29916,16389,16614
29917,43758,44035
29918,17146,17375
29919,47356,47641
29920,54353,54464
29921,6963,7185
29922,27595,27834
29923,37321,37594
29924,39901,40175
29925,35494,35757
29926,20806,21041
29927,26466,26705
29928,54666,54777
29929,17880,18109
29930,19026,19257
29931,30391,30630
29932,29361,29600
29933,34809,35066
29934,46237,46518
29935,16179,16404
29936,40309,40584
29937,47077,47362
29938,38957,39230
29939,34338,34588
29940,26523,26762
29941,51263,51364
29942,27909,28148
29943,28687,28926
29944,11813,12037
29945,53879,53990
29946,12642,12866
29947,4570,4791
29948,33501,33747
29949,43187,43464
29950,42271,42547
29951,22584,22820
29952,45596,45875
29953,54067,54178
29954,55629,55743
29955,23244,23481
29956,45302,45580
29957,28077,28316
29958,42391,42667
29959,56813,56928
29960,21830,22066
29961,19204,19435
29962,46785,47069
29963,1710,1921
29964,33631,33877
29965,49038,49117
29966,8375,8597
29967,39216,39489
29968,14363,14588
29969,51816,51921
29970,26406,26645
29971,49088,49167
29972,36050,36321
29973,50934,51035
29974,48314,48393
29975,51973,52078
29976,23898,24135
29977,4722,4943
29978,45469,45748
29979,13379,13603
29980,43696,43973
29981,21092,21327
29982,36274,36545
29983,56865,56980
29984,16034,16259
29985,47838,231
29986,32861,33104
29987,55164,55277
29988,23097,23334
29989,50514,50614
29990,15909,16134
29991,50213,50313
29992,18909,19140
29993,33703,33950
29994,22671,22908
29995,52209,52314
29996,40102,40376
29997,28840,29079
29998,37864,38137
29999,27809,28048
30000,32851,33094
30001,36359,36631
30002,13312,13536
30003,36859,37131
30004,30762,31001
30005,28582,28821
30006,27459,27698
30007,35955,36221
30008,32038,32280
30009,54680,54791
30010,19941,20174
30011,6353,6574
30012,54088,54199
30013,637,847
30014,40534,40809
30015,50767,50867
30016,53218,53325
30017,5464,5685
30018,9268,9491
30019,47290,47575
30020,38536,38809
30021,4481,4702
30022,7811,8033
30023,4051,4269
30024,46014,46295
30025,51413,51514
30026,14143,14368
30027,33456,33702
30028,53032,53139
30029,12294,12518
30030,14130,14355
30031,40019,40293
30032,16562,16787
30033,17988,18218
30034,43813,44090
30035,22666,22903
30036,28389,28628
30037,2776,2990
30038,12578,12802
30039,25044,25281
30040,28666,28905
30041,50956,51057
30042,258,466
30043,6021,6242
30044,44065,44342
30045,35421,35684
30046,44852,45129
30047,2435,2648
30048,18244,18474
30049,42557,42834
30050,2457,2670
30051,28745,28984
30052,50492,50592
30053,8962,9185
30054,29655,29894
30055,14168,14393
30056,13524,13748
30057,20932,21167
30058,23090,23327
30059,53901,54012
30060,49321,49401
30061,44366,44643
30062,55613,55727
30063,32338,32581
30064,3895,4113
30065,24268,24505
30066,30010,30249
30067,32267,32510
30068,14299,14524
30069,18066,18296
30070,23183,23420
30071,47810,203
30072,36934,37206
30073,46234,46515
30074,20241,20474
30075,44880,45157
30076,21198,21433
30077,21603,21839
30078,15817,16042
30079,8828,9051
30080,47688,81
30081,26544,26783
30082,33269,33515
30083,30324,30563
30084,19231,19462
30085,15691,15916
30086,18624,18854
30087,670,880
30088,46718,47002
30089,15967,16192
30090,14354,14579
30091,55586,55700
30092,40090,40364
30093,20244,20477
30094,23173,23410
30095,17404,17633
30096,33379,33625
30097,50442,50542
30098,25739,25977
30099,44475,44752
30100,44461,44738
30101,25545,25783
30102,7296,7518
30103,47775,168
30104,9974,10198
30105,22733,22970
30106,15210,15435
30107,55513,55627
30108,53763,53873
30109,55747,55861
30110,45615,45894
30111,7021,7243
30112,10813,11037
30113,45981,46262
30114,36601,36873
30115,43908,44185
30116,16539,16764
30117,39584,39858
30118,4531,4752
30119,28877,29116
30120,27244,27483
30121,46034,46315
30122,31531,31772
30123,55210,55323
30124,24369,24606
30125,27838,28077
30126,31924,32166
30127,29007,29246
30128,26045,26284
30129,24019,24256
30130,51642,51745
30131,2139,2350
30132,24442,24679
30133,34749,35006
30134,37693,37966
30135,27745,27984
30136,42941,43218
30137,17885,18114
30138,3563,3779
30139,37213,37486
30140,928,1138
30141,26958,27197
30142,23789,24026
30143,14730,14955
30144,37654,37927
30145,38242,38515
30146,46520,46803
30147,42215,42491
30148,13073,13297
30149,51450,51551
30150,28194,28433
30151,28135,28374
30152,50722,50822
30153,3772,3990
30154,21740,21976
30155,47625,47910
30156,31164,31404
30157,10381,10605
30158,8488,8710
30159,17015,17244
30160,47177,47462
30161,37390,37663
30162,44553,44830
30163,3204,3420
30164,27647,27886
30165,16352,16577
30166,54054,54165
30167,45962,46243
30168,7908,8130
30169,23760,23997
30170,26756,26995
30171,52070,52175
30172,6299,6520
30173,47261,47546
30174,25477,25715
30175,38629,38902
30176,16439,16664
30177,45407,45685
30178,33765,34012
30179,42855,43132
30180,8502,8724
30181,24526,24763
30182,30149,30388
30183,28289,28528
30184,46201,46482
30185,21718,21954
30186,8999,9222
30187,22037,22273
30188,28399,28638
30189,36509,36781
30190,4955,5176
30191,29279,29518
30192,54748,54859
30193,1310,1521
30194,8439,8661
30195,20325,20558
30196,42336,42612
30197,15008,15233
30198,7814,8036
30199,30222,30461
30200,45974,46255
30201,28966,29205
30202,56909,57024
30203,14,15
30204,14035,14260
30205,39840,40114
30206,32778,33021
30207,10325,10549
30208,6502,6723
30209,3852,4070
30210,37045,37317
30211,46804,47088
30212,40364,40639
30213,12155,12379
30214,5016,5237
30215,56486,56601
30216,38965,39238
30217,19697,19930
30218,31370,31611
30219,16896,17123
30220,37185,37458
30221,42745,43022
30222,37881,38154
30223,26952,27191
30224,12770,12994
30225,26081,26320
30226,8024,8246
30227,28110,28349
30228,46349,46630
30229,26915,27154
30230,31729,31970
30231,18864,19095
30232,55299,55412
30233,42493,42769
30234,15097,15322
30235,47193,47478
30236,38550,38823
30237,38002,38275
30238,44005,44282
30239,25125,25363
30240,40763,41038
30241,8437,8659
30242,11616,11840
30243,49673,49753
30244,30864,31103
30245,9701,9925
30246,17213,17442
30247,7617,7839
30248,2098,2309
30249,32610,32853
30250,52976,53083
30251,42353,42629
30252,17303,17532
30253,23501,23738
30254,21559,21795
30255,53497,53606
30256,14280,14505
30257,15078,15303
30258,5403,5624
30259,45270,45548
30260,21062,21297
30261,43171,43448
30262,16719,16946
30263,43468,43745
30264,15277,15502
30265,20190,20423
30266,20852,21087
30267,26252,26491
30268,40872,41147
30269,29205,29444
30270,53100,53207
30271,32667,32910
30272,34121,34371
30273,42560,42837
30274,37922,38195
30275,16222,16447
30276,28221,28460
30277,16104,16329
30278,51727,51830
30279,9235,9458
30280,40865,41140
30281,6950,7172
30282,23738,23975
30283,41843,42119
30284,38704,38977
30285,24770,25007
30286,22836,23073
30287,42751,43028
30288,51805,51910
30289,14557,14782
30290,38164,38437
30291,2844,3058
30292,20875,21110
30293,47064,47349
30294,49928,50024
30295,2365,2577
30296,41517,41793
30297,48650,48729
30298,38611,38884
30299,55741,55855
30300,40062,40336
30301,28296,28535
30302,28603,28842
30303,53304,53411
30304,36718,36990
30305,33515,33761
30306,22235,22471
30307,33496,33742
30308,31612,31853
30309,46720,47004
30310,13739,13964
30311,48708,48787
30312,34633,34890
30313,35335,35597
30314,33878,34125
30315,33825,34072
30316,16267,16492
30317,45392,45670
30318,28422,28661
30319,35950,36216
30320,11361,11585
30321,25641,25879
30322,17608,17837
30323,9317,9540
30324,31224,31465
30325,41486,41762
30326,6018,6239
30327,51769,51874
30328,16744,16971
30329,293,501
30330,21081,21316
30331,41835,42111
30332,22793,23030
30333,18346,18576
30334,52978,53085
30335,1123,1333
30336,34758,35015
30337,39074,39347
30338,26491,26730
30339,51621,51724
30340,37037,37309
30341,8601,8823
30342,2534,2748
30343,25383,25621
30344,54782,54893
30345,7913,8135
30346,27620,27859
30347,55625,55739
30348,7760,7982
30349,428,637
30350,32389,32632
30351,43123,43400
30352,54117,54228
30353,13684,13908
30354,49280,49360
30355,25767,26005
30356,13477,13701
30357,40507,40782
30358,43818,44095
30359,26145,26384
30360,18661,18891
30361,36777,37049
30362,46666,46949
30363,53555,53664
30364,39585,39859
30365,47060,47345
30366,41390,41666
30367,20140,20373
30368,52954,53061
30369,41884,42160
30370,39125,39398
30371,20353,20586
30372,17792,18021
30373,36863,37135
30374,41299,41575
30375,18236,18466
30376,20760,20995
30377,54155,54266
30378,34065,34312
30379,42691,42968
30380,5,6
30381,11611,11835
30382,52604,52711
30383,25677,25915
30384,38087,38360
30385,34107,34357
30386,53018,53125
30387,6820,7041
30388,52135,52240
30389,27378,27617
30390,33148,33394
30391,49571,49651
30392,26221,26460
30393,40594,40869
30394,9873,10097
30395,40694,40968
30396,34523,34780
30397,52362,52469
30398,54213,54324
30399,28651,28890
30400,12590,12814
30401,34221,34471
30402,29732,29971
30403,49090,49169
30404,36299,36571
30405,48447,48526
30406,9817,10041
30407,49180,49260
30408,11853,12077
30409,11094,11318
30410,5690,5911
30411,44455,44732
30412,11760,11984
30413,47210,47495
30414,44219,44496
30415,17960,18190
30416,47215,47500
30417,47937,48015
30418,1345,1556
30419,54948,55059
30420,18249,18479
30421,39306,39579
30422,52363,52470
30423,46141,46422
30424,38420,38693
30425,12461,12685
30426,414,623
30427,16257,16482
30428,26332,26571
30429,325,533
30430,25307,25545
30431,3082,3297
30432,11956,12180
30433,33278,33524
30434,32332,32575
30435,41980,42256
30436,46792,47076
30437,33804,34051
30438,51952,52057
30439,20956,21191
30440,8398,8620
30441,42502,42778
30442,13744,13969
30443,6999,7221
30444,1938,2149
30445,45468,45747
30446,40464,40739
30447,3240,3456
30448,44081,44358
30449,35627,35891
30450,13967,14192
30451,44585,44862
30452,54846,54957
30453,12810,13034
30454,8548,8770
30455,49799,49879
30456,44644,44921
30457,18589,18819
30458,17963,18193
30459,48034,48112
30460,26587,26826
30461,28340,28579
30462,44607,44884
30463,27243,27482
30464,18874,19105
30465,48992,49071
30466,39081,39354
30467,24118,24355
30468,27418,27657
30469,5815,6036
30470,52177,52282
30471,5617,5838
30472,35932,36198
30473,56186,56300
30474,33219,33465
30475,53997,54108
30476,50347,50447
30477,40359,40634
30478,12921,13145
30479,51386,51487
30480,20018,20251
30481,54762,54873
30482,27445,27684
30483,32844,33087
30484,32663,32906
30485,42794,43071
30486,33258,33504
30487,28963,29202
30488,9944,10168
30489,10829,11053
30490,10322,10546
30491,2602,2816
30492,717,927
30493,11892,12116
30494,7815,8037
30495,5018,5239
30496,36149,36420
30497,12513,12737
30498,37049,37321
30499,13009,13233
30500,44105,44382
30501,10540,10764
30502,44967,45244
30503,54076,54187
30504,32092,32334
30505,38329,38602
30506,49350,49430
30507,33388,33634
30508,12042,12266
30509,29098,29337
30510,29662,29901
30511,26916,27155
30512,36524,36796
30513,10173,10397
30514,27865,28104
30515,45122,45399
30516,6866,7087
30517,12095,12319
30518,55448,55562
30519,17073,17302
30520,34268,34518
30521,44250,44527
30522,49581,49661
30523,54319,54430
30524,36832,37104
30525,55474,55588
30526,37562,37835
30527,22672,22909
30528,35822,36087
30529,8764,8987
30530,37444,37717
30531,42317,42593
30532,54862,54973
30533,48254,48333
30534,14831,15056
30535,50160,50259
30536,39258,39531
30537,38905,39178
30538,39393,39666
30539,27317,27556
30540,42888,43165
30541,50314,50414
30542,25291,25529
30543,25259,25497
30544,9828,10052
30545,27925,28164
30546,56879,56994
30547,25602,25840
30548,223,431
30549,43184,43461
30550,4569,4790
30551,38790,39063
30552,42378,42654
30553,12653,12877
30554,18764,18994
30555,40084,40358
30556,33688,33934
30557,16114,16339
30558,7309,7531
30559,8135,8357
30560,25816,26054
30561,51171,51272
30562,33794,34041
30563,51923,52028
30564,19402,19633
30565,21080,21315
30566,24951,25188
30567,46300,46581
30568,42715,42992
30569,11891,12115
30570,24599,24836
30571,19869,20102
30572,19952,20185
30573,30634,30873
30574,26270,26509
30575,11144,11368
30576,16133,16358
30577,2622,2836
30578,11815,12039
30579,9306,9529
30580,9850,10074
30581,37270,37543
30582,27005,27244
30583,3455,3671
30584,20958,21193
30585,6897,7118
30586,6410,6631
30587,52713,52820
30588,8095,8317
30589,38470,38743
30590,5996,6217
30591,24319,24556
30592,28510,28749
30593,34037,34284
30594,51245,51346
30595,35116,35378
30596,28696,28935
30597,9153,9376
30598,14270,14495
30599,43262,43539
30600,44796,45073
30601,40016,40290
30602,26475,26714
30603,47857,47935
30604,17920,18149
30605,28091,28330
30606,39152,39425
30607,49786,49866
30608,7460,7682
30609,48161,48240
30610,13108,13332
30611,49609,49689
30612,36856,37128
30613,35019,35281
30614,29199,29438
30615,19760,19993
30616,22841,23078
30617,41158,41434
30618,28825,29064
30619,33914,34161
30620,52250,52356
30621,20336,20569
30622,11229,11453
30623,39323,39596
30624,38873,39146
30625,41116,41392
30626,4380,4601
30627,25062,25300
30628,38078,38351
30629,45182,45460
30630,2978,3193
30631,8678,8900
30632,56428,56543
30633,12609,12833
30634,41373,41649
30635,1144,1354
30636,45276,45554
30637,23952,24189
30638,16423,16648
30639,2466,2679
30640,28452,28691
30641,41169,41445
30642,36940,37212
30643,10951,11175
30644,52076,52181
30645,44836,45113
30646,4169,4390
30647,20734,20969
30648,27744,27983
30649,22043,22279
30650,6997,7219
30651,24790,25027
30652,55678,55792
30653,16937,17164
30654,27970,28209
30655,20745,20980
30656,29417,29656
30657,39289,39562
30658,35833,36098
30659,13786,14011
30660,2211,2423
30661,41377,41653
30662,20206,20439
30663,5607,5828
30664,5745,5966
30665,14515,14740
30666,34449,34699
30667,6108,6329
30668,20215,20448
30669,51670,51773
30670,2234,2446
30671,23767,24004
30672,29486,29725
30673,44013,44290
30674,47821,214
30675,608,817
30676,9276,9499
30677,52037,52142
30678,5391,5612
30679,46760,47044
30680,24631,24868
30681,19876,20109
30682,41739,42015
30683,56116,56230
30684,14695,14920
30685,29404,29643
30686,28613,28852
30687,51483,51584
30688,25979,26218
30689,40754,41029
30690,44471,44748
30691,34177,34427
30692,38553,38826
30693,45593,45872
30694,15997,16222
30695,22116,22352
30696,4884,5105
30697,39728,40002
30698,31545,31786
30699,8325,8547
30700,19517,19748
30701,44694,44971
30702,1555,1766
30703,19632,19864
30704,53677,53787
30705,37987,38260
30706,15709,15934
30707,33525,33771
30708,47492,47777
30709,50194,50294
30710,51611,51714
30711,5348,5569
30712,39002,39275
30713,4027,4245
30714,9687,9911
30715,6670,6891
30716,20094,20327
30717,589,798
30718,46032,46313
30719,47666,59
30720,46630,46913
30721,51660,51763
30722,46553,46836
30723,6427,6648
30724,7411,7633
30725,5527,5748
30726,9143,9366
30727,53521,53630
30728,11297,11521
30729,26158,26397
30730,43264,43541
30731,26342,26581
30732,5971,6192
30733,28819,29058
30734,33826,34073
30735,40314,40589
30736,56705,56820
30737,28181,28420
30738,34298,34548
30739,34798,35055
30740,36641,36913
30741,48921,49000
30742,33361,33607
30743,26184,26423
30744,8830,9053
30745,55149,55262
30746,44029,44306
30747,11664,11888
30748,22038,22274
30749,49149,49229
30750,8085,8307
30751,36460,36732
30752,12966,13190
30753,17412,17641
30754,35385,35648
30755,15175,15400
30756,35704,35969
30757,34411,34661
30758,53406,53515
30759,42304,42580
30760,2536,2750
30761,44974,45251
30762,18634,18864
30763,18210,18440
30764,33606,33852
30765,34240,34490
30766,20595,20830
30767,40490,40765
30768,20603,20838
30769,55662,55776
30770,9524,9748
30771,26438,26677
30772,45714,45993
30773,52403,52510
30774,4277,4498
30775,50103,50202
30776,31170,31410
30777,28994,29233
30778,13715,13939
30779,37437,37710
30780,13164,13388
30781,25618,25856
30782,39695,39969
30783,52451,52558
30784,17393,17622
30785,4469,4690
30786,28756,28995
30787,27722,27961
30788,22708,22945
30789,37101,37373
30790,44221,44498
30791,28373,28612
30792,51408,51509
30793,8809,9032
30794,14642,14867
30795,47976,48054
30796,52498,52605
30797,43167,43444
30798,25715,25953
30799,11710,11934
30800,868,1078
30801,43555,43832
30802,51363,51464
30803,56039,56153
30804,48575,48654
30805,39545,39819
30806,9439,9662
30807,27632,27871
30808,55507,55621
30809,16393,16618
30810,8449,8671
30811,43685,43962
30812,580,789
30813,19889,20122
30814,42931,43208
30815,164,372
30816,32321,32564
30817,53745,53855
30818,16122,16347
30819,9461,9684
30820,218,426
30821,45986,46267
30822,54124,54235
30823,13910,14135
30824,55226,55339
30825,36034,36305
30826,4651,4872
30827,48418,48497
30828,43239,43516
30829,23608,23845
30830,37761,38034
30831,25087,25325
30832,53291,53398
30833,33355,33601
30834,3897,4115
30835,41970,42246
30836,32664,32907
30837,46109,46390
30838,1985,2196
30839,12978,13202
30840,31851,32093
30841,37999,38272
30842,40197,40472
30843,51585,51687
30844,9321,9544
30845,47621,47906
30846,10874,11098
30847,36845,37117
30848,46874,47159
30849,53171,53278
30850,27251,27490
30851,39924,40198
30852,14637,14862
30853,34714,34971
30854,927,1137
30855,39885,40159
30856,28474,28713
30857,52278,52384
30858,31346,31587
30859,55707,55821
30860,45233,45511
30861,50904,51005
30862,44801,45078
30863,13931,14156
30864,9369,9592
30865,17975,18205
30866,48370,48449
30867,942,1152
30868,34191,34441
30869,45712,45991
30870,46869,47153
30871,23493,23730
30872,34670,34927
30873,8016,8238
30874,15935,16160
30875,44859,45136
30876,34729,34986
30877,1147,1357
30878,29623,29862
30879,31970,32212
30880,22146,22382
30881,38031,38304
30882,4989,5210
30883,49291,49371
30884,24697,24934
30885,49646,49726
30886,7001,7223
30887,1533,1744
30888,49909,50005
30889,9091,9314
30890,23120,23357
30891,9830,10054
30892,48950,49029
30893,2071,2282
30894,39637,39911
30895,38911,39184
30896,38496,38769
30897,14734,14959
30898,8758,8981
30899,49621,49701
30900,41330,41606
30901,26669,26908
30902,53276,53383
30903,22228,22464
30904,16848,17075
30905,14139,14364
30906,31092,31332
30907,46793,47077
30908,18549,18779
30909,6797,7018
30910,54335,54446
30911,29462,29701
30912,36094,36365
30913,46860,47144
30914,44138,44415
30915,42288,42564
30916,16974,17201
30917,54798,54909
30918,52564,52671
30919,37095,37367
30920,48743,48822
30921,41392,41668
30922,42679,42956
30923,15622,15847
30924,52714,52821
30925,9808,10032
30926,26760,26999
30927,21209,21444
30928,44951,45228
30929,34838,35095
30930,11092,11316
30931,38480,38753
30932,24782,25019
30933,31916,32158
30934,32162,32404
30935,26967,27206
30936,15441,15666
30937,27097,27336
30938,17335,17564
30939,30690,30929
30940,53639,53749
30941,48012,48090
30942,37343,37616
30943,23115,23352
30944,8905,9128
30945,49864,49960
30946,35782,36047
30947,14285,14510
30948,27466,27705
30949,39875,40149
30950,38018,38291
30951,21867,22103
30952,54996,55109
30953,25827,26065
30954,24897,25134
30955,27142,27381
30956,32079,32321
30957,7965,8187
30958,39886,40160
30959,14853,15078
30960,2574,2788
30961,20425,20658
30962,11231,11455
30963,36212,36483
30964,37413,37686
30965,25590,25828
30966,18792,19023
30967,44176,44453
30968,4756,4977
30969,8313,8535
30970,18197,18427
30971,37861,38134
30972,6403,6624
30973,18941,19172
30974,28662,28901
30975,22270,22506
30976,27706,27945
30977,25000,25237
30978,36432,36704
30979,21982,22218
30980,6815,7036
30981,14309,14534
30982,37380,37653
30983,35800,36065
30984,27555,27794
30985,13153,13377
30986,29695,29934
30987,45584,45863
30988,9053,9276
30989,31912,32154
30990,42300,42576
30991,43220,43497
30992,21269,21504
30993,21049,21284
30994,8937,9160
30995,2128,2339
30996,50687,50787
30997,47888,47966
30998,40017,40291
30999,29332,29571
31000,48055,48133
31001,27062,27301
31002,21981,22217
31003,2783,2997
31004,22129,22365
31005,46267,46548
31006,52397,52504
31007,27221,27460
31008,41870,42146
31009,35984,36250
31010,56086,56200
31011,20871,21106
31012,23287,23524
31013,50322,50422
31014,6784,7005
31015,54988,55101
31016,890,1100
31017,39642,39916
31018,55619,55733
31019,41204,41480
31020,24494,24731
31021,46389,46670
31022,29300,29539
31023,29591,29830
31024,23142,23379
31025,46562,46845
31026,1641,1852
31027,25812,26050
31028,31023,31263
31029,53880,53991
31030,53456,53565
31031,56714,56829
31032,54998,55111
31033,1225,1435
31034,27263,27502
31035,49070,49149
31036,52937,53044
31037,12839,13063
31038,26530,26769
31039,40616,40891
31040,42218,42494
31041,52217,52322
31042,55317,55430
31043,14329,14554
31044,38631,38904
31045,48502,48581
31046,33105,33348
31047,21368,21604
31048,6926,7148
31049,44026,44303
31050,52610,52717
31051,38739,39012
31052,320,528
31053,42069,42345
31054,13031,13255
31055,50788,50889
31056,9829,10053
31057,55014,55127
31058,22496,22732
31059,35448,35711
31060,768,978
31061,19548,19779
31062,33400,33646
31063,29879,30118
31064,17837,18066
31065,42709,42986
31066,20856,21091
31067,41524,41800
31068,33779,34026
31069,25175,25413
31070,3459,3675
31071,17087,17316
31072,415,624
31073,29322,29561
31074,34701,34958
31075,51464,51565
31076,33011,33254
31077,5472,5693
31078,8695,8918
31079,35092,35354
31080,6135,6356
31081,26470,26709
31082,12392,12616
31083,14006,14231
31084,12625,12849
31085,25376,25614
31086,15526,15751
31087,28875,29114
31088,21468,21704
31089,832,1042
31090,31892,32134
31091,19990,20223
31092,7835,8057
31093,17149,17378
31094,39465,39738
31095,45284,45562
31096,3212,3428
31097,34342,34592
31098,54683,54794
31099,32386,32629
31100,3608,3824
31101,7359,7581
31102,47250,47535
31103,46405,46686
31104,27825,28064
31105,24681,24918
31106,15568,15793
31107,40896,41171
31108,39798,40072
31109,39923,40197
31110,22532,22768
31111,55580,55694
31112,23394,23631
31113,50523,50623
31114,50206,50306
31115,28913,29152
31116,51924,52029
31117,20686,20921
31118,23419,23656
31119,23835,24072
31120,28126,28365
31121,15642,15867
31122,51024,51125
31123,20751,20986
31124,21994,22230
31125,42980,43257
31126,49091,49170
31127,16756,16983
31128,33613,33859
31129,24443,24680
31130,27125,27364
31131,2884,3098
31132,1150,1360
31133,50154,50253
31134,20297,20530
31135,45142,45419
31136,21267,21502
31137,18832,19063
31138,55162,55275
31139,20812,21047
31140,17937,18166
31141,11368,11592
31142,40923,41198
31143,31506,31747
31144,55779,55893
31145,22938,23175
31146,13565,13789
31147,31925,32167
31148,32163,32405
31149,18509,18739
31150,3677,3894
31151,17839,18068
31152,8244,8466
31153,38479,38752
31154,30989,31229
31155,51654,51757
31156,32037,32279
31157,22407,22643
31158,35970,36236
31159,28397,28636
31160,48134,48213
31161,45082,45359
31162,4760,4981
31163,3543,3759
31164,13463,13687
31165,20697,20932
31166,12119,12343
31167,8383,8605
31168,31453,31694
31169,54667,54778
31170,12684,12908
31171,52414,52521
31172,16185,16410
31173,26039,26278
31174,30455,30694
31175,14903,15128
31176,55103,55216
31177,25032,25269
31178,10030,10254
31179,55394,55508
31180,20071,20304
31181,28777,29016
31182,34604,34861
31183,5437,5658
31184,30209,30448
31185,6193,6414
31186,6367,6588
31187,27916,28155
31188,19908,20141
31189,16484,16709
31190,44229,44506
31191,5448,5669
31192,1258,1469
31193,37122,37394
31194,13630,13854
31195,51022,51123
31196,54834,54945
31197,40764,41039
31198,11057,11281
31199,12361,12585
31200,37815,38088
31201,34077,34324
31202,34030,34277
31203,27959,28198
31204,16294,16519
31205,15877,16102
31206,45095,45372
31207,42700,42977
31208,51575,51676
31209,21856,22092
31210,42909,43186
31211,19627,19859
31212,44681,44958
31213,8753,8976
31214,49128,49207
31215,35486,35749
31216,34839,35096
31217,8944,9167
31218,51808,51913
31219,19870,20103
31220,29956,30195
31221,28764,29003
31222,43173,43450
31223,7402,7624
31224,31598,31839
31225,56682,56797
31226,14492,14717
31227,28992,29231
31228,4418,4639
31229,45449,45728
31230,43864,44141
31231,18828,19059
31232,24347,24584
31233,51378,51479
31234,8961,9184
31235,48092,48170
31236,36507,36779
31237,39941,40215
31238,17994,18224
31239,6791,7012
31240,45196,45474
31241,52860,52967
31242,4591,4812
31243,25621,25859
31244,34971,35233
31245,34334,34584
31246,22807,23044
31247,31101,31341
31248,18445,18675
31249,35374,35637
31250,21257,21492
31251,3668,3885
31252,32251,32494
31253,37757,38030
31254,29797,30036
31255,17387,17616
31256,46868,47152
31257,5977,6198
31258,31343,31584
31259,28689,28928
31260,32244,32487
31261,14433,14658
31262,5781,6002
31263,35985,36251
31264,3777,3995
31265,20785,21020
31266,46542,46825
31267,2792,3006
31268,6322,6543
31269,5164,5385
31270,4128,4349
31271,5250,5471
31272,52310,52416
31273,13558,13782
31274,12547,12771
31275,14175,14400
31276,12389,12613
31277,4847,5068
31278,8818,9041
31279,48620,48699
31280,49732,49812
31281,7606,7828
31282,18434,18664
31283,38953,39226
31284,25484,25722
31285,55594,55708
31286,22132,22368
31287,46081,46362
31288,11257,11481
31289,40253,40528
31290,37586,37859
31291,27287,27526
31292,40510,40785
31293,48441,48520
31294,24408,24645
31295,17526,17755
31296,40762,41037
31297,12632,12856
31298,9188,9411
31299,26141,26380
31300,24274,24511
31301,31458,31699
31302,534,743
31303,21963,22199
31304,27918,28157
31305,37636,37909
31306,45543,45822
31307,23174,23411
31308,17108,17337
31309,30670,30909
31310,22282,22518
31311,22405,22641
31312,40935,41210
31313,14653,14878
31314,42005,42281
31315,44011,44288
31316,23516,23753
31317,30181,30420
31318,3562,3778
31319,6102,6323
31320,41133,41409
31321,41151,41427
31322,1959,2170
31323,49207,49287
31324,20037,20270
31325,45662,45941
31326,35708,35973
31327,47966,48044
31328,41572,41848
31329,28581,28820
31330,4057,4275
31331,2604,2818
31332,9022,9245
31333,40656,40930
31334,47960,48038
31335,44485,44762
31336,51565,51666
31337,15789,16014
31338,40410,40685
31339,47461,47746
31340,36651,36923
31341,2709,2923
31342,52650,52757
31343,22317,22553
31344,51241,51342
31345,37623,37896
31346,27929,28168
31347,2121,2332
31348,3028,3243
31349,7221,7443
31350,49735,49815
31351,32731,32974
31352,15512,15737
31353,14665,14890
31354,31579,31820
31355,4872,5093
31356,15593,15818
31357,47664,57
31358,21591,21827
31359,9115,9338
31360,46361,46642
31361,17159,17388
31362,1292,1503
31363,13919,14144
31364,8691,8913
31365,28151,28390
31366,43324,43601
31367,54185,54296
31368,32718,32961
31369,4634,4855
31370,7735,7957
31371,36745,37017
31372,22387,22623
31373,40945,41220
31374,45571,45850
31375,53215,53322
31376,5161,5382
31377,40995,41271
31378,38994,39267
31379,55096,55209
31380,10893,11117
31381,22611,22848
31382,3412,3628
31383,22614,22851
31384,12715,12939
31385,4400,4621
31386,45163,45440
31387,17976,18206
31388,40727,41002
31389,14660,14885
31390,6190,6411
31391,39034,39307
31392,5364,5585
31393,20158,20391
31394,1600,1811
31395,13070,13294
31396,43161,43438
31397,35388,35651
31398,21941,22177
31399,22033,22269
31400,51939,52044
31401,19657,19890
31402,39682,39956
31403,24490,24727
31404,13794,14019
31405,6359,6580
31406,17446,17675
31407,26613,26852
31408,7758,7980
31409,56881,56996
31410,11358,11582
31411,40257,40532
31412,1776,1987
31413,40251,40526
31414,19387,19618
31415,50679,50779
31416,14313,14538
31417,42055,42331
31418,37971,38244
31419,33057,33300
31420,204,412
31421,26939,27178
31422,18998,19229
31423,13677,13901
31424,53649,53759
31425,38075,38348
31426,49882,49978
31427,31658,31899
31428,43815,44092
31429,8350,8572
31430,25864,26103
31431,7150,7372
31432,968,1178
31433,44647,44924
31434,6610,6831
31435,9014,9237
31436,14946,15171
31437,9199,9422
31438,41663,41939
31439,37626,37899
31440,33578,33824
31441,48141,48220
31442,56791,56906
31443,13706,13930
31444,8919,9142
31445,28882,29121
31446,42582,42859
31447,17944,18173
31448,29370,29609
31449,39980,40254
31450,6593,6814
31451,7851,8073
31452,14030,14255
31453,44591,44868
31454,14802,15027
31455,6497,6718
31456,47242,47527
31457,31205,31445
31458,54711,54822
31459,17104,17333
31460,22895,23132
31461,55828,55942
31462,22647,22884
31463,4170,4391
31464,11894,12118
31465,41333,41609
31466,375,584
31467,4828,5049
31468,22974,23211
31469,18248,18478
31470,54261,54372
31471,36752,37024
31472,35282,35544
31473,27322,27561
31474,30369,30608
31475,51590,51692
31476,26101,26340
31477,17598,17827
31478,16918,17145
31479,25958,26197
31480,16032,16257
31481,22814,23051
31482,53919,54030
31483,5652,5873
31484,39042,39315
31485,12926,13150
31486,12677,12901
31487,16723,16950
31488,31413,31654
31489,51045,51146
31490,49589,49669
31491,17390,17619
31492,19417,19648
31493,11709,11933
31494,29637,29876
31495,15241,15466
31496,163,371
31497,15257,15482
31498,1517,1728
31499,18472,18702
31500,50013,50111
31501,15898,16123
31502,54869,54980
31503,24331,24568
31504,11811,12035
31505,24714,24951
31506,29106,29345
31507,53111,53218
31508,38895,39168
31509,42982,43259
31510,24091,24328
31511,12230,12454
31512,44325,44602
31513,36189,36460
31514,32155,32397
31515,1371,1582
31516,43371,43648
31517,24785,25022
31518,44398,44675
31519,24686,24923
31520,8374,8596
31521,38180,38453
31522,15139,15364
31523,19359,19590
31524,44526,44803
31525,50177,50276
31526,29327,29566
31527,22483,22719
31528,18997,19228
31529,7990,8212
31530,20657,20892
31531,49054,49133
31532,34650,34907
31533,13091,13315
31534,6026,6247
31535,18362,18592
31536,13813,14038
31537,35982,36248
31538,12469,12693
31539,50526,50626
31540,11608,11832
31541,16784,17011
31542,7512,7734
31543,24907,25144
31544,38176,38449
31545,9930,10154
31546,19950,20183
31547,32618,32861
31548,21313,21548
31549,55527,55641
31550,36757,37029
31551,54304,54415
31552,26324,26563
31553,33031,33274
31554,31017,31257
31555,29142,29381
31556,10732,10956
31557,30238,30477
31558,52951,53058
31559,14630,14855
31560,36751,37023
31561,45503,45782
31562,33923,34170
31563,8991,9214
31564,32782,33025
31565,44211,44488
31566,44141,44418
31567,3946,4164
31568,55533,55647
31569,7525,7747
31570,44620,44897
31571,44128,44405
31572,39996,40270
31573,7770,7992
31574,1502,1713
31575,40800,41075
31576,24263,24500
31577,8613,8835
31578,48657,48736
31579,28514,28753
31580,7239,7461
31581,38530,38803
31582,9852,10076
31583,23864,24101
31584,21573,21809
31585,20123,20356
31586,22012,22248
31587,10786,11010
31588,33418,33664
31589,1229,1439
31590,36984,37256
31591,11495,11719
31592,17372,17601
31593,55288,55401
31594,14582,14807
31595,6382,6603
31596,14404,14629
31597,27291,27530
31598,1088,1298
31599,30937,31176
31600,9680,9904
31601,51215,51316
31602,44003,44280
31603,54432,54543
31604,26977,27216
31605,52277,52383
31606,43545,43822
31607,45768,46047
31608,48863,48942
31609,38857,39130
31610,41164,41440
31611,49264,49344
31612,37427,37700
31613,20184,20417
31614,3988,4206
31615,54620,54731
31616,14101,14326
31617,47243,47528
31618,27440,27679
31619,32187,32430
31620,38104,38377
31621,26986,27225
31622,20473,20708
31623,44218,44495
31624,33559,33805
31625,7788,8010
31626,42097,42373
31627,47324,47609
31628,2523,2737
31629,44872,45149
31630,27420,27659
31631,37916,38189
31632,3983,4201
31633,54780,54891
31634,54293,54404
31635,30210,30449
31636,40274,40549
31637,37370,37643
31638,19602,19834
31639,48609,48688
31640,47598,47883
31641,40740,41015
31642,27079,27318
31643,23875,24112
31644,17214,17443
31645,36064,36335
31646,44234,44511
31647,9929,10153
31648,21181,21416
31649,23482,23719
31650,36206,36477
31651,25891,26130
31652,47312,47597
31653,32774,33017
31654,46683,46967
31655,2628,2842
31656,9494,9717
31657,29733,29972
31658,16136,16361
31659,32728,32971
31660,41778,42054
31661,49614,49694
31662,11348,11572
31663,11084,11308
31664,46233,46514
31665,1297,1508
31666,53375,53484
31667,18105,18335
31668,5684,5905
31669,13436,13660
31670,51511,51612
31671,18262,18492
31672,15284,15509
31673,22965,23202
31674,19567,19798
31675,44220,44497
31676,15540,15765
31677,17323,17552
31678,39631,39905
31679,6309,6530
31680,40833,41108
31681,19457,19688
31682,27426,27665
31683,1594,1805
31684,44012,44289
31685,47125,47410
31686,54429,54540
31687,55950,56064
31688,3957,4175
31689,20323,20556
31690,53887,53998
31691,5993,6214
31692,25485,25723
31693,47445,47730
31694,35759,36024
31695,55964,56078
31696,10590,10814
31697,55790,55904
31698,6585,6806
31699,15734,15959
31700,49336,49416
31701,48606,48685
31702,18235,18465
31703,9868,10092
31704,43607,43884
31705,48630,48709
31706,43436,43713
31707,43994,44271
31708,45688,45967
31709,21962,22198
31710,45372,45650
31711,21164,21399
31712,16001,16226
31713,38431,38704
31714,7834,8056
31715,49536,49616
31716,33114,33357
31717,28127,28366
31718,23837,24074
31719,24445,24682
31720,45558,45837
31721,49434,49514
31722,17116,17345
31723,51752,51857
31724,31951,32193
31725,21974,22210
31726,15244,15469
31727,38515,38788
31728,40812,41087
31729,1175,1385
31730,6665,6886
31731,20283,20516
31732,35590,35854
31733,37405,37678
31734,36713,36985
31735,5170,5391
31736,41422,41698
31737,11389,11613
31738,49497,49577
31739,41283,41559
31740,34784,35041
31741,14387,14612
31742,8983,9206
31743,43234,43511
31744,9605,9829
31745,224,432
31746,33618,33864
31747,1770,1981
31748,32717,32960
31749,56051,56165
31750,26857,27096
31751,8477,8699
31752,17968,18198
31753,888,1098
31754,11075,11299
31755,17336,17565
31756,12837,13061
31757,52453,52560
31758,48753,48832
31759,43450,43727
31760,53489,53598
31761,37502,37775
31762,47867,47945
31763,41246,41522
31764,54529,54640
31765,27720,27959
31766,10004,10228
31767,35584,35848
31768,43894,44171
31769,32431,32674
31770,11153,11377
31771,45858,46137
31772,41093,41369
31773,16441,16666
31774,54970,55081
31775,10450,10674
31776,53653,53763
31777,6003,6224
31778,33474,33720
31779,13118,13342
31780,11653,11877
31781,34324,34574
31782,7300,7522
31783,34258,34508
31784,25716,25954
31785,53852,53963
31786,9819,10043
31787,51688,51791
31788,41706,41982
31789,53567,53677
31790,22889,23126
31791,41818,42094
31792,23318,23555
31793,19154,19385
31794,606,815
31795,21104,21339
31796,54445,54556
31797,14603,14828
31798,47774,167
31799,54572,54683
31800,43943,44220
31801,13129,13353
31802,43933,44210
31803,6258,6479
31804,26417,26656
31805,47046,47331
31806,19400,19631
31807,51557,51658
31808,9734,9958
31809,30461,30700
31810,17272,17501
31811,9602,9826
31812,36606,36878
31813,23364,23601
31814,25317,25555
31815,28612,28851
31816,50268,50368
31817,33946,34193
31818,36315,36587
31819,9922,10146
31820,6048,6269
31821,16561,16786
31822,19879,20112
31823,2385,2597
31824,48943,49022
31825,28557,28796
31826,26661,26900
31827,24107,24344
31828,52283,52389
31829,20208,20441
31830,47038,47323
31831,7624,7846
31832,5861,6082
31833,50329,50429
31834,5048,5269
31835,36846,37118
31836,15511,15736
31837,45018,45295
31838,48892,48971
31839,53834,53945
31840,43591,43868
31841,38003,38276
31842,43023,43300
31843,29214,29453
31844,4457,4678
31845,3361,3577
31846,29079,29318
31847,21551,21787
31848,37246,37519
31849,12139,12363
31850,33352,33598
31851,20448,20683
31852,12749,12973
31853,39464,39737
31854,40256,40531
31855,24724,24961
31856,25256,25494
31857,22178,22414
31858,37833,38106
31859,43928,44205
31860,42341,42617
31861,20290,20523
31862,2544,2758
31863,40927,41202
31864,49495,49575
31865,22086,22322
31866,13307,13531
31867,16134,16359
31868,13609,13833
31869,20255,20488
31870,44582,44859
31871,38046,38319
31872,14708,14933
31873,13243,13467
31874,53315,53423
31875,15873,16098
31876,38172,38445
31877,15148,15373
31878,38014,38287
31879,42969,43246
31880,1903,2114
31881,25652,25890
31882,48163,48242
31883,55808,55922
31884,35924,36190
31885,45186,45464
31886,55705,55819
31887,39797,40071
31888,46047,46328
31889,8340,8562
31890,30889,31128
31891,11324,11548
31892,25711,25949
31893,24455,24692
31894,10130,10354
31895,36511,36783
31896,22960,23197
31897,45300,45578
31898,50689,50789
31899,43335,43612
31900,557,766
31901,30547,30786
31902,3021,3236
31903,5127,5348
31904,24941,25178
31905,17194,17423
31906,38834,39107
31907,23966,24203
31908,17220,17449
31909,18215,18445
31910,28938,29177
31911,1425,1636
31912,36822,37094
31913,25740,25978
31914,37694,37967
31915,45051,45328
31916,45722,46001
31917,1201,1411
31918,19176,19407
31919,41897,42173
31920,4771,4992
31921,41062,41338
31922,46105,46386
31923,35724,35989
31924,50775,50875
31925,55252,55365
31926,50627,50727
31927,54372,54483
31928,29066,29305
31929,45795,46074
31930,31542,31783
31931,54302,54413
31932,17911,18140
31933,824,1034
31934,2603,2817
31935,28012,28251
31936,2923,3137
31937,38744,39017
31938,6185,6406
31939,35216,35478
31940,20581,20816
31941,40083,40357
31942,32638,32881
31943,12188,12412
31944,51444,51545
31945,39473,39746
31946,31641,31882
31947,21662,21898
31948,14540,14765
31949,40478,40753
31950,34641,34898
31951,8784,9007
31952,50925,51026
31953,31865,32107
31954,5939,6160
31955,25276,25514
31956,43493,43770
31957,33843,34090
31958,32872,33115
31959,5199,5420
31960,19287,19518
31961,37448,37721
31962,38628,38901
31963,41786,42062
31964,51569,51670
31965,30004,30243
31966,23838,24075
31967,18237,18467
31968,32695,32938
31969,53113,53220
31970,36673,36945
31971,40296,40571
31972,31900,32142
31973,26848,27087
31974,34766,35023
31975,29712,29951
31976,14472,14697
31977,13904,14129
31978,47459,47744
31979,55173,55286
31980,50631,50731
31981,22207,22443
31982,2245,2457
31983,35381,35644
31984,37,245
31985,15272,15497
31986,885,1095
31987,44017,44294
31988,22365,22601
31989,38794,39067
31990,16907,17134
31991,45542,45821
31992,1396,1607
31993,32831,33074
31994,27519,27758
31995,53199,53306
31996,42113,42389
31997,20326,20559
31998,33010,33253
31999,40554,40829
32000,40795,41070
32001,2034,2245
32002,50559,50659
32003,16138,16363
32004,32019,32261
32005,14514,14739
32006,24105,24342
32007,14398,14623
32008,46802,47086
32009,21322,21557
32010,55928,56042
32011,54063,54174
32012,10007,10231
32013,26508,26747
32014,42450,42726
32015,49305,49385
32016,17310,17539
32017,530,739
32018,37756,38029
32019,52813,52920
32020,32822,33065
32021,45213,45491
32022,3815,4033
32023,23393,23630
32024,29038,29277
32025,53926,54037
32026,8225,8447
32027,54038,54149
32028,36196,36467
32029,10611,10835
32030,4801,5022
32031,17611,17840
32032,26139,26378
32033,8116,8338
32034,5112,5333
32035,49011,49090
32036,19328,19559
32037,23544,23781
32038,32285,32528
32039,41180,41456
32040,35752,36017
32041,41483,41759
32042,28093,28332
32043,3955,4173
32044,32866,33109
32045,51974,52079
32046,6391,6612
32047,26638,26877
32048,7240,7462
32049,20750,20985
32050,32837,33080
32051,38027,38300
32052,55947,56061
32053,26146,26385
32054,5263,5484
32055,9169,9392
32056,24945,25182
32057,10862,11086
32058,21042,21277
32059,21606,21842
32060,7124,7346
32061,33505,33751
32062,14775,15000
32063,19141,19372
32064,17569,17798
32065,19078,19309
32066,9678,9902
32067,13465,13689
32068,51937,52042
32069,6568,6789
32070,12557,12781
32071,12768,12992
32072,5669,5890
32073,40743,41018
32074,33494,33740
32075,35834,36099
32076,13077,13301
32077,52556,52663
32078,46502,46785
32079,14803,15028
32080,6060,6281
32081,38461,38734
32082,11943,12167
32083,32607,32850
32084,9608,9832
32085,4055,4273
32086,53920,54031
32087,287,495
32088,4123,4344
32089,45647,45926
32090,38377,38650
32091,34756,35013
32092,54522,54633
32093,24505,24742
32094,867,1077
32095,31492,31733
32096,37876,38149
32097,10327,10551
32098,20849,21084
32099,16338,16563
32100,9503,9727
32101,19477,19708
32102,30214,30453
32103,52192,52297
32104,49484,49564
32105,29253,29492
32106,26693,26932
32107,44283,44560
32108,1973,2184
32109,43855,44132
32110,44845,45122
32111,49753,49833
32112,25437,25675
32113,53360,53468
32114,30846,31085
32115,53903,54014
32116,9554,9778
32117,53329,53437
32118,30175,30414
32119,38806,39079
32120,32914,33157
32121,15356,15581
32122,39804,40078
32123,4325,4546
32124,20483,20718
32125,14258,14483
32126,19050,19281
32127,19758,19991
32128,36030,36301
32129,14082,14307
32130,15315,15540
32131,35707,35972
32132,39744,40018
32133,16040,16265
32134,31432,31673
32135,56060,56174
32136,34097,34347
32137,38454,38727
32138,43253,43530
32139,47220,47505
32140,1616,1827
32141,37243,37516
32142,9056,9279
32143,14302,14527
32144,28539,28778
32145,39926,40200
32146,48115,48194
32147,32455,32698
32148,612,821
32149,54132,54243
32150,39249,39522
32151,51820,51925
32152,13093,13317
32153,7650,7872
32154,11919,12143
32155,27242,27481
32156,6344,6565
32157,50065,50163
32158,25847,26085
32159,14467,14692
32160,32148,32390
32161,37887,38160
32162,1085,1295
32163,19346,19577
32164,51031,51132
32165,43419,43696
32166,23050,23287
32167,21552,21788
32168,54544,54655
32169,53604,53714
32170,26072,26311
32171,50985,51086
32172,50128,50227
32173,49354,49434
32174,22032,22268
32175,18174,18404
32176,12412,12636
32177,26291,26530
32178,20350,20583
32179,17243,17472
32180,15080,15305
32181,42487,42763
32182,6488,6709
32183,42975,43252
32184,15013,15238
32185,17154,17383
32186,56853,56968
32187,36108,36379
32188,25912,26151
32189,1954,2165
32190,8342,8564
32191,43360,43637
32192,2658,2872
32193,35560,35824
32194,21380,21616
32195,30874,31113
32196,9496,9719
32197,53234,53341
32198,23926,24163
32199,55597,55711
32200,7372,7594
32201,49279,49359
32202,39943,40217
32203,21683,21919
32204,37699,37972
32205,17474,17703
32206,31191,31431
32207,48724,48803
32208,29198,29437
32209,47861,47939
32210,7313,7535
32211,11593,11817
32212,22816,23053
32213,23884,24121
32214,2769,2983
32215,8322,8544
32216,299,507
32217,37624,37897
32218,12366,12590
32219,36256,36527
32220,13280,13504
32221,4720,4941
32222,2505,2719
32223,47800,193
32224,37984,38257
32225,34649,34906
32226,53112,53219
32227,42649,42926
32228,9633,9857
32229,22908,23145
32230,35786,36051
32231,7341,7563
32232,1937,2148
32233,44576,44853
32234,40943,41218
32235,52584,52691
32236,516,725
32237,21725,21961
32238,2013,2224
32239,25505,25743
32240,20303,20536
32241,1242,1452
32242,8835,9058
32243,31508,31749
32244,41583,41859
32245,56118,56232
32246,27405,27644
32247,21474,21710
32248,55340,55454
32249,40171,40445
32250,47979,48057
32251,38385,38658
32252,19866,20099
32253,22277,22513
32254,49767,49847
32255,44734,45011
32256,49699,49779
32257,23745,23982
32258,6473,6694
32259,5764,5985
32260,32934,33177
32261,3239,3455
32262,1610,1821
32263,19778,20011
32264,10768,10992
32265,40270,40545
32266,55652,55766
32267,3746,3964
32268,11668,11892
32269,32858,33101
32270,28130,28369
32271,40301,40576
32272,51371,51472
32273,40845,41120
32274,33465,33711
32275,38599,38872
32276,16117,16342
32277,5651,5872
32278,29103,29342
32279,45476,45755
32280,7332,7554
32281,46354,46635
32282,40110,40384
32283,45863,46142
32284,3890,4108
32285,16748,16975
32286,32737,32980
32287,40483,40758
32288,8065,8287
32289,38143,38416
32290,6604,6825
32291,974,1184
32292,20583,20818
32293,44110,44387
32294,48329,48408
32295,35184,35446
32296,4751,4972
32297,9363,9586
32298,15185,15410
32299,32193,32436
32300,31762,32004
32301,7257,7479
32302,29027,29266
32303,7853,8075
32304,38103,38376
32305,30914,31153
32306,26249,26488
32307,48235,48314
32308,4878,5099
32309,32110,32352
32310,46878,47163
32311,16203,16428
32312,10150,10374
32313,9847,10071
32314,34051,34298
32315,2080,2291
32316,19040,19271
32317,34063,34310
32318,49183,49263
32319,47201,47486
32320,40221,40496
32321,31146,31386
32322,41782,42058
32323,19705,19938
32324,41257,41533
32325,33365,33611
32326,37111,37383
32327,5334,5555
32328,42731,43008
32329,12520,12744
32330,25808,26046
32331,51634,51737
32332,45265,45543
32333,33820,34067
32334,9774,9998
32335,38977,39250
32336,8327,8549
32337,10251,10475
32338,18089,18319
32339,36132,36403
32340,41366,41642
32341,29425,29664
32342,16990,17217
32343,51691,51794
32344,18429,18659
32345,48225,48304
32346,31032,31272
32347,23988,24225
32348,16810,17037
32349,50846,50947
32350,27452,27691
32351,31464,31705
32352,11379,11603
32353,53279,53386
32354,5108,5329
32355,35594,35858
32356,17415,17644
32357,45226,45504
32358,44958,45235
32359,5236,5457
32360,24160,24397
32361,10217,10441
32362,12566,12790
32363,24469,24706
32364,3067,3282
32365,9386,9609
32366,40237,40512
32367,4432,4653
32368,41130,41406
32369,35996,36262
32370,9697,9921
32371,46243,46524
32372,14937,15162
32373,12709,12933
32374,12113,12337
32375,47852,47930
32376,50379,50479
32377,55806,55920
32378,26355,26594
32379,12711,12935
32380,19238,19469
32381,49718,49798
32382,14251,14476
32383,36179,36450
32384,35887,36153
32385,23404,23641
32386,48616,48695
32387,55833,55947
32388,55890,56004
32389,10034,10258
32390,54900,55011
32391,4001,4219
32392,36516,36788
32393,49616,49696
32394,54004,54115
32395,53145,53252
32396,51219,51320
32397,1392,1603
32398,42294,42570
32399,56856,56971
32400,41795,42071
32401,35351,35614
32402,11926,12150
32403,44114,44391
32404,9007,9230
32405,15853,16078
32406,19392,19623
32407,27085,27324
32408,42140,42416
32409,33705,33952
32410,48084,48162
32411,14391,14616
32412,3495,3711
32413,3218,3434
32414,21241,21476
32415,51486,51587
32416,37312,37585
32417,9823,10047
32418,7176,7398
32419,42532,42808
32420,12064,12288
32421,31265,31506
32422,30777,31016
32423,10393,10617
32424,31152,31392
32425,8585,8807
32426,28978,29217
32427,41501,41777
32428,52469,52576
32429,26502,26741
32430,40089,40363
32431,28559,28798
32432,50000,50097
32433,18514,18744
32434,44739,45016
32435,26637,26876
32436,31827,32069
32437,51118,51219
32438,14593,14818
32439,44000,44277
32440,9163,9386
32441,20090,20323
32442,16408,16633
32443,55690,55804
32444,48781,48860
32445,52912,53019
32446,23568,23805
32447,53741,53851
32448,25430,25668
32449,6134,6355
32450,49625,49705
32451,3584,3800
32452,50803,50904
32453,30714,30953
32454,49925,50021
32455,51499,51600
32456,2273,2485
32457,47779,172
32458,40582,40857
32459,8202,8424
32460,9801,10025
32461,37758,38031
32462,36652,36924
32463,22346,22582
32464,15595,15820
32465,79,287
32466,52606,52713
32467,2922,3136
32468,35405,35668
32469,40792,41067
32470,7619,7841
32471,52085,52190
32472,42707,42984
32473,5833,6054
32474,17778,18007
32475,43800,44077
32476,33338,33584
32477,9589,9813
32478,23495,23732
32479,46658,46941
32480,22634,22871
32481,16924,17151
32482,6366,6587
32483,47439,47724
32484,38875,39148
32485,23674,23911
32486,39707,39981
32487,15750,15975
32488,23768,24005
32489,53697,53807
32490,30788,31027
32491,45809,46088
32492,2589,2803
32493,53873,53984
32494,24778,25015
32495,10193,10417
32496,33554,33800
32497,16893,17120
32498,48284,48363
32499,29344,29583
32500,13574,13798
32501,47883,47961
32502,17376,17605
32503,30873,31112
32504,10910,11134
32505,38111,38384
32506,56430,56545
32507,54581,54692
32508,33099,33342
32509,25148,25386
32510,44957,45234
32511,21600,21836
32512,52235,52341
32513,49892,49988
32514,40959,41235
32515,3501,3717
32516,33604,33850
32517,54515,54626
32518,30866,31105
32519,55636,55750
32520,37155,37427
32521,6942,7164
32522,14023,14248
32523,34820,35077
32524,8542,8764
32525,276,484
32526,49912,50008
32527,55780,55894
32528,4054,4272
32529,27468,27707
32530,16674,16901
32531,30875,31114
32532,5589,5810
32533,53460,53569
32534,39086,39359
32535,45782,46061
32536,22501,22737
32537,32538,32781
32538,46843,47127
32539,50644,50744
32540,4000,4218
32541,45034,45311
32542,53514,53623
32543,51950,52055
32544,23175,23412
32545,16339,16564
32546,16271,16496
32547,33603,33849
32548,45112,45389
32549,3406,3622
32550,21152,21387
32551,51268,51369
32552,32814,33057
32553,50460,50560
32554,17905,18134
32555,56300,56415
32556,50473,50573
32557,24390,24627
32558,18913,19144
32559,56731,56846
32560,37131,37403
32561,3502,3718
32562,24359,24596
32563,20378,20611
32564,32680,32923
32565,46839,47123
32566,3956,4174
32567,49437,49517
32568,46412,46693
32569,42471,42747
32570,14527,14752
32571,14794,15019
32572,22660,22897
32573,591,800
32574,48274,48353
32575,8173,8395
32576,9814,10038
32577,54905,55016
32578,56783,56898
32579,50975,51076
32580,51533,51634
32581,14034,14259
32582,9203,9426
32583,24062,24299
32584,17275,17504
32585,36201,36472
32586,12576,12800
32587,18640,18870
32588,15947,16172
32589,49527,49607
32590,16713,16940
32591,30213,30452
32592,39511,39785
32593,16168,16393
32594,42841,43118
32595,39594,39868
32596,26448,26687
32597,23620,23857
32598,11201,11425
32599,21950,22186
32600,8880,9103
32601,2732,2946
32602,40414,40689
32603,49942,50038
32604,48181,48260
32605,45197,45475
32606,27444,27683
32607,4019,4237
32608,35523,35786
32609,15692,15917
32610,46726,47010
32611,21275,21510
32612,12624,12848
32613,53349,53457
32614,14607,14832
32615,9717,9941
32616,474,683
32617,18837,19068
32618,18394,18624
32619,18158,18388
32620,24590,24827
32621,11132,11356
32622,15379,15604
32623,21287,21522
32624,39956,40230
32625,44443,44720
32626,43480,43757
32627,51361,51462
32628,31626,31867
32629,49967,50063
32630,19959,20192
32631,37492,37765
32632,37282,37555
32633,49697,49777
32634,40827,41102
32635,12056,12280
32636,48837,48916
32637,48844,48923
32638,31267,31508
32639,33965,34212
32640,6221,6442
32641,19906,20139
32642,12544,12768
32643,6452,6673
32644,47510,47795
32645,36931,37203
32646,36311,36583
32647,2559,2773
32648,53618,53728
32649,6671,6892
32650,14486,14711
32651,13186,13410
32652,53699,53809
32653,56247,56361
32654,8385,8607
32655,7843,8065
32656,51222,51323
32657,8071,8293
32658,1624,1835
32659,28919,29158
32660,47695,88
32661,27525,27764
32662,31158,31398
32663,20509,20744
32664,35168,35430
32665,21191,21426
32666,48000,48078
32667,47182,47467
32668,37063,37335
32669,11789,12013
32670,20607,20842
32671,47512,47797
32672,19741,19974
32673,19014,19245
32674,39388,39661
32675,47493,47778
32676,55191,55304
32677,16489,16714
32678,40241,40516
32679,38605,38878
32680,1990,2201
32681,48505,48584
32682,20600,20835
32683,22220,22456
32684,23968,24205
32685,47507,47792
32686,5676,5897
32687,28878,29117
32688,13662,13886
32689,54551,54662
32690,41440,41716
32691,13614,13838
32692,31968,32210
32693,13412,13636
32694,52051,52156
32695,5960,6181
32696,18208,18438
32697,45643,45922
32698,35191,35453
32699,2367,2579
32700,36964,37236
32701,40381,40656
32702,28460,28699
32703,36553,36825
32704,3146,3362
32705,44554,44831
32706,10452,10676
32707,4525,4746
32708,45665,45944
32709,13222,13446
32710,4785,5006
32711,2737,2951
32712,38597,38870
32713,25419,25657
32714,36222,36493
32715,12441,12665
32716,14917,15142
32717,34992,35254
32718,43603,43880
32719,52080,52185
32720,26374,26613
32721,53698,53808
32722,373,582
32723,5215,5436
32724,16436,16661
32725,44738,45015
32726,51829,51934
32727,37323,37596
32728,27826,28065
32729,55385,55499
32730,14634,14859
32731,29534,29773
32732,6776,6997
32733,28618,28857
32734,32395,32638
32735,23735,23972
32736,16556,16781
32737,37842,38115
32738,11628,11852
32739,45119,45396
32740,39260,39533
32741,45210,45488
32742,27437,27676
32743,32232,32475
32744,55999,56113
32745,24131,24368
32746,31889,32131
32747,30597,30836
32748,15597,15822
32749,35711,35976
32750,35325,35587
32751,41869,42145
32752,54119,54230
32753,21965,22201
32754,37195,37468
32755,37729,38002
32756,10826,11050
32757,36879,37151
32758,40618,40893
32759,48591,48670
32760,37965,38238
32761,22266,22502
32762,15847,16072
32763,10311,10535
32764,4004,4222
32765,12811,13035
32766,32189,32432
32767,32585,32828
32768,32046,32288
32769,41848,42124
32770,11933,12157
32771,6219,6440
32772,47542,47827
32773,16884,17111
32774,47142,47427
32775,32938,33181
32776,1564,1775
32777,22484,22720
32778,17909,18138
32779,42835,43112
32780,55205,55318
32781,41643,41919
32782,27827,28066
32783,7452,7674
32784,38689,38962
32785,23188,23425
32786,24409,24646
32787,15141,15366
32788,32729,32972
32789,36937,37209
32790,12099,12323
32791,43728,44005
32792,36896,37168
32793,6483,6704
32794,12795,13019
32795,23133,23370
32796,48957,49036
32797,37135,37407
32798,33236,33482
32799,36746,37018
32800,2366,2578
32801,29672,29911
32802,38284,38557
32803,5198,5419
32804,38446,38719
32805,35467,35730
32806,52751,52858
32807,54201,54312
32808,9089,9312
32809,37658,37931
32810,20574,20809
32811,46908,47193
32812,29747,29986
32813,46945,47230
32814,54036,54147
32815,13084,13308
32816,35636,35900
32817,13769,13994
32818,36686,36958
32819,13959,14184
32820,51967,52072
32821,55611,55725
32822,53720,53830
32823,13327,13551
32824,25107,25345
32825,7005,7227
32826,38981,39254
32827,1971,2182
32828,29855,30094
32829,37802,38075
32830,46211,46492
32831,8534,8756
32832,7459,7681
32833,50345,50445
32834,26962,27201
32835,4065,4283
32836,3380,3596
32837,34448,34698
32838,48689,48768
32839,15565,15790
32840,18921,19152
32841,38549,38822
32842,54595,54706
32843,37024,37296
32844,10888,11112
32845,43399,43676
32846,38205,38478
32847,33101,33344
32848,2483,2697
32849,27397,27636
32850,6951,7173
32851,7578,7800
32852,462,671
32853,16738,16965
32854,45627,45906
32855,33222,33468
32856,18048,18278
32857,29089,29328
32858,41909,42185
32859,19975,20208
32860,55748,55862
32861,29970,30209
32862,30097,30336
32863,1738,1949
32864,39526,39800
32865,35354,35617
32866,30579,30818
32867,19299,19530
32868,7077,7299
32869,46096,46377
32870,17082,17311
32871,25851,26089
32872,35475,35738
32873,17156,17385
32874,53090,53197
32875,5082,5303
32876,25388,25626
32877,30645,30884
32878,37944,38217
32879,17175,17404
32880,35150,35412
32881,50246,50346
32882,56949,57064
32883,20778,21013
32884,3717,3935
32885,33234,33480
32886,6133,6354
32887,41168,41444
32888,30204,30443
32889,19306,19537
32890,52117,52222
32891,44940,45217
32892,55087,55200
32893,22017,22253
32894,48789,48868
32895,38101,38374
32896,31106,31346
32897,39025,39298
32898,37553,37826
32899,46052,46333
32900,29264,29503
32901,45935,46214
32902,38699,38972
32903,14840,15065
32904,26993,27232
32905,10573,10797
32906,29479,29718
32907,45654,45933
32908,54193,54304
32909,34175,34425
32910,34651,34908
32911,35756,36021
32912,24116,24353
32913,44212,44489
32914,48923,49002
32915,51032,51133
32916,5143,5364
32917,47627,47912
32918,6892,7113
32919,17262,17491
32920,34213,34463
32921,45488,45767
32922,17338,17567
32923,20042,20275
32924,21680,21916
32925,22333,22569
32926,40822,41097
32927,19448,19679
32928,40899,41174
32929,25819,26057
32930,21344,21579
32931,52212,52317
32932,48684,48763
32933,28270,28509
32934,35709,35974
32935,26459,26698
32936,53680,53790
32937,19669,19902
32938,19932,20165
32939,1266,1477
32940,36140,36411
32941,2546,2760
32942,26063,26302
32943,25245,25483
32944,44982,45259
32945,44077,44354
32946,25963,26202
32947,15611,15836
32948,6370,6591
32949,46667,46950
32950,13393,13617
32951,53819,53930
32952,17908,18137
32953,43472,43749
32954,42245,42521
32955,7173,7395
32956,11344,11568
32957,16011,16236
32958,24729,24966
32959,7713,7935
32960,40170,40444
32961,14125,14350
32962,27279,27518
32963,99,307
32964,30380,30619
32965,17009,17238
32966,50032,50130
32967,45451,45730
32968,12383,12607
32969,20795,21030
32970,5859,6080
32971,39064,39337
32972,35478,35741
32973,15612,15837
32974,16761,16988
32975,29847,30086
32976,53614,53724
32977,50141,50240
32978,31601,31842
32979,55031,55144
32980,52812,52919
32981,30541,30780
32982,35660,35925
32983,43358,43635
32984,18765,18995
32985,37377,37650
32986,52882,52989
32987,53881,53992
32988,17188,17417
32989,2210,2422
32990,1643,1854
32991,37741,38014
32992,11686,11910
32993,47615,47900
32994,23398,23635
32995,12595,12819
32996,22034,22270
32997,22702,22939
32998,47675,68
32999,47526,47811
33000,25954,26193
33001,34308,34558
33002,5466,5687
33003,9770,9994
33004,42572,42849
33005,15127,15352
33006,49548,49628
33007,14615,14840
33008,21105,21340
33009,4319,4540
33010,53764,53874
33011,35309,35571
33012,40433,40708
33013,47550,47835
33014,21921,22157
33015,50539,50639
33016,46446,46727
33017,22718,22955
33018,17307,17536
33019,22204,22440
33020,29367,29606
33021,38095,38368
33022,8378,8600
33023,48025,48103
33024,42207,42483
33025,34671,34928
33026,49660,49740
33027,16806,17033
33028,9459,9682
33029,33934,34181
33030,23435,23672
33031,49415,49495
33032,55452,55566
33033,7586,7808
33034,35103,35365
33035,37845,38118
33036,25795,26033
33037,40368,40643
33038,14919,15144
33039,24878,25115
33040,54407,54518
33041,40758,41033
33042,2854,3068
33043,52598,52705
33044,41384,41660
33045,7273,7495
33046,39038,39311
33047,41665,41941
33048,24493,24730
33049,364,573
33050,28315,28554
33051,21874,22110
33052,46232,46513
33053,7317,7539
33054,28189,28428
33055,29916,30155
33056,13898,14123
33057,4906,5127
33058,43774,44051
33059,26460,26699
33060,35450,35713
33061,8317,8539
33062,35519,35782
33063,15248,15473
33064,24877,25114
33065,26579,26818
33066,45255,45533
33067,15515,15740
33068,46976,47261
33069,51904,52009
33070,36848,37120
33071,54586,54697
33072,46522,46805
33073,24121,24358
33074,15140,15365
33075,48521,48600
33076,26970,27209
33077,14625,14850
33078,29713,29952
33079,36520,36792
33080,22222,22458
33081,42193,42469
33082,2035,2246
33083,46554,46837
33084,40127,40401
33085,21589,21825
33086,23792,24029
33087,25583,25821
33088,27092,27331
33089,747,957
33090,19189,19420
33091,16153,16378
33092,41696,41972
33093,28516,28755
33094,12065,12289
33095,45948,46227
33096,20719,20954
33097,41935,42211
33098,27835,28074
33099,32523,32766
33100,12722,12946
33101,24413,24650
33102,42465,42741
33103,49540,49620
33104,6830,7051
33105,20740,20975
33106,42506,42782
33107,3902,4120
33108,19454,19685
33109,5282,5503
33110,43778,44055
33111,26890,27129
33112,34770,35027
33113,13724,13949
33114,45308,45586
33115,12634,12858
33116,1248,1459
33117,53242,53349
33118,23117,23354
33119,16312,16537
33120,25182,25420
33121,27416,27655
33122,12589,12813
33123,6760,6981
33124,26479,26718
33125,6085,6306
33126,27631,27870
33127,33787,34034
33128,39220,39493
33129,12406,12630
33130,36952,37224
33131,21484,21720
33132,39697,39971
33133,18475,18705
33134,29445,29684
33135,9762,9986
33136,33885,34132
33137,52552,52659
33138,25124,25362
33139,41405,41681
33140,4162,4383
33141,1845,2056
33142,5069,5290
33143,4197,4418
33144,31580,31821
33145,14366,14591
33146,49736,49816
33147,25563,25801
33148,49041,49120
33149,23304,23541
33150,53972,54083
33151,23816,24053
33152,4983,5204
33153,51445,51546
33154,8,9
33155,30047,30286
33156,52780,52887
33157,3579,3795
33158,13649,13873
33159,44317,44594
33160,46757,47041
33161,1428,1639
33162,32277,32520
33163,5965,6186
33164,15508,15733
33165,37296,37569
33166,15784,16009
33167,33246,33492
33168,41690,41966
33169,54739,54850
33170,19087,19318
33171,39485,39758
33172,28795,29034
33173,15775,16000
33174,36754,37026
33175,3742,3960
33176,30537,30776
33177,29794,30033
33178,5445,5666
33179,39991,40265
33180,25091,25329
33181,55530,55644
33182,5743,5964
33183,23766,24003
33184,40992,41268
33185,9792,10016
33186,45021,45298
33187,30932,31171
33188,43505,43782
33189,46372,46653
33190,34969,35231
33191,27999,28238
33192,24372,24609
33193,18372,18602
33194,6995,7217
33195,8798,9021
33196,52825,52932
33197,16983,17210
33198,32044,32286
33199,16131,16356
33200,51889,51994
33201,2908,3122
33202,21717,21953
33203,17888,18117
33204,46456,46737
33205,33741,33988
33206,44892,45169
33207,7818,8040
33208,18113,18343
33209,1431,1642
33210,27603,27842
33211,28958,29197
33212,50121,50220
33213,16673,16900
33214,47225,47510
33215,2349,2561
33216,53020,53127
33217,8039,8261
33218,16513,16738
33219,10072,10296
33220,46897,47182
33221,36788,37060
33222,4478,4699
33223,22564,22800
33224,30732,30971
33225,27364,27603
33226,25863,26102
33227,12725,12949
33228,45456,45735
33229,13177,13401
33230,47500,47785
33231,31769,32011
33232,19597,19829
33233,11143,11367
33234,43155,43432
33235,47990,48068
33236,6545,6766
33237,12219,12443
33238,35027,35289
33239,21734,21970
33240,37536,37809
33241,29929,30168
33242,40320,40595
33243,25221,25459
33244,35311,35573
33245,40486,40761
33246,45541,45820
33247,28000,28239
33248,25022,25259
33249,55100,55213
33250,26224,26463
33251,20391,20624
33252,15700,15925
33253,6175,6396
33254,938,1148
33255,33409,33655
33256,55479,55593
33257,8747,8970
33258,25524,25762
33259,14870,15095
33260,23591,23828
33261,13054,13278
33262,7584,7806
33263,14736,14961
33264,11704,11928
33265,13670,13894
33266,20729,20964
33267,38819,39092
33268,36981,37253
33269,42847,43124
33270,20814,21049
33271,15041,15266
33272,20142,20375
33273,12061,12285
33274,36716,36988
33275,50796,50897
33276,3994,4212
33277,26414,26653
33278,27615,27854
33279,40753,41028
33280,44034,44311
33281,36146,36417
33282,53877,53988
33283,14530,14755
33284,38802,39075
33285,26360,26599
33286,33161,33407
33287,55965,56079
33288,29830,30069
33289,30571,30810
33290,932,1142
33291,51001,51102
33292,13862,14087
33293,32965,33208
33294,36951,37223
33295,31113,31353
33296,14457,14682
33297,18935,19166
33298,36385,36657
33299,54915,55026
33300,29212,29451
33301,53197,53304
33302,15337,15562
33303,28259,28498
33304,2851,3065
33305,55123,55236
33306,55680,55794
33307,39598,39872
33308,9509,9733
33309,50986,51087
33310,52531,52638
33311,39240,39513
33312,24944,25181
33313,44106,44383
33314,27638,27877
33315,25099,25337
33316,30354,30593
33317,20709,20944
33318,10334,10558
33319,37698,37971
33320,9648,9872
33321,28946,29185
33322,43287,43564
33323,45514,45793
33324,15236,15461
33325,4908,5129
33326,18840,19071
33327,46963,47248
33328,34154,34404
33329,29313,29552
33330,4904,5125
33331,47128,47413
33332,1719,1930
33333,39947,40221
33334,20144,20377
33335,30288,30527
33336,24711,24948
33337,21702,21938
33338,3376,3592
33339,55784,55898
33340,22812,23049
33341,28818,29057
33342,47107,47392
33343,36079,36350
33344,783,993
33345,49147,49227
33346,16741,16968
33347,46682,46966
33348,36790,37062
33349,10300,10524
33350,20392,20625
33351,39360,39633
33352,27319,27558
33353,4068,4286
33354,21261,21496
33355,49307,49387
33356,37053,37325
33357,4550,4771
33358,33993,34240
33359,52699,52806
33360,27733,27972
33361,51813,51918
33362,20462,20697
33363,33766,34013
33364,44343,44620
33365,12340,12564
33366,15520,15745
33367,55342,55456
33368,36258,36529
33369,33306,33552
33370,48331,48410
33371,36888,37160
33372,30879,31118
33373,38321,38594
33374,22438,22674
33375,53229,53336
33376,27147,27386
33377,40300,40575
33378,54351,54462
33379,56374,56489
33380,4408,4629
33381,22757,22994
33382,51605,51708
33383,46027,46308
33384,19594,19826
33385,48403,48482
33386,26190,26429
33387,10581,10805
33388,55860,55974
33389,22676,22913
33390,3603,3819
33391,20459,20694
33392,32578,32821
33393,16383,16608
33394,17785,18014
33395,15985,16210
33396,33092,33335
33397,56146,56260
33398,31822,32064
33399,23854,24091
33400,50297,50397
33401,41058,41334
33402,15728,15953
33403,56280,56394
33404,30237,30476
33405,4253,4474
33406,48636,48715
33407,39136,39409
33408,54753,54864
33409,18965,19196
33410,50439,50539
33411,50058,50156
33412,53402,53511
33413,44134,44411
33414,38437,38710
33415,35308,35570
33416,32178,32421
33417,394,603
33418,48842,48921
33419,4066,4284
33420,18727,18957
33421,6542,6763
33422,18588,18818
33423,19511,19742
33424,35941,36207
33425,25303,25541
33426,46224,46505
33427,23953,24190
33428,7779,8001
33429,39561,39835
33430,35557,35821
33431,19192,19423
33432,41673,41949
33433,20474,20709
33434,40215,40490
33435,50787,50888
33436,15046,15271
33437,56891,57006
33438,56586,56701
33439,1647,1858
33440,27671,27910
33441,2764,2978
33442,48282,48361
33443,19868,20101
33444,44480,44757
33445,31515,31756
33446,21696,21932
33447,41842,42118
33448,29808,30047
33449,56343,56458
33450,38160,38433
33451,12195,12419
33452,34460,34710
33453,21920,22156
33454,9336,9559
33455,52640,52747
33456,22104,22340
33457,8148,8370
33458,51693,51796
33459,13580,13804
33460,45061,45338
33461,23809,24046
33462,9003,9226
33463,13863,14088
33464,35583,35847
33465,26849,27088
33466,11500,11724
33467,17949,18179
33468,40798,41073
33469,30805,31044
33470,7636,7858
33471,46177,46458
33472,12495,12719
33473,28593,28832
33474,18731,18961
33475,51441,51542
33476,43564,43841
33477,14271,14496
33478,33132,33378
33479,26115,26354
33480,26451,26690
33481,28052,28291
33482,34044,34291
33483,20358,20591
33484,47197,47482
33485,1511,1722
33486,2171,2382
33487,8033,8255
33488,16705,16932
33489,21133,21368
33490,38598,38871
33491,43872,44149
33492,15572,15797
33493,41845,42121
33494,28611,28850
33495,32796,33039
33496,5803,6024
33497,46917,47202
33498,23168,23405
33499,51328,51429
33500,26434,26673
33501,21240,21475
33502,10324,10548
33503,33685,33931
33504,9698,9922
33505,16248,16473
33506,41538,41814
33507,34039,34286
33508,13367,13591
33509,4271,4492
33510,35710,35975
33511,15501,15726
33512,38921,39194
33513,46280,46561
33514,21913,22149
33515,29939,30178
33516,23507,23744
33517,874,1084
33518,47047,47332
33519,8877,9100
33520,34130,34380
33521,26082,26321
33522,31576,31817
33523,32904,33147
33524,4208,4429
33525,50463,50563
33526,32221,32464
33527,44028,44305
33528,13064,13288
33529,9546,9770
33530,43259,43536
33531,41626,41902
33532,14959,15184
33533,2939,3154
33534,40436,40711
33535,16210,16435
33536,34965,35227
33537,22932,23169
33538,45819,46098
33539,3296,3512
33540,13772,13997
33541,24667,24904
33542,8852,9075
33543,36853,37125
33544,46115,46396
33545,18092,18322
33546,24068,24305
33547,15112,15337
33548,37957,38230
33549,47138,47423
33550,15469,15694
33551,42686,42963
33552,56141,56255
33553,44718,44995
33554,36356,36628
33555,33731,33978
33556,18074,18304
33557,53655,53765
33558,34962,35224
33559,42457,42733
33560,30684,30923
33561,22546,22782
33562,47229,47514
33563,13572,13796
33564,46244,46525
33565,5872,6093
33566,7600,7822
33567,19264,19495
33568,56684,56799
33569,55185,55298
33570,18666,18896
33571,50399,50499
33572,42337,42613
33573,5140,5361
33574,25434,25672
33575,6813,7034
33576,41078,41354
33577,16160,16385
33578,5145,5366
33579,17378,17607
33580,51505,51606
33581,45836,46115
33582,13610,13834
33583,31748,31989
33584,8512,8734
33585,12764,12988
33586,24725,24962
33587,13990,14215
33588,44594,44871
33589,38459,38732
33590,11795,12019
33591,8772,8995
33592,16663,16890
33593,3904,4122
33594,8484,8706
33595,6330,6551
33596,40075,40349
33597,4116,4337
33598,18396,18626
33599,53488,53597
33600,2648,2862
33601,7672,7894
33602,45925,46204
33603,41606,41882
33604,23040,23277
33605,41805,42081
33606,23377,23614
33607,1223,1433
33608,38447,38720
33609,37404,37677
33610,1092,1302
33611,51650,51753
33612,54115,54226
33613,23157,23394
33614,5323,5544
33615,52536,52643
33616,10245,10469
33617,21115,21350
33618,17623,17852
33619,11009,11233
33620,54955,55066
33621,31058,31298
33622,29676,29915
33623,19,20
33624,42417,42693
33625,2530,2744
33626,26266,26505
33627,41678,41954
33628,25483,25721
33629,8561,8783
33630,53216,53323
33631,51257,51358
33632,729,939
33633,15317,15542
33634,419,628
33635,33903,34150
33636,37093,37365
33637,46914,47199
33638,35534,35797
33639,49197,49277
33640,40817,41092
33641,48834,48913
33642,53930,54041
33643,48738,48817
33644,19701,19934
33645,26581,26820
33646,47764,157
33647,23319,23556
33648,47206,47491
33649,41140,41416
33650,1871,2082
33651,32355,32598
33652,45121,45398
33653,27829,28068
33654,41170,41446
33655,20826,21061
33656,42850,43127
33657,32419,32662
33658,25014,25251
33659,4454,4675
33660,36685,36957
33661,28821,29060
33662,44751,45028
33663,50071,50169
33664,33713,33960
33665,30018,30257
33666,32036,32278
33667,40911,41186
33668,10911,11135
33669,18777,19007
33670,5535,5756
33671,18650,18880
33672,27625,27864
33673,38783,39056
33674,52617,52724
33675,11029,11253
33676,2566,2780
33677,8900,9123
33678,17183,17412
33679,30803,31042
33680,29598,29837
33681,29738,29977
33682,34022,34269
33683,12900,13124
33684,6196,6417
33685,53681,53791
33686,14680,14905
33687,23269,23506
33688,39750,40024
33689,9539,9763
33690,13650,13874
33691,3246,3462
33692,2225,2437
33693,55595,55709
33694,38543,38816
33695,36725,36997
33696,3659,3876
33697,8410,8632
33698,1605,1816
33699,40336,40611
33700,43122,43399
33701,55578,55692
33702,50774,50874
33703,22211,22447
33704,21326,21561
33705,25339,25577
33706,43465,43742
33707,8744,8967
33708,5871,6092
33709,29526,29765
33710,24560,24797
33711,18257,18487
33712,26515,26754
33713,17251,17480
33714,41943,42219
33715,38235,38508
33716,42057,42333
33717,54938,55049
33718,52229,52335
33719,45,253
33720,13663,13887
33721,48276,48355
33722,9820,10044
33723,35921,36187
33724,37415,37688
33725,26043,26282
33726,38122,38395
33727,44772,45049
33728,35166,35428
33729,37533,37806
33730,6202,6423
33731,54178,54289
33732,31981,32223
33733,15269,15494
33734,529,738
33735,47132,47417
33736,36492,36764
33737,28838,29077
33738,28416,28655
33739,10474,10698
33740,47884,47962
33741,197,405
33742,38159,38432
33743,37951,38224
33744,8984,9207
33745,48913,48992
33746,14829,15054
33747,1635,1846
33748,6209,6430
33749,8605,8827
33750,35139,35401
33751,56109,56223
33752,2513,2727
33753,45978,46259
33754,1453,1664
33755,40890,41165
33756,26945,27184
33757,15429,15654
33758,12610,12834
33759,43219,43496
33760,42178,42454
33761,19222,19453
33762,13156,13380
33763,1141,1351
33764,45412,45690
33765,34393,34643
33766,35512,35775
33767,12976,13200
33768,51026,51127
33769,8301,8523
33770,50579,50679
33771,42845,43122
33772,28750,28989
33773,32118,32360
33774,6137,6358
33775,39436,39709
33776,25345,25583
33777,52589,52696
33778,17431,17660
33779,18870,19101
33780,10367,10591
33781,22107,22343
33782,7488,7710
33783,26314,26553
33784,48312,48391
33785,30839,31078
33786,12127,12351
33787,17033,17262
33788,18914,19145
33789,35958,36224
33790,18945,19176
33791,21091,21326
33792,28392,28631
33793,53256,53363
33794,10301,10525
33795,52826,52933
33796,33915,34162
33797,23694,23931
33798,49941,50037
33799,52993,53100
33800,28896,29135
33801,37829,38102
33802,15473,15698
33803,53559,53669
33804,11840,12064
33805,44794,45071
33806,13853,14078
33807,7737,7959
33808,29947,30186
33809,54612,54723
33810,2237,2449
33811,12975,13199
33812,48018,48096
33813,16630,16857
33814,40989,41265
33815,42062,42338
33816,46684,46968
33817,36454,36726
33818,42480,42756
33819,56660,56775
33820,16412,16637
33821,34954,35216
33822,39742,40016
33823,7070,7292
33824,34114,34364
33825,45671,45950
33826,40914,41189
33827,5933,6154
33828,27293,27532
33829,27884,28123
33830,23937,24174
33831,35838,36104
33832,21139,21374
33833,35944,36210
33834,41516,41792
33835,29846,30085
33836,27471,27710
33837,46694,46978
33838,13167,13391
33839,42948,43225
33840,6127,6348
33841,19854,20087
33842,27920,28159
33843,8819,9042
33844,25301,25539
33845,11386,11610
33846,15363,15588
33847,42728,43005
33848,43417,43694
33849,1651,1862
33850,48983,49062
33851,32527,32770
33852,16703,16930
33853,46774,47058
33854,22881,23118
33855,9111,9334
33856,46323,46604
33857,10954,11178
33858,28166,28405
33859,26808,27047
33860,47302,47587
33861,7135,7357
33862,45979,46260
33863,33271,33517
33864,21873,22109
33865,53109,53216
33866,16358,16583
33867,18051,18281
33868,23892,24129
33869,42965,43242
33870,48804,48883
33871,53924,54035
33872,39583,39857
33873,55187,55300
33874,38350,38623
33875,42641,42918
33876,876,1086
33877,35204,35466
33878,5309,5530
33879,46022,46303
33880,11364,11588
33881,22426,22662
33882,20771,21006
33883,17694,17923
33884,53664,53774
33885,11574,11798
33886,54273,54384
33887,36355,36627
33888,10263,10487
33889,30657,30896
33890,45249,45527
33891,35428,35691
33892,33206,33452
33893,29455,29694
33894,16821,17048
33895,52158,52263
33896,52301,52407
33897,42952,43229
33898,17398,17627
33899,55883,55997
33900,30433,30672
33901,29329,29568
33902,11966,12190
33903,25885,26124
33904,18963,19194
33905,25464,25702
33906,53907,54018
33907,20548,20783
33908,19225,19456
33909,41872,42148
33910,32560,32803
33911,41034,41310
33912,17955,18185
33913,21932,22168
33914,1197,1407
33915,14569,14794
33916,54865,54976
33917,45921,46200
33918,13369,13593
33919,32977,33220
33920,50041,50139
33921,30906,31145
33922,10242,10466
33923,47893,47971
33924,47544,47829
33925,7555,7777
33926,26227,26466
33927,50116,50215
33928,20991,21226
33929,56504,56619
33930,6986,7208
33931,16573,16798
33932,9968,10192
33933,28487,28726
33934,35376,35639
33935,33356,33602
33936,13040,13264
33937,49517,49597
33938,18644,18874
33939,7547,7769
33940,55753,55867
33941,38578,38851
33942,21711,21947
33943,2386,2598
33944,46286,46567
33945,7451,7673
33946,2681,2895
33947,26988,27227
33948,10600,10824
33949,41768,42044
33950,25387,25625
33951,4439,4660
33952,37974,38247
33953,13702,13926
33954,46364,46645
33955,16356,16581
33956,16740,16967
33957,21233,21468
33958,28102,28341
33959,1960,2171
33960,45194,45472
33961,44,252
33962,35536,35799
33963,28463,28702
33964,15854,16079
33965,18221,18451
33966,14425,14650
33967,33675,33921
33968,50327,50427
33969,21383,21619
33970,34482,34732
33971,41020,41296
33972,26200,26439
33973,32349,32592
33974,13099,13323
33975,47332,47617
33976,10872,11096
33977,12398,12622
33978,319,527
33979,2919,3133
33980,50588,50688
33981,1137,1347
33982,49156,49236
33983,39149,39422
33984,30577,30816
33985,33717,33964
33986,22680,22917
33987,24940,25177
33988,17589,17818
33989,39104,39377
33990,43608,43885
33991,11893,12117
33992,45513,45792
33993,37967,38240
33994,55829,55943
33995,37692,37965
33996,51154,51255
33997,24961,25198
33998,6157,6378
33999,32144,32386
34000,17813,18042
34001,35757,36022
34002,40313,40588
34003,4806,5027
34004,30068,30307
34005,46475,46758
34006,27128,27367
34007,24013,24250
34008,3119,3335
34009,29622,29861
34010,7830,8052
34011,28854,29093
34012,29391,29630
34013,53194,53301
34014,43626,43903
34015,30323,30562
34016,3829,4047
34017,44622,44899
34018,10535,10759
34019,27162,27401
34020,47831,224
34021,34913,35175
34022,46317,46598
34023,45757,46036
34024,13173,13397
34025,42222,42498
34026,34980,35242
34027,31255,31496
34028,38411,38684
34029,3931,4149
34030,2432,2645
34031,3329,3545
34032,52676,52783
34033,12821,13045
34034,51880,51985
34035,47912,47990
34036,9249,9472
34037,22615,22852
34038,51027,51128
34039,53236,53343
34040,47314,47599
34041,53732,53842
34042,8468,8690
34043,42111,42387
34044,15554,15779
34045,5671,5892
34046,32959,33202
34047,43269,43546
34048,41825,42101
34049,49757,49837
34050,3325,3541
34051,25657,25895
34052,49867,49963
34053,46160,46441
34054,10076,10300
34055,17702,17931
34056,41018,41294
34057,44813,45090
34058,18069,18299
34059,48419,48498
34060,44907,45184
34061,46231,46512
34062,9772,9996
34063,31624,31865
34064,52230,52336
34065,49083,49162
34066,28222,28461
34067,36719,36991
34068,45759,46038
34069,52222,52328
34070,439,648
34071,44365,44642
34072,47393,47678
34073,37104,37376
34074,13134,13358
34075,47480,47765
34076,23635,23872
34077,29519,29758
34078,18842,19073
34079,16566,16791
34080,11281,11505
34081,9507,9731
34082,7326,7548
34083,15860,16085
34084,48946,49025
34085,4462,4683
34086,46129,46410
34087,5477,5698
34088,8345,8567
34089,43242,43519
34090,46074,46355
34091,26398,26637
34092,55010,55123
34093,50650,50750
34094,17799,18028
34095,27947,28186
34096,25277,25515
34097,16470,16695
34098,44274,44551
34099,23342,23579
34100,51741,51845
34101,10793,11017
34102,35174,35436
34103,859,1069
34104,50967,51068
34105,23540,23777
34106,3760,3978
34107,30815,31054
34108,47444,47729
34109,14571,14796
34110,39069,39342
34111,45823,46102
34112,22753,22990
34113,23263,23500
34114,48124,48203
34115,13161,13385
34116,18006,18236
34117,18694,18924
34118,7305,7527
34119,41079,41355
34120,42185,42461
34121,45377,45655
34122,45366,45644
34123,23221,23458
34124,50657,50757
34125,55534,55648
34126,29546,29785
34127,24509,24746
34128,4490,4711
34129,12847,13071
34130,22594,22831
34131,39377,39650
34132,48311,48390
34133,31236,31477
34134,27254,27493
34135,49710,49790
34136,33217,33463
34137,4815,5036
34138,29317,29556
34139,18293,18523
34140,42822,43099
34141,3960,4178
34142,14690,14915
34143,22080,22316
34144,20360,20593
34145,23325,23562
34146,13050,13274
34147,42216,42492
34148,9837,10061
34149,31876,32118
34150,19937,20170
34151,43317,43594
34152,18631,18861
34153,20052,20285
34154,29026,29265
34155,21980,22216
34156,7923,8145
34157,2686,2900
34158,10952,11176
34159,40455,40730
34160,11525,11749
34161,52792,52899
34162,1755,1966
34163,45342,45620
34164,37717,37990
34165,14008,14233
34166,40724,40999
34167,25825,26063
34168,22402,22638
34169,8933,9156
34170,42224,42500
34171,28388,28627
34172,39128,39401
34173,7397,7619
34174,47335,47620
34175,13234,13458
34176,2393,2605
34177,13581,13805
34178,39951,40225
34179,34823,35080
34180,12456,12680
34181,46246,46527
34182,44016,44293
34183,21416,21652
34184,42766,43043
34185,19451,19682
34186,42467,42743
34187,27033,27272
34188,38185,38458
34189,50253,50353
34190,16112,16337
34191,1184,1394
34192,44744,45021
34193,26505,26744
34194,33963,34210
34195,9629,9853
34196,36078,36349
34197,54478,54589
34198,45311,45589
34199,48105,48184
34200,22234,22470
34201,56751,56866
34202,38993,39266
34203,17428,17657
34204,26116,26355
34205,50962,51063
34206,28218,28457
34207,22475,22711
34208,38317,38590
34209,12506,12730
34210,19339,19570
34211,14566,14791
34212,15504,15729
34213,54756,54867
34214,43526,43803
34215,16282,16507
34216,16814,17041
34217,33167,33413
34218,23355,23592
34219,54795,54906
34220,19982,20215
34221,16669,16896
34222,35080,35342
34223,35015,35277
34224,24066,24303
34225,20063,20296
34226,55932,56046
34227,54483,54594
34228,12922,13146
34229,23721,23958
34230,42935,43212
34231,53290,53397
34232,51715,51818
34233,25254,25492
34234,13260,13484
34235,29097,29336
34236,11707,11931
34237,54777,54888
34238,10418,10642
34239,35401,35664
34240,15988,16213
34241,53071,53178
34242,41138,41414
34243,42481,42757
34244,53098,53205
34245,41036,41312
34246,44257,44534
34247,16162,16387
34248,47846,47924
34249,50352,50452
34250,54689,54800
34251,1906,2117
34252,7903,8125
34253,32547,32790
34254,28346,28585
34255,39671,39945
34256,50971,51072
34257,45914,46193
34258,53890,54001
34259,26584,26823
34260,8881,9104
34261,12695,12919
34262,29047,29286
34263,22467,22703
34264,11949,12173
34265,26903,27142
34266,22394,22630
34267,38090,38363
34268,9749,9973
34269,40369,40644
34270,5388,5609
34271,6700,6921
34272,48725,48804
34273,34538,34795
34274,6746,6967
34275,17857,18086
34276,44910,45187
34277,40703,40977
34278,50371,50471
34279,11345,11569
34280,40852,41127
34281,13194,13418
34282,32896,33139
34283,27493,27732
34284,53707,53817
34285,19127,19358
34286,52518,52625
34287,42469,42745
34288,56040,56154
34289,34764,35021
34290,19218,19449
34291,36843,37115
34292,21427,21663
34293,47129,47414
34294,27752,27991
34295,5289,5510
34296,3035,3250
34297,41115,41391
34298,31609,31850
34299,55047,55160
34300,26821,27060
34301,407,616
34302,43825,44102
34303,18353,18583
34304,37869,38142
34305,47533,47818
34306,50688,50788
34307,7449,7671
34308,56882,56997
34309,34086,34336
34310,41883,42159
34311,24585,24822
34312,17277,17506
34313,20888,21123
34314,22953,23190
34315,42664,42941
34316,49739,49819
34317,3026,3241
34318,51589,51691
34319,32986,33229
34320,28763,29002
34321,16148,16373
34322,24025,24262
34323,30613,30852
34324,53025,53132
34325,11740,11964
34326,14596,14821
34327,19450,19681
34328,8432,8654
34329,54080,54191
34330,7505,7727
34331,32230,32473
34332,47283,47568
34333,39031,39304
34334,42897,43174
34335,34283,34533
34336,53348,53456
34337,14882,15107
34338,52448,52555
34339,41934,42210
34340,16891,17118
34341,9880,10104
34342,19607,19839
34343,12687,12911
34344,25116,25354
34345,25636,25874
34346,29251,29490
34347,31670,31911
34348,18164,18394
34349,46960,47245
34350,41252,41528
34351,16532,16757
34352,18609,18839
34353,40165,40439
34354,22602,22839
34355,27127,27366
34356,10255,10479
34357,128,336
34358,48543,48622
34359,28967,29206
34360,50023,50121
34361,12881,13105
34362,45896,46175
34363,30759,30998
34364,29594,29833
34365,40971,41247
34366,24642,24879
34367,24034,24271
34368,23192,23429
34369,54217,54328
34370,20905,21140
34371,36715,36987
34372,43350,43627
34373,56218,56332
34374,10215,10439
34375,39217,39490
34376,42407,42683
34377,15066,15291
34378,16192,16417
34379,47104,47389
34380,52560,52667
34381,12558,12782
34382,18351,18581
34383,14458,14683
34384,40203,40478
34385,7422,7644
34386,50960,51061
34387,52637,52744
34388,1994,2205
34389,41364,41640
34390,8266,8488
34391,22042,22278
34392,37690,37963
34393,16816,17043
34394,52828,52935
34395,42368,42644
34396,48243,48322
34397,10572,10796
34398,32635,32878
34399,5176,5397
34400,16164,16389
34401,10720,10944
34402,43569,43846
34403,52696,52803
34404,6283,6504
34405,43682,43959
34406,36322,36594
34407,39557,39831
34408,45129,45406
34409,38338,38611
34410,1546,1757
34411,56149,56263
34412,53856,53967
34413,49386,49466
34414,56138,56252
34415,36262,36533
34416,25340,25578
34417,7015,7237
34418,51155,51256
34419,26066,26305
34420,31371,31612
34421,23757,23994
34422,168,376
34423,6538,6759
34424,16446,16671
34425,53733,53843
34426,18951,19182
34427,37055,37327
34428,53643,53753
34429,47622,47907
34430,29348,29587
34431,18474,18704
34432,6098,6319
34433,3461,3677
34434,40597,40872
34435,18438,18668
34436,30267,30506
34437,24307,24544
34438,23831,24068
34439,33921,34168
34440,47822,215
34441,36570,36842
34442,26507,26746
34443,29226,29465
34444,50436,50536
34445,22163,22399
34446,51774,51879
34447,16215,16440
34448,14306,14531
34449,50732,50832
34450,47190,47475
34451,15038,15263
34452,48062,48140
34453,1486,1697
34454,12994,13218
34455,15283,15508
34456,14231,14456
34457,48263,48342
34458,43911,44188
34459,26681,26920
34460,5154,5375
34461,15715,15940
34462,23632,23869
34463,39235,39508
34464,18096,18326
34465,23594,23831
34466,34234,34484
34467,21810,22046
34468,46663,46946
34469,36053,36324
34470,2730,2944
34471,38946,39219
34472,48694,48773
34473,13703,13927
34474,18872,19103
34475,20334,20567
34476,7353,7575
34477,55975,56089
34478,56416,56531
34479,39480,39753
34480,2344,2556
34481,36235,36506
34482,21664,21900
34483,31040,31280
34484,11401,11625
34485,41462,41738
34486,51544,51645
34487,39861,40135
34488,24832,25069
34489,40675,40949
34490,43761,44038
34491,20741,20976
34492,30588,30827
34493,6277,6498
34494,23628,23865
34495,17133,17362
34496,23923,24160
34497,27409,27648
34498,7095,7317
34499,52078,52183
34500,4417,4638
34501,15309,15534
34502,45655,45934
34503,31866,32108
34504,32584,32827
34505,5045,5266
34506,9052,9275
34507,50977,51078
34508,11485,11709
34509,3861,4079
34510,31028,31268
34511,5702,5923
34512,39245,39518
34513,23306,23543
34514,54697,54808
34515,46821,47105
34516,40938,41213
34517,18099,18329
34518,7075,7297
34519,51356,51457
34520,43811,44088
34521,3836,4054
34522,33546,33792
34523,33481,33727
34524,25660,25898
34525,2932,3146
34526,53191,53298
34527,50073,50171
34528,35050,35312
34529,42132,42408
34530,34638,34895
34531,53750,53860
34532,33106,33349
34533,47739,132
34534,11272,11496
34535,8926,9149
34536,34115,34365
34537,41902,42178
34538,31854,32096
34539,39265,39538
34540,24639,24876
34541,2891,3105
34542,538,747
34543,27966,28205
34544,10989,11213
34545,2914,3128
34546,56691,56806
34547,56087,56201
34548,52852,52959
34549,54121,54232
34550,27228,27467
34551,46134,46415
34552,5904,6125
34553,11499,11723
34554,29602,29841
34555,44167,44444
34556,54315,54426
34557,7541,7763
34558,30305,30544
34559,48833,48912
34560,19973,20206
34561,14419,14644
34562,4307,4528
34563,22518,22754
34564,10692,10916
34565,6633,6854
34566,15164,15389
34567,24838,25075
34568,47296,47581
34569,28645,28884
34570,25372,25610
34571,43576,43853
34572,34323,34573
34573,27945,28184
34574,55841,55955
34575,15801,16026
34576,20466,20701
34577,38726,38999
34578,24704,24941
34579,7720,7942
34580,22517,22753
34581,30747,30986
34582,32211,32454
34583,31591,31832
34584,16211,16436
34585,39223,39496
34586,27269,27508
34587,42922,43199
34588,3628,3845
34589,54797,54908
34590,8855,9078
34591,10835,11059
34592,7103,7325
34593,21373,21609
34594,31948,32190
34595,25708,25946
34596,39871,40145
34597,49335,49415
34598,41489,41765
34599,9349,9572
34600,56519,56634
34601,56659,56774
34602,2531,2745
34603,24923,25160
34604,34387,34637
34605,53146,53253
34606,1321,1532
34607,7700,7922
34608,39816,40090
34609,27820,28059
34610,28591,28830
34611,1734,1945
34612,31102,31342
34613,10875,11099
34614,53644,53754
34615,27914,28153
34616,26305,26544
34617,9483,9706
34618,50394,50494
34619,2749,2963
34620,11169,11393
34621,56489,56604
34622,28585,28824
34623,43677,43954
34624,51817,51922
34625,38218,38491
34626,56392,56507
34627,17034,17263
34628,5525,5746
34629,3609,3825
34630,11743,11967
34631,42708,42985
34632,4200,4421
34633,27996,28235
34634,5385,5606
34635,13965,14190
34636,47067,47352
34637,17315,17544
34638,6711,6932
34639,5200,5421
34640,50089,50187
34641,30199,30438
34642,33745,33992
34643,43027,43304
34644,9905,10129
34645,9526,9750
34646,9983,10207
34647,46414,46695
34648,27311,27550
34649,1041,1251
34650,12561,12785
34651,35674,35939
34652,10963,11187
34653,43883,44160
34654,39375,39648
34655,6629,6850
34656,23094,23331
34657,19819,20052
34658,9821,10045
34659,29731,29970
34660,26392,26631
34661,37438,37711
34662,51224,51325
34663,7366,7588
34664,11210,11434
34665,10726,10950
34666,18296,18526
34667,31734,31975
34668,1374,1585
34669,36245,36516
34670,10821,11045
34671,8520,8742
34672,24588,24825
34673,20299,20532
34674,1257,1468
34675,734,944
34676,36815,37087
34677,5918,6139
34678,33663,33909
34679,11716,11940
34680,31976,32218
34681,13886,14111
34682,44130,44407
34683,56195,56309
34684,54339,54450
34685,18201,18431
34686,4075,4293
34687,9160,9383
34688,49176,49256
34689,26282,26521
34690,39497,39771
34691,4389,4610
34692,18690,18920
34693,9742,9966
34694,40224,40499
34695,32424,32667
34696,6508,6729
34697,32700,32943
34698,24549,24786
34699,34737,34994
34700,51771,51876
34701,14771,14996
34702,10216,10440
34703,50779,50880
34704,1323,1534
34705,39541,39815
34706,43570,43847
34707,8865,9088
34708,11409,11633
34709,9218,9441
34710,36871,37143
34711,3685,3902
34712,22668,22905
34713,51633,51736
34714,188,396
34715,14521,14746
34716,26062,26301
34717,12324,12548
34718,4943,5164
34719,32918,33161
34720,7284,7506
34721,26420,26659
34722,13223,13447
34723,54555,54666
34724,36758,37030
34725,7715,7937
34726,19467,19698
34727,29070,29309
34728,13005,13229
34729,4491,4712
34730,51150,51251
34731,11674,11898
34732,25944,26183
34733,37419,37692
34734,37877,38150
34735,51776,51881
34736,3217,3433
34737,8951,9174
34738,5357,5578
34739,34580,34837
34740,45430,45708
34741,30088,30327
34742,28033,28272
34743,38799,39072
34744,1802,2013
34745,50816,50917
34746,14456,14681
34747,14617,14842
34748,5491,5712
34749,43294,43571
34750,26183,26422
34751,10411,10635
34752,32438,32681
34753,32434,32677
34754,29658,29897
34755,47521,47806
34756,41324,41600
34757,15445,15670
34758,54861,54972
34759,9348,9571
34760,49376,49456
34761,3,4
34762,48985,49064
34763,49950,50046
34764,18403,18633
34765,1023,1233
34766,54751,54862
34767,53982,54093
34768,45537,45816
34769,54822,54933
34770,27277,27516
34771,8915,9138
34772,42589,42866
34773,45522,45801
34774,56289,56404
34775,37396,37669
34776,50241,50341
34777,55467,55581
34778,42449,42725
34779,32898,33141
34780,20639,20874
34781,23163,23400
34782,22060,22296
34783,25632,25870
34784,43606,43883
34785,37339,37612
34786,19924,20157
34787,11913,12137
34788,28132,28371
34789,43304,43581
34790,6509,6730
34791,26107,26346
34792,34684,34941
34793,16956,17183
34794,20327,20560
34795,5020,5241
34796,30842,31081
34797,16209,16434
34798,53533,53642
34799,7953,8175
34800,33609,33855
34801,22729,22966
34802,8229,8451
34803,14368,14593
34804,100,308
34805,44729,45006
34806,36573,36845
34807,21805,22041
34808,12182,12406
34809,41309,41585
34810,47754,147
34811,43670,43947
34812,24476,24713
34813,43799,44076
34814,24707,24944
34815,36776,37048
34816,6073,6294
34817,40201,40476
34818,41174,41450
34819,36639,36911
34820,52838,52945
34821,12341,12565
34822,19645,19878
34823,56819,56934
34824,22427,22663
34825,5188,5409
34826,1787,1998
34827,761,971
34828,43739,44016
34829,45623,45902
34830,10603,10827
34831,38260,38533
34832,54750,54861
34833,20967,21202
34834,19277,19508
34835,40385,40660
34836,39521,39795
34837,13846,14071
34838,9598,9822
34839,14762,14987
34840,56508,56623
34841,96,304
34842,15142,15367
34843,40000,40274
34844,29295,29534
34845,21095,21330
34846,43146,43423
34847,27858,28097
34848,49644,49724
34849,47576,47861
34850,43254,43531
34851,42499,42775
34852,27075,27314
34853,36979,37251
34854,23312,23549
34855,7115,7337
34856,24553,24790
34857,43925,44202
34858,14099,14324
34859,15370,15595
34860,31064,31304
34861,16789,17016
34862,35126,35388
34863,31756,31998
34864,33248,33494
34865,12945,13169
34866,9985,10209
34867,54989,55102
34868,37711,37984
34869,12585,12809
34870,7986,8208
34871,14067,14292
34872,16560,16785
34873,52425,52532
34874,5007,5228
34875,48797,48876
34876,54811,54922
34877,30099,30338
34878,32062,32304
34879,1891,2102
34880,23555,23792
34881,27805,28044
34882,30700,30939
34883,55795,55909
34884,8057,8279
34885,30775,31014
34886,4182,4403
34887,46213,46494
34888,38044,38317
34889,30059,30298
34890,15722,15947
34891,23652,23889
34892,9148,9371
34893,8131,8353
34894,24837,25074
34895,26617,26856
34896,41683,41959
34897,19352,19583
34898,55750,55864
34899,49096,49175
34900,2215,2427
34901,50391,50491
34902,51630,51733
34903,44217,44494
34904,4565,4786
34905,10058,10282
34906,4177,4398
34907,43378,43655
34908,39966,40240
34909,1471,1682
34910,5985,6206
34911,40508,40783
34912,48740,48819
34913,30347,30586
34914,53780,53890
34915,23511,23748
34916,1715,1926
34917,13504,13728
34918,49883,49979
34919,33197,33443
34920,6962,7184
34921,29414,29653
34922,19239,19470
34923,7744,7966
34924,46585,46868
34925,6964,7186
34926,4361,4582
34927,25586,25824
34928,41414,41690
34929,41141,41417
34930,20898,21133
34931,43604,43881
34932,4554,4775
34933,6878,7099
34934,14311,14536
34935,56549,56664
34936,54961,55072
34937,21,22
34938,27772,28011
34939,24061,24298
34940,52380,52487
34941,11678,11902
34942,56256,56370
34943,19406,19637
34944,45006,45283
34945,42395,42671
34946,560,769
34947,15122,15347
34948,36982,37254
34949,20404,20637
34950,52010,52115
34951,11423,11647
34952,17025,17254
34953,10331,10555
34954,39880,40154
34955,5313,5534
34956,15214,15439
34957,28917,29156
34958,46299,46580
34959,46916,47201
34960,52906,53013
34961,54500,54611
34962,52581,52688
34963,41645,41921
34964,39746,40020
34965,35951,36217
34966,5631,5852
34967,23839,24076
34968,25537,25775
34969,13191,13415
34970,17637,17866
34971,21162,21397
34972,35744,36009
34973,24137,24374
34974,38755,39028
34975,9067,9290
34976,48552,48631
34977,21065,21300
34978,31867,32109
34979,11961,12185
34980,30396,30635
34981,53837,53948
34982,4284,4505
34983,2101,2312
34984,19107,19338
34985,17451,17680
34986,32540,32783
34987,15388,15613
34988,56160,56274
34989,271,479
34990,42109,42385
34991,32474,32717
34992,27709,27948
34993,36697,36969
34994,40235,40510
34995,56333,56448
34996,28641,28880
34997,15628,15853
34998,48323,48402
34999,39247,39520
35000,48975,49054
35001,9551,9775
35002,55621,55735
35003,37550,37823
35004,11291,11515
35005,40693,40967
35006,19948,20181
35007,40022,40296
35008,56393,56508
35009,21481,21717
35010,20273,20506
35011,50901,51002
35012,1731,1942
35013,13472,13696
35014,29912,30151
35015,52894,53001
35016,1017,1227
35017,49661,49741
35018,44155,44432
35019,30712,30951
35020,19772,20005
35021,38305,38578
35022,32569,32812
35023,54167,54278
35024,40281,40556
35025,8428,8650
35026,844,1054
35027,9695,9919
35028,5726,5947
35029,13170,13394
35030,48083,48161
35031,52019,52124
35032,26594,26833
35033,22915,23152
35034,14177,14402
35035,21455,21691
35036,7316,7538
35037,38890,39163
35038,2850,3064
35039,55803,55917
35040,50695,50795
35041,37023,37295
35042,50024,50122
35043,5490,5711
35044,43906,44183
35045,16068,16293
35046,14711,14936
35047,28,236
35048,33141,33387
35049,34879,35137
35050,38008,38281
35051,52809,52916
35052,15629,15854
35053,28210,28449
35054,7039,7261
35055,55150,55263
35056,30143,30382
35057,11556,11780
35058,24891,25128
35059,9416,9639
35060,47231,47516
35061,7347,7569
35062,12776,13000
35063,510,719
35064,10295,10519
35065,25520,25758
35066,38845,39118
35067,4579,4800
35068,53525,53634
35069,17829,18058
35070,45001,45278
35071,28650,28889
35072,48540,48619
35073,30064,30303
35074,2860,3074
35075,18410,18640
35076,44109,44386
35077,4025,4243
35078,48373,48452
35079,5978,6199
35080,4464,4685
35081,39667,39941
35082,30539,30778
35083,6980,7202
35084,49880,49976
35085,36494,36766
35086,28858,29097
35087,14071,14296
35088,37029,37301
35089,12290,12514
35090,3309,3525
35091,16541,16766
35092,15424,15649
35093,12580,12804
35094,3457,3673
35095,19960,20193
35096,29225,29464
35097,47041,47326
35098,42638,42915
35099,51863,51968
35100,20794,21029
35101,46163,46444
35102,5063,5284
35103,53119,53226
35104,12040,12264
35105,15685,15910
35106,49716,49796
35107,39292,39565
35108,24696,24933
35109,23132,23369
35110,38941,39214
35111,30492,30731
35112,39467,39740
35113,31063,31303
35114,39489,39762
35115,37956,38229
35116,8419,8641
35117,24842,25079
35118,40774,41049
35119,43001,43278
35120,56341,56456
35121,26118,26357
35122,38606,38879
35123,9593,9817
35124,7841,8063
35125,23996,24233
35126,37434,37707
35127,973,1183
35128,5442,5663
35129,19827,20060
35130,24899,25136
35131,56161,56275
35132,46000,46281
35133,14170,14395
35134,40580,40855
35135,7831,8053
35136,10316,10540
35137,20992,21227
35138,16790,17017
35139,56867,56982
35140,52462,52569
35141,46512,46795
35142,19818,20051
35143,4558,4779
35144,9288,9511
35145,426,635
35146,40502,40777
35147,36295,36566
35148,26029,26268
35149,34016,34263
35150,19748,19981
35151,17755,17984
35152,49874,49970
35153,16696,16923
35154,52883,52990
35155,28467,28706
35156,12794,13018
35157,46329,46610
35158,23315,23552
35159,24857,25094
35160,15619,15844
35161,28535,28774
35162,9781,10005
35163,14019,14244
35164,11107,11331
35165,19825,20058
35166,21022,21257
35167,25363,25601
35168,45098,45375
35169,27089,27328
35170,27503,27742
35171,42351,42627
35172,17874,18103
35173,5409,5630
35174,25295,25533
35175,12898,13122
35176,2131,2342
35177,21410,21646
35178,6211,6432
35179,10207,10431
35180,19504,19735
35181,12641,12865
35182,54724,54835
35183,1478,1689
35184,49635,49715
35185,40892,41167
35186,14536,14761
35187,8592,8814
35188,15621,15846
35189,38878,39151
35190,25928,26167
35191,31005,31245
35192,51555,51656
35193,40974,41250
35194,42227,42503
35195,42986,43263
35196,22109,22345
35197,47463,47748
35198,5773,5994
35199,55456,55570
35200,23227,23464
35201,6883,7104
35202,38548,38821
35203,55951,56065
35204,3700,3918
35205,26243,26482
35206,51414,51515
35207,8399,8621
35208,43392,43669
35209,15342,15567
35210,425,634
35211,37837,38110
35212,37353,37626
35213,568,777
35214,40184,40458
35215,32160,32402
35216,47730,123
35217,5808,6029
35218,28787,29026
35219,24195,24432
35220,5797,6018
35221,6413,6634
35222,19974,20207
35223,21352,21588
35224,48760,48839
35225,49343,49423
35226,32188,32431
35227,988,1198
35228,9887,10111
35229,16020,16245
35230,39145,39418
35231,22013,22249
35232,32275,32518
35233,27047,27286
35234,35603,35867
35235,36220,36491
35236,52244,52350
35237,34588,34845
35238,50074,50172
35239,18550,18780
35240,7407,7629
35241,55772,55886
35242,18227,18457
35243,27667,27906
35244,19884,20117
35245,31664,31905
35246,13060,13284
35247,40379,40654
35248,51165,51266
35249,6885,7106
35250,20981,21216
35251,15637,15862
35252,54838,54949
35253,22130,22366
35254,40951,41227
35255,43298,43575
35256,54384,54495
35257,6142,6363
35258,25401,25639
35259,42929,43206
35260,46985,47270
35261,6287,6508
35262,25858,26096
35263,49945,50041
35264,49388,49468
35265,7998,8220
35266,25366,25604
35267,4974,5195
35268,49237,49317
35269,47238,47523
35270,19574,19806
35271,4710,4931
35272,15868,16093
35273,15294,15519
35274,13889,14114
35275,7640,7862
35276,7719,7941
35277,33196,33442
35278,21991,22227
35279,5433,5654
35280,18789,19019
35281,1866,2077
35282,28870,29109
35283,18077,18307
35284,45240,45518
35285,21331,21566
35286,37930,38203
35287,30511,30750
35288,47592,47877
35289,21161,21396
35290,14128,14353
35291,50920,51021
35292,28095,28334
35293,52748,52855
35294,23454,23691
35295,13737,13962
35296,43127,43404
35297,54755,54866
35298,9941,10165
35299,18554,18784
35300,30485,30724
35301,3005,3220
35302,22454,22690
35303,13646,13870
35304,24444,24681
35305,36418,36690
35306,52867,52974
35307,52306,52412
35308,34802,35059
35309,35114,35376
35310,21175,21410
35311,13211,13435
35312,32157,32399
35313,32978,33221
35314,21895,22131
35315,1899,2110
35316,38192,38465
35317,12243,12467
35318,32423,32666
35319,3489,3705
35320,181,389
35321,49547,49627
35322,25804,26042
35323,52844,52951
35324,15448,15673
35325,24687,24924
35326,28212,28451
35327,10506,10730
35328,12765,12989
35329,6526,6747
35330,7243,7465
35331,18858,19089
35332,53125,53232
35333,44525,44802
35334,42527,42803
35335,29679,29918
35336,32301,32544
35337,48384,48463
35338,31915,32157
35339,40421,40696
35340,36889,37161
35341,47508,47793
35342,16850,17077
35343,37365,37638
35344,26720,26959
35345,27183,27422
35346,38816,39089
35347,10745,10969
35348,9918,10142
35349,14576,14801
35350,49169,49249
35351,26542,26781
35352,7657,7879
35353,709,919
35354,2341,2553
35355,10026,10250
35356,4474,4695
35357,45898,46177
35358,31305,31546
35359,12761,12985
35360,46254,46535
35361,1235,1445
35362,29483,29722
35363,41200,41476
35364,25551,25789
35365,11472,11696
35366,31418,31659
35367,3518,3734
35368,51917,52022
35369,32492,32735
35370,18907,19138
35371,1340,1551
35372,8270,8492
35373,18768,18998
35374,45824,46103
35375,14506,14731
35376,40003,40277
35377,6040,6261
35378,12108,12332
35379,15039,15264
35380,45014,45291
35381,9950,10174
35382,3922,4140
35383,56600,56715
35384,25955,26194
35385,11039,11263
35386,20739,20974
35387,36141,36412
35388,40929,41204
35389,6921,7143
35390,10743,10967
35391,12825,13049
35392,35006,35268
35393,12780,13004
35394,12970,13194
35395,23536,23773
35396,48561,48640
35397,26630,26869
35398,3188,3404
35399,34933,35195
35400,15534,15759
35401,16159,16384
35402,6818,7039
35403,366,575
35404,53463,53572
35405,34551,34808
35406,2156,2367
35407,53136,53243
35408,10063,10287
35409,42675,42952
35410,11097,11321
35411,24212,24449
35412,12865,13089
35413,25943,26182
35414,20842,21077
35415,46604,46887
35416,16606,16831
35417,1202,1412
35418,27521,27760
35419,10284,10508
35420,45295,45573
35421,11223,11447
35422,48637,48716
35423,24446,24683
35424,50002,50099
35425,10181,10405
35426,27940,28179
35427,8879,9102
35428,26717,26956
35429,28907,29146
35430,44112,44389
35431,11212,11436
35432,52542,52649
35433,22568,22804
35434,42614,42891
35435,17204,17433
35436,19262,19493
35437,29967,30206
35438,44798,45075
35439,33337,33583
35440,2688,2902
35441,37295,37568
35442,54740,54851
35443,6935,7157
35444,26253,26492
35445,9326,9549
35446,55846,55960
35447,9187,9410
35448,40532,40807
35449,52621,52728
35450,4604,4825
35451,33016,33259
35452,38854,39127
35453,33008,33251
35454,27240,27479
35455,50229,50329
35456,41595,41871
35457,55459,55573
35458,10033,10257
35459,19233,19464
35460,17464,17693
35461,38029,38302
35462,33605,33851
35463,171,379
35464,29569,29808
35465,22379,22615
35466,6047,6268
35467,3686,3903
35468,40268,40543
35469,19337,19568
35470,52965,53072
35471,6838,7059
35472,36556,36828
35473,31041,31281
35474,7827,8049
35475,5858,6079
35476,50642,50742
35477,26404,26643
35478,37840,38113
35479,29682,29921
35480,21942,22178
35481,34540,34797
35482,1071,1281
35483,14025,14250
35484,34061,34308
35485,48226,48305
35486,8367,8589
35487,39571,39845
35488,25474,25712
35489,10080,10304
35490,29835,30074
35491,54519,54630
35492,26424,26663
35493,20373,20606
35494,3635,3852
35495,37706,37979
35496,13538,13762
35497,25227,25465
35498,37487,37760
35499,14826,15051
35500,33917,34164
35501,10238,10462
35502,38138,38411
35503,7020,7242
35504,16916,17143
35505,48873,48952
35506,2305,2517
35507,54754,54865
35508,6891,7112
35509,12305,12529
35510,17633,17862
35511,21785,22021
35512,34931,35193
35513,17941,18170
35514,14581,14806
35515,29616,29855
35516,34892,35150
35517,54677,54788
35518,11318,11542
35519,666,876
35520,53610,53720
35521,25756,25994
35522,19900,20133
35523,19407,19638
35524,8697,8920
35525,45429,45707
35526,24563,24800
35527,14304,14529
35528,14977,15202
35529,49518,49598
35530,42954,43231
35531,41369,41645
35532,13462,13686
35533,42793,43070
35534,54621,54732
35535,9831,10055
35536,10856,11080
35537,11194,11418
35538,37523,37796
35539,3206,3422
35540,11048,11272
35541,14488,14713
35542,18162,18392
35543,6578,6799
35544,23999,24236
35545,9910,10134
35546,11518,11742
35547,40213,40488
35548,43091,43368
35549,17131,17360
35550,52538,52645
35551,38441,38714
35552,24184,24421
35553,47466,47751
35554,54037,54148
35555,5255,5476
35556,23255,23492
35557,19625,19857
35558,25942,26181
35559,18654,18884
35560,43049,43326
35561,46467,46750
35562,42383,42659
35563,47327,47612
35564,49914,50010
35565,28338,28577
35566,3725,3943
35567,38472,38745
35568,55554,55668
35569,8774,8997
35570,5790,6011
35571,32007,32249
35572,50725,50825
35573,46053,46334
35574,49082,49161
35575,8129,8351
35576,23453,23690
35577,10414,10638
35578,47066,47351
35579,26176,26415
35580,32259,32502
35581,5822,6043
35582,33593,33839
35583,25220,25458
35584,41114,41390
35585,44645,44922
35586,4780,5001
35587,55120,55233
35588,5778,5999
35589,29431,29670
35590,51828,51933
35591,41152,41428
35592,38945,39218
35593,31780,32022
35594,53797,53907
35595,50825,50926
35596,14211,14436
35597,22283,22519
35598,27231,27470
35599,44562,44839
35600,56294,56409
35601,44766,45043
35602,386,595
35603,54841,54952
35604,26233,26472
35605,51223,51324
35606,42139,42415
35607,11446,11670
35608,21299,21534
35609,13508,13732
35610,40440,40715
35611,56255,56369
35612,49200,49280
35613,47640,33
35614,3885,4103
35615,36989,37261
35616,28113,28352
35617,40026,40300
35618,48417,48496
35619,22630,22867
35620,4855,5076
35621,24840,25077
35622,35863,36129
35623,10350,10574
35624,50076,50174
35625,47814,207
35626,26657,26896
35627,26480,26719
35628,50602,50702
35629,41621,41897
35630,20830,21065
35631,18289,18519
35632,32121,32363
35633,29760,29999
35634,18425,18655
35635,23610,23847
35636,47519,47804
35637,31396,31637
35638,35275,35537
35639,33427,33673
35640,52468,52575
35641,29341,29580
35642,11917,12141
35643,17142,17371
35644,46051,46332
35645,49765,49845
35646,37530,37803
35647,40886,41161
35648,50542,50642
35649,48267,48346
35650,17014,17243
35651,1020,1230
35652,25510,25748
35653,45708,45987
35654,53587,53697
35655,23569,23806
35656,44939,45216
35657,28849,29088
35658,53061,53168
35659,41726,42002
35660,6457,6678
35661,14195,14420
35662,37196,37469
35663,6034,6255
35664,4332,4553
35665,43773,44050
35666,48159,48238
35667,35331,35593
35668,44382,44659
35669,50768,50868
35670,10584,10808
35671,42253,42529
35672,817,1027
35673,33149,33395
35674,24180,24417
35675,4841,5062
35676,13654,13878
35677,32346,32589
35678,23817,24054
35679,41265,41541
35680,19850,20083
35681,6583,6804
35682,50252,50352
35683,45667,45946
35684,22891,23128
35685,32838,33081
35686,39625,39899
35687,18120,18350
35688,34911,35173
35689,38401,38674
35690,35976,36242
35691,21594,21830
35692,13509,13733
35693,48811,48890
35694,37796,38069
35695,27247,27486
35696,31276,31517
35697,6174,6395
35698,31108,31348
35699,50415,50515
35700,52487,52594
35701,20792,21027
35702,44332,44609
35703,13114,13338
35704,44051,44328
35705,31940,32182
35706,24097,24334
35707,50994,51095
35708,38396,38669
35709,40831,41106
35710,23337,23574
35711,7532,7754
35712,45545,45824
35713,40642,40917
35714,37747,38020
35715,34226,34476
35716,52801,52908
35717,6036,6257
35718,1950,2161
35719,13053,13277
35720,46913,47198
35721,22312,22548
35722,45455,45734
35723,43733,44010
35724,10638,10862
35725,52580,52687
35726,12359,12583
35727,53478,53587
35728,2111,2322
35729,12090,12314
35730,56431,56546
35731,14218,14443
35732,54670,54781
35733,34019,34266
35734,21893,22129
35735,40286,40561
35736,33433,33679
35737,52330,52437
35738,41095,41371
35739,3472,3688
35740,55807,55921
35741,26148,26387
35742,55067,55180
35743,46069,46350
35744,41496,41772
35745,15307,15532
35746,19228,19459
35747,46291,46572
35748,13844,14069
35749,51298,51399
35750,27754,27993
35751,289,497
35752,19453,19684
35753,8701,8924
35754,13251,13475
35755,26464,26703
35756,28578,28817
35757,24652,24889
35758,38283,38556
35759,17359,17588
35760,31381,31622
35761,13378,13602
35762,13876,14101
35763,30437,30676
35764,45062,45339
35765,56810,56925
35766,11878,12102
35767,30370,30609
35768,657,867
35769,30041,30280
35770,38067,38340
35771,633,843
35772,22121,22357
35773,53998,54109
35774,29398,29637
35775,44409,44686
35776,52548,52655
35777,48249,48328
35778,10524,10748
35779,17916,18145
35780,31693,31934
35781,48955,49034
35782,39316,39589
35783,2719,2933
35784,8279,8501
35785,1580,1791
35786,559,768
35787,52756,52863
35788,18393,18623
35789,1794,2005
35790,13804,14029
35791,1016,1226
35792,20620,20855
35793,48874,48953
35794,29976,30215
35795,12424,12648
35796,13962,14187
35797,47288,47573
35798,20098,20331
35799,47921,47999
35800,201,409
35801,42361,42637
35802,50223,50323
35803,21955,22191
35804,20231,20464
35805,49638,49718
35806,26369,26608
35807,36325,36597
35808,41677,41953
35809,6613,6834
35810,25626,25864
35811,27866,28105
35812,6632,6853
35813,4345,4566
35814,41374,41650
35815,22880,23117
35816,54149,54260
35817,44717,44994
35818,4986,5207
35819,55485,55599
35820,1997,2208
35821,21996,22232
35822,26205,26444
35823,48836,48915
35824,55163,55276
35825,12946,13170
35826,2601,2815
35827,10730,10954
35828,3203,3419
35829,29100,29339
35830,18990,19221
35831,20104,20337
35832,6445,6666
35833,53114,53221
35834,16709,16936
35835,19804,20037
35836,46782,47066
35837,26457,26696
35838,24844,25081
35839,52145,52250
35840,20803,21038
35841,40976,41252
35842,41662,41938
35843,56316,56431
35844,43373,43650
35845,9495,9718
35846,13023,13247
35847,4245,4466
35848,33230,33476
35849,39439,39712
35850,12981,13205
35851,20444,20678
35852,34317,34567
35853,47178,47463
35854,3817,4035
35855,28200,28439
35856,43516,43793
35857,35508,35771
35858,38484,38757
35859,36726,36998
35860,27935,28174
35861,9299,9522
35862,17748,17977
35863,16679,16906
35864,48129,48208
35865,10628,10852
35866,45991,46272
35867,25144,25382
35868,15369,15594
35869,35805,36070
35870,17508,17737
35871,15507,15732
35872,56460,56575
35873,40427,40702
35874,43868,44145
35875,33077,33320
35876,3110,3325
35877,13353,13577
35878,6799,7020
35879,19015,19246
35880,39691,39965
35881,55686,55800
35882,31105,31345
35883,34462,34712
35884,2580,2794
35885,26627,26866
35886,16140,16365
35887,47982,48060
35888,22290,22526
35889,23571,23808
35890,34194,34444
35891,35377,35640
35892,16690,16917
35893,21174,21409
35894,23109,23346
35895,10667,10891
35896,50055,50153
35897,27717,27956
35898,37341,37614
35899,11805,12029
35900,15129,15354
35901,8743,8966
35902,16059,16284
35903,3996,4214
35904,36115,36386
35905,23935,24172
35906,14629,14854
35907,26310,26549
35908,4586,4807
35909,28269,28508
35910,32207,32450
35911,5240,5461
35912,25173,25411
35913,15186,15411
35914,13240,13464
35915,260,468
35916,13916,14141
35917,48381,48460
35918,6070,6291
35919,354,563
35920,32586,32829
35921,22578,22814
35922,4231,4452
35923,17437,17666
35924,14640,14865
35925,30518,30757
35926,277,485
35927,26011,26250
35928,47184,47469
35929,11837,12061
35930,50529,50629
35931,19634,19866
35932,36414,36686
35933,19519,19750
35934,45089,45366
35935,51038,51139
35936,20818,21053
35937,45354,45632
35938,3615,3832
35939,51997,52102
35940,25930,26169
35941,10475,10699
35942,26683,26922
35943,55486,55600
35944,25529,25767
35945,46612,46895
35946,54147,54258
35947,43966,44243
35948,25189,25427
35949,25674,25912
35950,13908,14133
35951,7590,7812
35952,29381,29620
35953,31850,32092
35954,56514,56629
35955,28980,29219
35956,53468,53577
35957,28820,29059
35958,48245,48324
35959,25174,25412
35960,30090,30329
35961,19874,20107
35962,29898,30137
35963,52562,52669
35964,8181,8403
35965,47092,47377
35966,19270,19501
35967,25779,26017
35968,8246,8468
35969,34394,34644
35970,50868,50969
35971,18126,18356
35972,15048,15273
35973,26541,26780
35974,29004,29243
35975,52064,52169
35976,31349,31590
35977,1589,1800
35978,3878,4096
35979,22122,22358
35980,54794,54905
35981,29490,29729
35982,52445,52552
35983,34467,34717
35984,17587,17816
35985,44749,45026
35986,26294,26533
35987,26421,26660
35988,17732,17961
35989,47429,47714
35990,9951,10175
35991,27086,27325
35992,33949,34196
35993,38855,39128
35994,21178,21413
35995,36446,36718
35996,26648,26887
35997,48640,48719
35998,26301,26540
35999,45843,46122
36000,51114,51215
36001,15430,15655
36002,16672,16899
36003,27921,28160
36004,50357,50457
36005,19733,19966
36006,25869,26108
36007,18780,19010
36008,23271,23508
36009,27500,27739
36010,27095,27334
36011,26574,26813
36012,2551,2765
36013,34912,35174
36014,9625,9849
36015,24937,25174
36016,55223,55336
36017,4803,5024
36018,53452,53561
36019,25530,25768
36020,43226,43503
36021,37733,38006
36022,22157,22393
36023,24762,24999
36024,22557,22793
36025,35098,35360
36026,16919,17146
36027,13569,13793
36028,50039,50137
36029,39992,40266
36030,5630,5851
36031,4659,4880
36032,34571,34828
36033,21488,21724
36034,36552,36824
36035,53160,53267
36036,13435,13659
36037,11193,11417
36038,4351,4572
36039,42126,42402
36040,12659,12883
36041,3834,4052
36042,37867,38140
36043,19925,20158
36044,35662,35927
36045,54263,54374
36046,2398,2610
36047,52546,52653
36048,41427,41703
36049,34596,34853
36050,10851,11075
36051,48798,48877
36052,28530,28769
36053,21334,21569
36054,23471,23708
36055,21919,22155
36056,22133,22369
36057,40035,40309
36058,56523,56638
36059,10708,10932
36060,29715,29954
36061,10232,10456
36062,46426,46707
36063,43551,43828
36064,28595,28834
36065,3557,3773
36066,5362,5583
36067,242,450
36068,9392,9615
36069,25981,26220
36070,32210,32453
36071,42689,42966
36072,12101,12325
36073,47392,47677
36074,11513,11737
36075,56584,56699
36076,1689,1900
36077,30478,30717
36078,28774,29013
36079,42558,42835
36080,9102,9325
36081,54894,55005
36082,11807,12031
36083,16450,16675
36084,30621,30860
36085,53262,53369
36086,43218,43495
36087,26209,26448
36088,47228,47513
36089,50872,50973
36090,40496,40771
36091,5969,6190
36092,56550,56665
36093,37240,37513
36094,52054,52159
36095,55068,55181
36096,42260,42536
36097,16238,16463
36098,8918,9141
36099,25283,25521
36100,45616,45895
36101,50237,50337
36102,12767,12991
36103,4652,4873
36104,26329,26568
36105,11125,11349
36106,27731,27970
36107,22213,22449
36108,55358,55472
36109,44971,45248
36110,3592,3808
36111,14809,15034
36112,10967,11191
36113,1291,1502
36114,54702,54813
36115,36169,36440
36116,4413,4634
36117,21487,21723
36118,47397,47682
36119,24730,24967
36120,38197,38470
36121,6859,7080
36122,46958,47243
36123,27998,28237
36124,23944,24181
36125,11579,11803
36126,741,951
36127,45706,45985
36128,40057,40331
36129,35049,35311
36130,31720,31961
36131,32465,32708
36132,20957,21192
36133,32848,33091
36134,17894,18123
36135,5497,5718
36136,56767,56882
36137,30218,30457
36138,24977,25214
36139,6046,6267
36140,43113,43390
36141,22058,22294
36142,54283,54394
36143,55726,55840
36144,3618,3835
36145,49010,49089
36146,55826,55940
36147,20339,20572
36148,36959,37231
36149,45425,45703
36150,29874,30113
36151,52460,52567
36152,52565,52672
36153,3593,3809
36154,46854,47138
36155,6154,6375
36156,13595,13819
36157,52153,52258
36158,49380,49460
36159,34644,34901
36160,35927,36193
36161,56664,56779
36162,5526,5747
36163,16344,16569
36164,20409,20642
36165,26345,26584
36166,37383,37656
36167,54646,54757
36168,6313,6534
36169,43243,43520
36170,30745,30984
36171,7328,7550
36172,21897,22133
36173,24387,24624
36174,23688,23925
36175,26686,26925
36176,6831,7052
36177,49212,49292
36178,7821,8043
36179,9846,10070
36180,16520,16745
36181,21392,21628
36182,15030,15255
36183,24398,24635
36184,21814,22050
36185,42143,42419
36186,47042,47327
36187,26354,26593
36188,33301,33547
36189,21621,21857
36190,18128,18358
36191,42049,42325
36192,21204,21439
36193,10589,10813
36194,24308,24545
36195,51334,51435
36196,54131,54242
36197,15096,15321
36198,27737,27976
36199,29954,30193
36200,56934,57049
36201,35219,35481
36202,24822,25059
36203,1100,1310
36204,36335,36607
36205,24957,25194
36206,52373,52480
36207,49168,49248
36208,40341,40616
36209,47109,47394
36210,16315,16540
36211,41447,41723
36212,5302,5523
36213,26818,27057
36214,14985,15210
36215,12102,12326
36216,32992,33235
36217,18892,19123
36218,19621,19853
36219,5260,5481
36220,35241,35503
36221,7182,7404
36222,35599,35863
36223,31597,31838
36224,20495,20730
36225,36270,36541
36226,43879,44156
36227,37589,37862
36228,27462,27701
36229,33908,34155
36230,45624,45903
36231,17161,17390
36232,17756,17985
36233,51074,51175
36234,30127,30366
36235,23930,24167
36236,50245,50345
36237,40447,40722
36238,54629,54740
36239,19126,19357
36240,18773,19003
36241,49557,49637
36242,10976,11200
36243,5147,5368
36244,26919,27158
36245,13204,13428
36246,56143,56257
36247,47704,97
36248,41984,42260
36249,13605,13829
36250,10671,10895
36251,56425,56540
36252,288,496
36253,5169,5390
36254,20342,20575
36255,24324,24561
36256,50139,50238
36257,52855,52962
36258,21157,21392
36259,52214,52319
36260,2892,3106
36261,38059,38332
36262,25759,25997
36263,46020,46301
36264,35172,35434
36265,17268,17497
36266,50062,50160
36267,15969,16194
36268,21639,21875
36269,8942,9165
36270,17717,17946
36271,40573,40848
36272,16151,16376
36273,44664,44941
36274,32299,32542
36275,15894,16119
36276,31904,32146
36277,32215,32458
36278,53481,53590
36279,43875,44152
36280,21733,21969
36281,56072,56186
36282,25407,25645
36283,47281,47566
36284,18265,18495
36285,32199,32442
36286,14813,15038
36287,16540,16765
36288,1966,2177
36289,6303,6524
36290,41109,41385
36291,42926,43203
36292,5741,5962
36293,19673,19906
36294,45696,45975
36295,27145,27384
36296,41365,41641
36297,36598,36870
36298,49012,49091
36299,42973,43250
36300,34464,34714
36301,24158,24395
36302,49755,49835
36303,3263,3479
36304,35228,35490
36305,2462,2675
36306,27919,28158
36307,39790,40064
36308,37110,37382
36309,8249,8471
36310,45954,46234
36311,14172,14397
36312,31386,31627
36313,35300,35562
36314,16359,16584
36315,56224,56338
36316,1093,1303
36317,45381,45659
36318,27967,28206
36319,54237,54348
36320,21536,21772
36321,13982,14207
36322,21643,21879
36323,47422,47707
36324,13928,14153
36325,32855,33098
36326,49865,49961
36327,2239,2451
36328,35992,36258
36329,41492,41768
36330,41183,41459
36331,27702,27941
36332,42452,42728
36333,46557,46840
36334,44755,45032
36335,31552,31793
36336,32631,32874
36337,41163,41439
36338,34267,34517
36339,56070,56184
36340,44313,44590
36341,19158,19389
36342,24541,24778
36343,55720,55834
36344,3419,3635
36345,11221,11445
36346,21406,21642
36347,41479,41755
36348,26954,27193
36349,6179,6400
36350,18928,19159
36351,31165,31405
36352,7493,7715
36353,52626,52733
36354,8606,8828
36355,50358,50458
36356,47687,80
36357,12925,13149
36358,5641,5862
36359,33102,33345
36360,56573,56688
36361,50508,50608
36362,33159,33405
36363,45167,45444
36364,2699,2913
36365,40784,41059
36366,52328,52435
36367,40530,40805
36368,503,712
36369,13230,13454
36370,32368,32611
36371,26965,27204
36372,37215,37488
36373,42344,42620
36374,54696,54807
36375,16730,16957
36376,40056,40330
36377,53222,53329
36378,3763,3981
36379,35814,36079
36380,42600,42877
36381,37006,37278
36382,36154,36425
36383,10549,10773
36384,36153,36424
36385,1036,1246
36386,34339,34589
36387,34831,35088
36388,44279,44556
36389,3880,4098
36390,37900,38173
36391,9824,10048
36392,18667,18897
36393,5832,6053
36394,14219,14444
36395,23358,23595
36396,27623,27862
36397,16332,16557
36398,45442,45720
36399,33135,33381
36400,2789,3003
36401,34753,35010
36402,141,349
36403,39088,39361
36404,24723,24960
36405,29774,30013
36406,43836,44113
36407,33978,34225
36408,30131,30370
36409,16279,16504
36410,20783,21018
36411,7912,8134
36412,31721,31962
36413,25391,25629
36414,33376,33622
36415,39423,39696
36416,53840,53951
36417,43584,43861
36418,36238,36509
36419,14055,14280
36420,53990,54101
36421,27411,27650
36422,5333,5554
36423,35434,35697
36424,43602,43879
36425,56077,56191
36426,29280,29519
36427,42722,42999
36428,39696,39970
36429,605,814
36430,2199,2411
36431,5192,5413
36432,48698,48777
36433,22555,22791
36434,12404,12628
36435,25973,26212
36436,39997,40271
36437,54788,54899
36438,51846,51951
36439,31636,31877
36440,39601,39875
36441,47898,47976
36442,25162,25400
36443,24173,24410
36444,48763,48842
36445,17134,17363
36446,49303,49383
36447,29196,29435
36448,14478,14703
36449,28670,28909
36450,23983,24220
36451,32804,33047
36452,53921,54032
36453,24498,24735
36454,36727,36999
36455,15889,16114
36456,41580,41856
36457,40093,40367
36458,45926,46205
36459,12996,13220
36460,3164,3380
36461,30390,30629
36462,18578,18808
36463,54854,54965
36464,50740,50840
36465,24200,24437
36466,43249,43526
36467,11089,11313
36468,36168,36439
36469,3224,3440
36470,50043,50141
36471,11796,12020
36472,27888,28127
36473,12006,12230
36474,24090,24327
36475,24399,24636
36476,50764,50864
36477,21013,21248
36478,53718,53828
36479,37962,38235
36480,46828,47112
36481,11606,11830
36482,25186,25424
36483,47984,48062
36484,36819,37091
36485,39743,40017
36486,53832,53943
36487,133,341
36488,38741,39014
36489,12050,12274
36490,34243,34493
36491,53370,53479
36492,2793,3007
36493,30103,30342
36494,40335,40610
36495,46084,46365
36496,3629,3846
36497,28751,28990
36498,35221,35483
36499,42945,43222
36500,13039,13263
36501,44898,45175
36502,45081,45358
36503,56873,56988
36504,13842,14067
36505,32315,32558
36506,48751,48830
36507,11816,12040
36508,25072,25310
36509,32185,32428
36510,25240,25478
36511,7714,7936
36512,56204,56318
36513,1688,1899
36514,35869,36135
36515,52321,52428
36516,38638,38911
36517,7078,7300
36518,10706,10930
36519,33019,33262
36520,47131,47416
36521,39339,39612
36522,3282,3498
36523,49384,49464
36524,3233,3449
36525,40206,40481
36526,41596,41872
36527,27447,27686
36528,53765,53875
36529,53691,53801
36530,32498,32741
36531,13301,13525
36532,8660,8882
36533,33221,33467
36534,32783,33026
36535,9464,9687
36536,11218,11442
36537,13624,13848
36538,6520,6741
36539,56822,56937
36540,53544,53653
36541,16995,17222
36542,28962,29201
36543,24858,25095
36544,4754,4975
36545,53771,53881
36546,4881,5102
36547,132,340
36548,40018,40292
36549,10840,11064
36550,40442,40717
36551,20351,20584
36552,377,586
36553,5431,5652
36554,22612,22849
36555,6485,6706
36556,12941,13165
36557,2302,2514
36558,9572,9796
36559,7473,7695
36560,44693,44970
36561,43024,43301
36562,5635,5856
36563,37632,37905
36564,9088,9311
36565,46427,46708
36566,6440,6661
36567,40157,40431
36568,714,924
36569,6029,6250
36570,51972,52077
36571,2406,2619
36572,368,577
36573,42920,43197
36574,44504,44781
36575,22943,23180
36576,26092,26331
36577,5088,5309
36578,47536,47821
36579,4696,4917
36580,10061,10285
36581,9883,10107
36582,32132,32374
36583,39846,40120
36584,56273,56387
36585,56287,56402
36586,49471,49551
36587,23836,24073
36588,38696,38969
36589,37781,38054
36590,36661,36933
36591,34239,34489
36592,43132,43409
36593,1145,1355
36594,54393,54504
36595,44742,45019
36596,33305,33551
36597,45459,45738
36598,1018,1228
36599,21395,21631
36600,14120,14345
36601,8790,9013
36602,45603,45882
36603,43723,44000
36604,25986,26225
36605,29134,29373
36606,23896,24133
36607,14869,15094
36608,18885,19116
36609,11768,11992
36610,11948,12172
36611,23801,24038
36612,34916,35178
36613,46681,46965
36614,23578,23815
36615,49643,49723
36616,4746,4967
36617,45074,45351
36618,649,859
36619,22776,23013
36620,34232,34482
36621,12026,12250
36622,20438,20671
36623,25097,25335
36624,55330,55443
36625,4749,4970
36626,27267,27506
36627,8423,8645
36628,1030,1240
36629,16306,16531
36630,53802,53912
36631,46596,46879
36632,6572,6793
36633,41348,41624
36634,2430,2643
36635,53409,53518
36636,1849,2060
36637,26807,27046
36638,51612,51715
36639,15243,15468
36640,14296,14521
36641,12927,13151
36642,23190,23427
36643,28802,29041
36644,8996,9219
36645,55767,55881
36646,22888,23125
36647,31628,31869
36648,33464,33710
36649,56466,56581
36650,52599,52706
36651,27643,27882
36652,28755,28994
36653,18636,18866
36654,20693,20928
36655,38402,38675
36656,6217,6438
36657,47401,47686
36658,9265,9488
36659,25747,25985
36660,55140,55253
36661,18732,18962
36662,4909,5130
36663,34042,34289
36664,20139,20372
36665,47333,47618
36666,54106,54217
36667,45097,45374
36668,37774,38047
36669,56816,56931
36670,3000,3215
36671,34199,34449
36672,9063,9286
36673,13987,14212
36674,37059,37331
36675,381,590
36676,1726,1937
36677,30781,31020
36678,49709,49789
36679,32606,32849
36680,49776,49856
36681,53827,53938
36682,20951,21186
36683,19972,20205
36684,39688,39962
36685,55048,55161
36686,6768,6989
36687,49334,49414
36688,47473,47758
36689,34597,34854
36690,55556,55670
36691,26628,26867
36692,39242,39515
36693,33722,33969
36694,48567,48646
36695,54545,54656
36696,50202,50302
36697,18635,18865
36698,28440,28679
36699,19188,19419
36700,13042,13266
36701,32476,32719
36702,34590,34847
36703,33976,34223
36704,27427,27666
36705,23867,24104
36706,52779,52886
36707,47714,107
36708,42453,42729
36709,9286,9509
36710,13593,13817
36711,29223,29462
36712,42636,42913
36713,10728,10952
36714,41821,42097
36715,5561,5782
36716,3025,3240
36717,23803,24040
36718,56313,56428
36719,14689,14914
36720,21535,21771
36721,28429,28668
36722,1325,1536
36723,34783,35040
36724,29170,29409
36725,12647,12871
36726,48778,48857
36727,45711,45990
36728,3522,3738
36729,14326,14551
36730,42668,42945
36731,48611,48690
36732,39431,39704
36733,2319,2531
36734,11399,11623
36735,45386,45664
36736,48392,48471
36737,43827,44104
36738,24089,24326
36739,36101,36372
36740,36227,36498
36741,29277,29516
36742,33486,33732
36743,14360,14585
36744,19432,19663
36745,21145,21380
36746,680,890
36747,22696,22933
36748,34375,34625
36749,33520,33766
36750,21949,22185
36751,13172,13396
36752,19618,19850
36753,33043,33286
36754,20435,20668
36755,34288,34538
36756,16380,16605
36757,2276,2488
36758,51289,51390
36759,3965,4183
36760,526,735
36761,36880,37152
36762,44304,44581
36763,34246,34496
36764,41241,41517
36765,46863,47147
36766,17679,17908
36767,10433,10657
36768,51629,51732
36769,34032,34279
36770,32568,32811
36771,20626,20861
36772,36750,37022
36773,48951,49030
36774,45373,45651
36775,6316,6537
36776,8977,9200
36777,7059,7281
36778,42099,42375
36779,56319,56434
36780,44472,44749
36781,43661,43938
36782,14974,15199
36783,33592,33838
36784,42734,43011
36785,18062,18292
36786,38949,39222
36787,16642,16869
36788,2374,2586
36789,9458,9681
36790,23784,24021
36791,6093,6314
36792,14497,14722
36793,38010,38283
36794,52007,52112
36795,45575,45854
36796,20482,20717
36797,39942,40216
36798,30048,30287
36799,29639,29878
36800,49364,49444
36801,3941,4159
36802,18947,19178
36803,44400,44677
36804,55868,55982
36805,42259,42535
36806,55414,55528
36807,10977,11201
36808,14153,14378
36809,23489,23726
36810,2501,2715
36811,13321,13545
36812,25331,25569
36813,732,942
36814,35394,35657
36815,15509,15734
36816,31856,32098
36817,44476,44753
36818,23775,24012
36819,7599,7821
36820,14915,15140
36821,24495,24732
36822,23286,23523
36823,28779,29018
36824,55117,55230
36825,13866,14091
36826,46011,46292
36827,47172,47457
36828,23859,24096
36829,31893,32135
36830,46416,46697
36831,14274,14499
36832,34643,34900
36833,6981,7203
36834,1148,1358
36835,52295,52401
36836,8343,8565
36837,15022,15247
36838,35473,35736
36839,34499,34756
36840,16571,16796
36841,15794,16019
36842,11437,11661
36843,22295,22531
36844,15643,15868
36845,20411,20644
36846,16836,17063
36847,36377,36649
36848,28552,28791
36849,25123,25361
36850,1884,2095
36851,29517,29756
36852,28029,28268
36853,9112,9335
36854,24839,25076
36855,39972,40246
36856,28037,28276
36857,30036,30275
36858,41509,41785
36859,49252,49332
36860,16509,16734
36861,35548,35812
36862,24887,25124
36863,46298,46579
36864,4373,4594
36865,22382,22618
36866,2410,2623
36867,47628,47913
36868,10404,10628
36869,4820,5041
36870,19820,20053
36871,7568,7790
36872,23964,24201
36873,36522,36794
36874,6682,6903
36875,21853,22089
36876,29555,29794
36877,28347,28586
36878,32580,32823
36879,23932,24169
36880,30191,30430
36881,32017,32259
36882,31194,31434
36883,22239,22475
36884,20452,20687
36885,39793,40067
36886,34294,34544
36887,21754,21990
36888,18689,18919
36889,52029,52134
36890,18397,18627
36891,53442,53551
36892,24974,25211
36893,11819,12043
36894,24063,24300
36895,21581,21817
36896,52368,52475
36897,11394,11618
36898,3961,4179
36899,4711,4932
36900,19956,20189
36901,55057,55170
36902,55445,55559
36903,44609,44886
36904,50315,50415
36905,16523,16748
36906,1611,1822
36907,15415,15640
36908,8531,8753
36909,54715,54826
36910,36833,37105
36911,11199,11423
36912,6823,7044
36913,23290,23527
36914,47127,47412
36915,51978,52083
36916,14324,14549
36917,18975,19206
36918,25667,25905
36919,51062,51163
36920,23006,23243
36921,3236,3452
36922,55494,55608
36923,47120,47405
36924,36011,36282
36925,39407,39680
36926,39660,39934
36927,15165,15390
36928,45319,45597
36929,45257,45535
36930,44054,44331
36931,4773,4994
36932,17682,17911
36933,52334,52441
36934,39836,40110
36935,42497,42773
36936,42529,42805
36937,37896,38169
36938,25763,26001
36939,12146,12370
36940,9752,9976
36941,9462,9685
36942,28198,28437
36943,14663,14888
36944,47605,47890
36945,4145,4366
36946,41302,41578
36947,17841,18070
36948,1889,2100
36949,1935,2146
36950,33151,33397
36951,5772,5993
36952,56807,56922
36953,44252,44529
36954,13673,13897
36955,17989,18219
36956,44233,44510
36957,23588,23825
36958,36796,37068
36959,9568,9792
36960,6649,6870
36961,17424,17653
36962,26685,26924
36963,23160,23397
36964,3139,3355
36965,50172,50271
36966,3744,3962
36967,3193,3409
36968,8487,8709
36969,33263,33509
36970,52590,52697
36971,45448,45727
36972,23328,23565
36973,9307,9530
36974,36602,36874
36975,6582,6803
36976,53511,53620
36977,23741,23978
36978,47211,47496
36979,21147,21382
36980,7948,8170
36981,46242,46523
36982,55666,55780
36983,34673,34930
36984,45022,45299
36985,14378,14603
36986,41123,41399
36987,48200,48279
36988,22550,22786
36989,19953,20186
36990,43314,43591
36991,28175,28414
36992,48357,48436
36993,17917,18146
36994,22784,23021
36995,32286,32529
36996,11580,11804
36997,7649,7871
36998,50273,50373
36999,39126,39399
37000,19102,19333
37001,43437,43714
37002,35768,36033
37003,5478,5699
37004,18815,19046
37005,13244,13468
37006,16831,17058
37007,36082,36353
37008,3248,3464
37009,16119,16344
37010,16323,16548
37011,23363,23600
37012,31770,32012
37013,5432,5653
37014,31704,31945
37015,45483,45762
37016,55663,55777
37017,35592,35856
37018,30091,30330
37019,6105,6326
37020,5616,5837
37021,14778,15003
37022,54596,54707
37023,15113,15338
37024,29669,29908
37025,30120,30359
37026,12649,12873
37027,35212,35474
37028,26644,26883
37029,1409,1620
37030,19571,19802
37031,11134,11358
37032,24196,24433
37033,39243,39516
37034,28108,28347
37035,50048,50146
37036,9959,10183
37037,37744,38017
37038,10391,10615
37039,41592,41868
37040,14459,14684
37041,38667,38940
37042,39327,39600
37043,55997,56111
37044,34853,35110
37045,9359,9582
37046,45057,45334
37047,5581,5802
37048,28121,28360
37049,7161,7383
37050,33463,33709
37051,18916,19147
37052,9021,9244
37053,38874,39147
37054,49205,49285
37055,54813,54924
37056,33666,33912
37057,31804,32046
37058,48841,48920
37059,23613,23850
37060,47469,47754
37061,44140,44417
37062,32150,32392
37063,15395,15620
37064,30654,30893
37065,47145,47430
37066,53083,53190
37067,30243,30482
37068,56559,56674
37069,42426,42702
37070,17789,18018
37071,42711,42988
37072,50882,50983
37073,55044,55157
37074,49448,49528
37075,50195,50295
37076,37943,38216
37077,33036,33279
37078,33560,33806
37079,20128,20361
37080,49871,49967
37081,17552,17781
37082,28792,29031
37083,11072,11296
37084,38866,39139
37085,9845,10069
37086,48695,48774
37087,16952,17179
37088,37263,37536
37089,13332,13556
37090,49760,49840
37091,2138,2349
37092,54338,54449
37093,34074,34321
37094,27103,27342
37095,35432,35695
37096,44720,44997
37097,26670,26909
37098,23865,24102
37099,34665,34922
37100,2840,3054
37101,37442,37715
37102,19291,19522
37103,15026,15251
37104,21362,21598
37105,38109,38382
37106,22971,23208
37107,56414,56529
37108,23992,24229
37109,28791,29030
37110,43375,43652
37111,9026,9249
37112,16000,16225
37113,43238,43515
37114,52111,52216
37115,36265,36536
37116,48283,48362
37117,39433,39706
37118,29508,29747
37119,18687,18917
37120,8314,8536
37121,37489,37762
37122,44481,44758
37123,10115,10339
37124,10926,11150
37125,44574,44851
37126,43782,44059
37127,26708,26947
37128,28263,28502
37129,52195,52300
37130,47983,48061
37131,55156,55269
37132,35059,35321
37133,54270,54381
37134,36402,36674
37135,44867,45144
37136,52121,52226
37137,47740,133
37138,39072,39345
37139,33354,33600
37140,815,1025
37141,37062,37334
37142,2078,2289
37143,49112,49191
37144,22003,22239
37145,3789,4007
37146,40691,40965
37147,23711,23948
37148,41862,42138
37149,21295,21530
37150,16502,16727
37151,17090,17319
37152,17150,17379
37153,44370,44647
37154,27893,28132
37155,18606,18836
37156,25933,26172
37157,46565,46848
37158,19687,19920
37159,56249,56363
37160,31665,31906
37161,44839,45116
37162,46710,46994
37163,27037,27276
37164,47843,47921
37165,36855,37127
37166,56427,56542
37167,30464,30703
37168,21056,21291
37169,22968,23205
37170,9116,9339
37171,46602,46885
37172,5061,5282
37173,41861,42137
37174,37680,37953
37175,44419,44696
37176,49454,49534
37177,45421,45699
37178,28372,28611
37179,39968,40242
37180,17710,17939
37181,41482,41758
37182,55515,55629
37183,21040,21275
37184,5172,5393
37185,40563,40838
37186,50567,50667
37187,37830,38103
37188,8032,8254
37189,49339,49419
37190,47391,47676
37191,15184,15409
37192,15946,16171
37193,14240,14465
37194,20738,20973
37195,11712,11936
37196,16883,17110
37197,56058,56172
37198,31469,31710
37199,41950,42226
37200,32415,32658
37201,21123,21358
37202,56205,56319
37203,49118,49197
37204,35349,35612
37205,42387,42663
37206,13459,13683
37207,11852,12076
37208,50269,50369
37209,12694,12918
37210,39634,39908
37211,29925,30164
37212,4131,4352
37213,31540,31781
37214,39874,40148
37215,17879,18108
37216,26551,26790
37217,28542,28781
37218,54300,54411
37219,17654,17883
37220,44528,44805
37221,22906,23143
37222,54427,54538
37223,12623,12847
37224,44377,44654
37225,2207,2419
37226,3675,3892
37227,7008,7230
37228,40076,40350
37229,30662,30901
37230,434,643
37231,37563,37836
37232,35862,36128
37233,2143,2354
37234,7456,7678
37235,42102,42378
37236,55351,55465
37237,24791,25028
37238,39795,40069
37239,53311,53419
37240,780,990
37241,28245,28484
37242,22138,22374
37243,40513,40788
37244,54003,54114
37245,30526,30765
37246,32309,32552
37247,29915,30154
37248,12523,12747
37249,43961,44238
37250,18681,18911
37251,7571,7793
37252,47523,47808
37253,22887,23124
37254,2782,2996
37255,5462,5683
37256,22389,22625
37257,23031,23268
37258,44560,44837
37259,17628,17857
37260,14534,14759
37261,44306,44583
37262,48774,48853
37263,55029,55142
37264,24485,24722
37265,48306,48385
37266,20318,20551
37267,19317,19548
37268,51689,51792
37269,48504,48583
37270,34653,34910
37271,5883,6104
37272,47948,48026
37273,43834,44111
37274,6087,6308
37275,11338,11562
37276,50389,50489
37277,30339,30578
37278,13411,13635
37279,14100,14325
37280,50756,50856
37281,43959,44236
37282,4769,4990
37283,22597,22834
37284,6002,6223
37285,50634,50734
37286,45351,45629
37287,22289,22525
37288,13805,14030
37289,12806,13030
37290,11477,11701
37291,1907,2118
37292,12620,12844
37293,38587,38860
37294,28190,28429
37295,20671,20906
37296,3060,3275
37297,1349,1560
37298,14918,15143
37299,44902,45179
37300,15682,15907
37301,47793,186
37302,6446,6667
37303,25008,25245
37304,17761,17990
37305,51216,51317
37306,17032,17261
37307,25006,25243
37308,52888,52995
37309,16977,17204
37310,11117,11341
37311,21625,21861
37312,32615,32858
37313,10479,10703
37314,30065,30304
37315,47762,155
37316,27181,27420
37317,2740,2954
37318,3657,3874
37319,14539,14764
37320,55469,55583
37321,43695,43972
37322,45092,45369
37323,6551,6772
37324,16128,16353
37325,41106,41382
37326,26394,26633
37327,55325,55438
37328,47448,47733
37329,15833,16058
37330,54623,54734
37331,20996,21231
37332,32825,33068
37333,24458,24695
37334,16641,16868
37335,54222,54333
37336,22751,22988
37337,21951,22187
37338,13516,13740
37339,37621,37894
37340,45173,45450
37341,41628,41904
37342,44423,44700
37343,11480,11704
37344,28207,28446
37345,10093,10317
37346,37481,37754
37347,54730,54841
37348,4589,4810
37349,32290,32533
37350,42163,42439
37351,16044,16269
37352,49221,49301
37353,1695,1906
37354,5970,6191
37355,50604,50704
37356,41448,41724
37357,23619,23856
37358,49249,49329
37359,37754,38027
37360,32658,32901
37361,15235,15460
37362,19370,19601
37363,12757,12981
37364,46149,46430
37365,20330,20563
37366,37457,37730
37367,39933,40207
37368,47135,47420
37369,33138,33384
37370,53986,54097
37371,20809,21044
37372,40702,40976
37373,42995,43272
37374,12160,12384
37375,2656,2870
37376,1735,1946
37377,13296,13520
37378,49400,49480
37379,43204,43481
37380,26126,26365
37381,5449,5670
37382,29686,29925
37383,32870,33113
37384,56018,56132
37385,30080,30319
37386,7942,8164
37387,6064,6285
37388,52424,52531
37389,40778,41053
37390,21923,22159
37391,38340,38613
37392,15670,15895
37393,4009,4227
37394,23617,23854
37395,3059,3274
37396,15764,15989
37397,52618,52725
37398,49607,49687
37399,8348,8570
37400,31908,32150
37401,15017,15242
37402,18814,19045
37403,35544,35807
37404,43767,44044
37405,31254,31495
37406,17816,18045
37407,45013,45290
37408,26455,26694
37409,47517,47802
37410,30532,30771
37411,3578,3794
37412,53200,53307
37413,17465,17694
37414,40558,40833
37415,52917,53024
37416,17693,17922
37417,15437,15662
37418,35423,35686
37419,12193,12417
37420,15938,16163
37421,33775,34022
37422,41472,41748
37423,53524,53633
37424,8489,8711
37425,29577,29816
37426,42860,43137
37427,12200,12424
37428,33742,33989
37429,13660,13884
37430,36142,36413
37431,22607,22844
37432,20648,20883
37433,20525,20760
37434,47981,48059
37435,34706,34963
37436,1916,2127
37437,21090,21325
37438,51504,51605
37439,32250,32493
37440,19221,19452
37441,43807,44084
37442,10904,11128
37443,9579,9803
37444,45107,45384
37445,56413,56528
37446,27930,28169
37447,9000,9223
37448,54101,54212
37449,9258,9481
37450,19842,20075
37451,16699,16926
37452,22124,22360
37453,23012,23249
37454,8832,9055
37455,55234,55347
37456,16607,16832
37457,6470,6691
37458,17377,17606
37459,40710,40985
37460,33477,33723
37461,27153,27392
37462,26583,26822
37463,5593,5814
37464,35832,36097
37465,7988,8210
37466,55563,55677
37467,38683,38956
37468,4335,4556
37469,8930,9153
37470,3735,3953
37471,18266,18496
37472,42121,42397
37473,51243,51344
37474,12063,12287
37475,44960,45237
37476,1774,1985
37477,2296,2508
37478,51254,51355
37479,25,26
37480,19100,19331
37481,48906,48985
37482,1112,1322
37483,19021,19252
37484,11457,11681
37485,45544,45823
37486,29693,29932
37487,19886,20119
37488,38881,39154
37489,26483,26722
37490,16675,16902
37491,40333,40608
37492,54148,54259
37493,49704,49784
37494,1996,2207
37495,6284,6505
37496,26778,27017
37497,54709,54820
37498,3981,4199
37499,40337,40612
37500,32392,32635
37501,50364,50464
37502,7470,7692
37503,20774,21009
37504,38950,39223
37505,21193,21428
37506,53292,53399
37507,44631,44908
37508,14395,14620
37509,39476,39749
37510,19311,19542
37511,28069,28308
37512,21335,21570
37513,745,955
37514,12763,12987
37515,28752,28991
37516,51941,52046
37517,46469,46752
37518,16575,16800
37519,18744,18974
37520,43523,43800
37521,7879,8101
37522,11085,11309
37523,32611,32854
37524,24492,24729
37525,28134,28373
37526,2881,3095
37527,6532,6753
37528,11602,11826
37529,25754,25992
37530,55510,55624
37531,42376,42652
37532,15059,15284
37533,15739,15964
37534,53506,53615
37535,2068,2279
37536,10781,11005
37537,41800,42076
37538,6231,6452
37539,56828,56943
37540,56727,56842
37541,39045,39318
37542,27712,27951
37543,47913,47991
37544,14970,15195
37545,43019,43296
37546,15077,15302
37547,56137,56251
37548,19992,20225
37549,56536,56651
37550,13563,13787
37551,9972,10196
37552,29831,30070
37553,13208,13432
37554,26203,26442
37555,10270,10494
37556,22704,22941
37557,40267,40542
37558,38183,38456
37559,53405,53514
37560,11052,11276
37561,54452,54563
37562,12670,12894
37563,49634,49714
37564,15802,16027
37565,26163,26402
37566,33112,33355
37567,39263,39536
37568,424,633
37569,380,589
37570,30060,30299
37571,16155,16380
37572,41918,42194
37573,21588,21824
37574,39532,39806
37575,54441,54552
37576,33786,34033
37577,8416,8638
37578,36876,37148
37579,23390,23627
37580,22340,22576
37581,20791,21026
37582,8041,8263
37583,19813,20046
37584,39195,39468
37585,24145,24382
37586,7645,7867
37587,46066,46347
37588,19560,19791
37589,16534,16759
37590,12556,12780
37591,1830,2041
37592,42262,42538
37593,13290,13514
37594,1152,1362
37595,47097,47382
37596,5943,6164
37597,46603,46886
37598,24058,24295
37599,9457,9680
37600,43729,44006
37601,1574,1785
37602,37560,37833
37603,34287,34537
37604,27246,27485
37605,46058,46339
37606,19016,19247
37607,42458,42734
37608,45686,45965
37609,12215,12439
37610,13062,13286
37611,20159,20392
37612,35779,36044
37613,51761,51866
37614,12719,12943
37615,46706,46990
37616,15977,16202
37617,29384,29623
37618,10195,10419
37619,39567,39841
37620,55471,55585
37621,24270,24507
37622,9294,9517
37623,40966,41242
37624,9055,9278
37625,53627,53737
37626,42567,42844
37627,427,636
37628,11408,11632
37629,33607,33853
37630,49725,49805
37631,48553,48632
37632,54013,54124
37633,44895,45172
37634,37236,37509
37635,982,1192
37636,56941,57056
37637,39877,40151
37638,51091,51192
37639,27514,27753
37640,32204,32447
37641,8868,9091
37642,11243,11467
37643,38038,38311
37644,39332,39605
37645,46413,46694
37646,43858,44135
37647,35669,35934
37648,53435,53544
37649,48948,49027
37650,28445,28684
37651,30302,30541
37652,18544,18774
37653,13302,13526
37654,22453,22689
37655,12510,12734
37656,1481,1692
37657,56304,56419
37658,10185,10409
37659,41850,42126
37660,45444,45722
37661,33445,33691
37662,27550,27789
37663,8175,8397
37664,36107,36378
37665,55398,55512
37666,56979,57094
37667,23861,24098
37668,39109,39382
37669,55514,55628
37670,8474,8696
37671,30819,31058
37672,2903,3117
37673,1868,2079
37674,13756,13981
37675,25036,25273
37676,52338,52445
37677,23246,23483
37678,45190,45468
37679,8858,9081
37680,49372,49452
37681,26969,27208
37682,55770,55884
37683,24057,24294
37684,3962,4180
37685,48498,48577
37686,54416,54527
37687,27714,27953
37688,46895,47180
37689,45626,45905
37690,47080,47365
37691,10496,10720
37692,15800,16025
37693,22941,23178
37694,10010,10234
37695,37036,37308
37696,18322,18552
37697,22027,22263
37698,27755,27994
37699,41296,41572
37700,32502,32745
37701,26520,26759
37702,30055,30294
37703,27729,27968
37704,35207,35469
37705,22987,23224
37706,25338,25576
37707,31950,32192
37708,39215,39488
37709,46392,46673
37710,858,1068
37711,22173,22409
37712,38998,39271
37713,40210,40485
37714,8292,8514
37715,11984,12208
37716,3138,3354
37717,19720,19953
37718,16411,16636
37719,7046,7268
37720,29722,29961
37721,18629,18859
37722,3854,4072
37723,41401,41677
37724,29137,29376
37725,25680,25918
37726,33357,33603
37727,20838,21073
37728,14552,14777
37729,50319,50419
37730,20008,20241
37731,56487,56602
37732,13357,13581
37733,3496,3712
37734,49631,49711
37735,6757,6978
37736,32571,32814
37737,14567,14792
37738,3049,3264
37739,33154,33400
37740,14843,15068
37741,38589,38862
37742,31676,31917
37743,41035,41311
37744,24084,24321
37745,50008,50106
37746,52392,52499
37747,56150,56264
37748,32685,32928
37749,327,535
37750,35518,35781
37751,33330,33576
37752,33312,33558
37753,32435,32678
37754,38585,38858
37755,20865,21100
37756,19219,19450
37757,39898,40172
37758,29044,29283
37759,22996,23233
37760,10852,11076
37761,38196,38469
37762,31393,31634
37763,10009,10233
37764,26500,26739
37765,934,1144
37766,30015,30254
37767,4063,4281
37768,6013,6234
37769,17124,17353
37770,11903,12127
37771,56163,56277
37772,34391,34641
37773,53731,53841
37774,6680,6901
37775,43903,44180
37776,47423,47708
37777,19200,19431
37778,45135,45412
37779,40006,40280
37780,55267,55380
37781,13090,13314
37782,44643,44920
37783,8515,8737
37784,48718,48797
37785,17616,17845
37786,6628,6849
37787,25836,26074
37788,1974,2185
37789,1956,2167
37790,38442,38715
37791,3484,3700
37792,2050,2261
37793,23910,24147
37794,33460,33706
37795,26198,26437
37796,28965,29204
37797,33904,34151
37798,52109,52214
37799,55483,55597
37800,45785,46064
37801,21690,21926
37802,42552,42829
37803,36647,36919
37804,19480,19711
37805,18931,19162
37806,881,1091
37807,25897,26136
37808,32869,33112
37809,43594,43871
37810,47892,47970
37811,2160,2371
37812,12984,13208
37813,12024,12248
37814,27953,28192
37815,840,1050
37816,46838,47122
37817,32781,33024
37818,32130,32372
37819,17613,17842
37820,4138,4359
37821,30012,30251
37822,51785,51890
37823,28507,28746
37824,17971,18201
37825,10365,10589
37826,1846,2057
37827,55604,55718
37828,55478,55592
37829,53045,53152
37830,2454,2667
37831,37866,38139
37832,41762,42038
37833,31030,31270
37834,36451,36723
37835,54974,55085
37836,36956,37228
37837,31131,31371
37838,54752,54863
37839,21283,21518
37840,9865,10089
37841,32176,32419
37842,25608,25846
37843,37508,37781
37844,50454,50554
37845,42285,42561
37846,20204,20437
37847,35487,35750
37848,41031,41307
37849,25110,25348
37850,32539,32782
37851,45533,45812
37852,6362,6583
37853,18309,18539
37854,32181,32424
37855,36985,37257
37856,38049,38322
37857,39757,40031
37858,41550,41826
37859,46253,46534
37860,41310,41586
37861,34135,34385
37862,39288,39561
37863,35121,35383
37864,4477,4698
37865,51551,51652
37866,37467,37740
37867,31259,31500
37868,5757,5978
37869,17042,17271
37870,51844,51949
37871,27219,27458
37872,28282,28521
37873,30620,30859
37874,45099,45376
37875,4653,4874
37876,32899,33142
37877,55255,55368
37878,34796,35053
37879,25579,25817
37880,9763,9987
37881,15419,15644
37882,789,999
37883,34281,34531
37884,9335,9558
37885,6841,7062
37886,31087,31327
37887,23130,23367
37888,45718,45997
37889,2545,2759
37890,31274,31515
37891,5469,5690
37892,50220,50320
37893,31621,31862
37894,53906,54017
37895,24759,24996
37896,52955,53062
37897,33507,33753
37898,7041,7263
37899,54960,55071
37900,41385,41661
37901,13895,14120
37902,28679,28918
37903,46313,46594
37904,48595,48674
37905,12071,12295
37906,45744,46023
37907,52836,52943
37908,10035,10259
37909,42415,42691
37910,704,914
37911,6894,7115
37912,5699,5920
37913,26865,27104
37914,42010,42286
37915,5382,5603
37916,22188,22424
37917,10662,10886
37918,53659,53769
37919,34261,34511
37920,26675,26914
37921,36914,37186
37922,32710,32953
37923,25924,26163
37924,15503,15728
37925,6882,7103
37926,24924,25161
37927,53505,53614
37928,46274,46555
37929,26673,26912
37930,55585,55699
37931,41403,41679
37932,202,410
37933,52030,52135
37934,37161,37433
37935,19236,19467
37936,17564,17793
37937,25875,26114
37938,15797,16022
37939,16500,16725
37940,16161,16386
37941,3917,4135
37942,51300,51401
37943,19995,20228
37944,21460,21696
37945,34968,35230
37946,12262,12486
37947,10269,10493
37948,12496,12720
37949,47530,47815
37950,50448,50548
37951,40598,40873
37952,55802,55916
37953,24889,25126
37954,40247,40522
37955,51832,51937
37956,48667,48746
37957,3456,3672
37958,20799,21034
37959,13560,13784
37960,52481,52588
37961,28879,29118
37962,55674,55788
37963,32483,32726
37964,26111,26350
37965,13750,13975
37966,7051,7273
37967,47795,188
37968,50050,50148
37969,45489,45768
37970,13455,13679
37971,20293,20526
37972,24386,24623
37973,46374,46655
37974,336,544
37975,50097,50196
37976,10522,10746
37977,29077,29316
37978,26446,26685
37979,50738,50838
37980,14926,15151
37981,22823,23060
37982,42279,42555
37983,17491,17720
37984,28910,29149
37985,48578,48657
37986,37880,38153
37987,26950,27189
37988,39033,39306
37989,6627,6848
37990,24348,24585
37991,33749,33996
37992,26281,26520
37993,21403,21639
37994,11986,12210
37995,36760,37032
37996,21876,22112
37997,11650,11874
37998,13429,13653
37999,44497,44774
38000,2726,2940
38001,15843,16068
38002,50769,50869
38003,22562,22798
38004,14440,14665
38005,18713,18943
38006,21230,21465
38007,56233,56347
38008,149,357
38009,55524,55638
38010,40545,40820
38011,24255,24492
38012,3521,3737
38013,23036,23273
38014,31199,31439
38015,12775,12999
38016,28937,29176
38017,3076,3291
38018,51591,51693
38019,38503,38776
38020,11648,11872
38021,32661,32904
38022,28293,28532
38023,28148,28387
38024,36086,36357
38025,37719,37992
38026,35480,35743
38027,35854,36120
38028,47409,47694
38029,43747,44024
38030,51157,51258
38031,34027,34274
38032,31602,31843
38033,18996,19227
38034,31794,32036
38035,7886,8108
38036,24060,24297
38037,22898,23135
38038,8713,8936
38039,10320,10544
38040,36457,36729
38041,39769,40043
38042,41196,41472
38043,4782,5003
38044,29752,29991
38045,19678,19911
38046,38692,38965
38047,1044,1254
38048,27213,27452
38049,28826,29065
38050,3342,3558
38051,29309,29548
38052,37302,37575
38053,46611,46894
38054,50961,51062
38055,2125,2336
38056,37807,38080
38057,459,668
38058,10276,10500
38059,7675,7897
38060,53258,53365
38061,21442,21678
38062,37485,37758
38063,3097,3312
38064,26531,26770
38065,996,1206
38066,42924,43201
38067,48369,48448
38068,39862,40136
38069,1645,1856
38070,50547,50647
38071,19655,19888
38072,36273,36544
38073,42053,42329
38074,17413,17642
38075,36484,36756
38076,2831,3045
38077,13443,13667
38078,37042,37314
38079,28008,28247
38080,8733,8956
38081,42274,42550
38082,15268,15493
38083,17024,17253
38084,55370,55484
38085,54363,54474
38086,15440,15665
38087,56926,57041
38088,32555,32798
38089,53099,53206
38090,9192,9415
38091,14782,15007
38092,10135,10359
38093,14028,14253
38094,51641,51744
38095,55667,55781
38096,4568,4789
38097,39415,39688
38098,22072,22308
38099,7622,7844
38100,19885,20118
38101,2306,2518
38102,33899,34146
38103,29778,30017
38104,37973,38246
38105,33504,33750
38106,41620,41896
38107,30570,30809
38108,26405,26644
38109,24345,24582
38110,25009,25246
38111,33179,33425
38112,51218,51319
38113,38084,38357
38114,17353,17582
38115,6603,6824
38116,31527,31768
38117,26284,26523
38118,15893,16118
38119,41712,41988
38120,52688,52795
38121,49555,49635
38122,43380,43657
38123,37772,38045
38124,29741,29980
38125,48494,48573
38126,4262,4483
38127,7757,7979
38128,18367,18597
38129,55971,56085
38130,41853,42129
38131,17141,17370
38132,47008,47293
38133,1219,1429
38134,54701,54812
38135,45629,45908
38136,23800,24037
38137,3445,3661
38138,29899,30138
38139,15553,15778
38140,42615,42892
38141,53330,53438
38142,45960,46241
38143,49606,49686
38144,13628,13852
38145,51036,51137
38146,29259,29498
38147,16299,16524
38148,22588,22825
38149,52307,52413
38150,37780,38053
38151,16910,17137
38152,20295,20528
38153,36893,37165
38154,14635,14860
38155,31057,31297
38156,34835,35092
38157,43012,43289
38158,49341,49421
38159,45694,45973
38160,34201,34451
38161,11296,11520
38162,6984,7206
38163,14693,14918
38164,36279,36550
38165,46745,47029
38166,42813,43090
38167,23431,23668
38168,24315,24552
38169,4426,4647
38170,29801,30040
38171,48676,48755
38172,40413,40688
38173,7553,7775
38174,238,446
38175,4789,5010
38176,47164,47449
38177,54322,54433
38178,49077,49156
38179,19728,19961
38180,12662,12886
38181,9871,10095
38182,295,503
38183,17227,17456
38184,53910,54021
38185,3821,4039
38186,4747,4968
38187,23347,23584
38188,22276,22512
38189,47472,47757
38190,44048,44325
38191,29138,29377
38192,18184,18414
38193,44378,44655
38194,26680,26919
38195,19440,19671
38196,3992,4210
38197,22313,22549
38198,1746,1957
38199,5709,5930
38200,4035,4253
38201,30351,30590
38202,30816,31055
38203,21537,21773
38204,10405,10629
38205,40321,40596
38206,35947,36213
38207,29891,30130
38208,3486,3702
38209,5853,6074
38210,53724,53834
38211,2277,2489
38212,45608,45887
38213,53633,53743
38214,9966,10190
38215,22690,22927
38216,10161,10385
38217,52035,52140
38218,32276,32519
38219,38777,39050
38220,45740,46019
38221,1826,2037
38222,25965,26204
38223,9228,9451
38224,28106,28345
38225,16807,17034
38226,42500,42776
38227,7333,7555
38228,43681,43958
38229,35014,35276
38230,24071,24308
38231,9696,9920
38232,2447,2660
38233,1439,1650
38234,21637,21873
38235,41641,41917
38236,43236,43513
38237,18452,18682
38238,10472,10696
38239,12760,12984
38240,6790,7011
38241,27781,28020
38242,16595,16820
38243,48786,48865
38244,25400,25638
38245,8308,8530
38246,51107,51208
38247,35644,35908
38248,52220,52325
38249,3813,4031
38250,26985,27224
38251,45212,45490
38252,41502,41778
38253,39888,40162
38254,49072,49151
38255,17022,17251
38256,22992,23229
38257,7875,8097
38258,12027,12251
38259,29127,29366
38260,38429,38702
38261,37218,37491
38262,1756,1967
38263,51071,51172
38264,5317,5538
38265,1358,1569
38266,22189,22425
38267,19047,19278
38268,21716,21952
38269,36858,37130
38270,21023,21258
38271,9253,9476
38272,3514,3730
38273,5708,5929
38274,2679,2893
38275,4061,4279
38276,8912,9135
38277,15103,15328
38278,49833,49913
38279,44072,44349
38280,34632,34889
38281,44901,45178
38282,4880,5101
38283,23230,23467
38284,17333,17562
38285,20476,20711
38286,55983,56097
38287,18563,18793
38288,15544,15769
38289,17148,17377
38290,49593,49673
38291,54738,54849
38292,29136,29375
38293,2183,2394
38294,36838,37110
38295,21540,21776
38296,5195,5416
38297,51703,51806
38298,19814,20047
38299,39534,39808
38300,14543,14768
38301,22218,22454
38302,33564,33810
38303,43841,44118
38304,12987,13211
38305,44894,45171
38306,4431,4652
38307,53064,53171
38308,52475,52582
38309,56009,56123
38310,19588,19820
38311,21165,21400
38312,55366,55480
38313,2609,2823
38314,6669,6890
38315,30167,30406
38316,16583,16808
38317,54523,54634
38318,26924,27163
38319,5862,6083
38320,22527,22763
38321,44416,44693
38322,367,576
38323,37443,37716
38324,9704,9928
38325,1282,1493
38326,18078,18308
38327,23273,23510
38328,21247,21482
38329,23708,23945
38330,48574,48653
38331,6192,6413
38332,40406,40681
38333,29130,29369
38334,31642,31883
38335,36669,36941
38336,27391,27630
38337,8421,8643
38338,27361,27600
38339,28784,29023
38340,30405,30644
38341,55339,55453
38342,17461,17690
38343,25576,25814
38344,54157,54268
38345,32514,32757
38346,3094,3309
38347,43185,43462
38348,20691,20926
38349,4152,4373
38350,20055,20288
38351,13561,13785
38352,52948,53055
38353,49642,49722
38354,4446,4667
38355,5840,6061
38356,45278,45556
38357,45047,45324
38358,11927,12151
38359,44379,44656
38360,38156,38429
38361,23797,24034
38362,33735,33982
38363,54978,55091
38364,384,593
38365,47903,47981
38366,49003,49082
38367,54336,54447
38368,28068,28307
38369,42598,42875
38370,50581,50681
38371,52794,52901
38372,43838,44115
38373,9492,9715
38374,44606,44883
38375,24552,24789
38376,44123,44400
38377,48520,48599
38378,25939,26178
38379,47516,47801
38380,22285,22521
38381,51474,51575
38382,20003,20236
38383,21471,21707
38384,8213,8435
38385,44348,44625
38386,34886,35144
38387,46181,46462
38388,31372,31613
38389,36174,36445
38390,18854,19085
38391,45106,45383
38392,4556,4777
38393,23655,23892
38394,22459,22695
38395,36733,37005
38396,48039,48117
38397,33805,34052
38398,27436,27675
38399,6262,6483
38400,43929,44206
38401,33146,33392
38402,41054,41330
38403,25607,25845
38404,1298,1509
38405,48584,48663
38406,15586,15811
38407,46037,46318
38408,51020,51121
38409,42624,42901
38410,38061,38334
38411,9564,9788
38412,52615,52722
38413,52079,52184
38414,11669,11893
38415,55850,55964
38416,9592,9816
38417,55857,55971
38418,47216,47501
38419,37144,37416
38420,14496,14721
38421,20470,20705
38422,3612,3828
38423,9909,10133
38424,23980,24217
38425,18412,18642
38426,18593,18823
38427,53859,53970
38428,25500,25738
38429,24904,25141
38430,31654,31895
38431,24497,24734
38432,24633,24870
38433,5296,5517
38434,16950,17177
38435,47589,47874
38436,43166,43443
38437,8669,8891
38438,51379,51480
38439,24922,25159
38440,52269,52375
38441,11646,11870
38442,15321,15546
38443,49394,49474
38444,53882,53993
38445,24895,25132
38446,26009,26248
38447,14073,14298
38448,25198,25436
38449,31299,31540
38450,46733,47017
38451,16768,16995
38452,35682,35947
38453,30112,30351
38454,8814,9037
38455,38715,38988
38456,19776,20009
38457,5591,5812
38458,24423,24660
38459,49508,49588
38460,11369,11593
38461,15365,15590
38462,53017,53124
38463,56544,56659
38464,10051,10275
38465,10002,10226
38466,16198,16423
38467,35200,35462
38468,5566,5787
38469,26155,26394
38470,15615,15840
38471,54044,54155
38472,21036,21271
38473,23609,23846
38474,7756,7978
38475,20199,20432
38476,39764,40038
38477,35057,35319
38478,50407,50507
38479,7907,8129
38480,13765,13990
38481,17896,18125
38482,7156,7378
38483,15846,16071
38484,4195,4416
38485,33121,33365
38486,38134,38407
38487,29680,29919
38488,8771,8994
38489,53473,53582
38490,45927,46206
38491,26080,26319
38492,3105,3320
38493,53273,53380
38494,40715,40990
38495,36225,36496
38496,2065,2276
38497,4706,4927
38498,989,1199
38499,53983,54094
38500,16839,17066
38501,9694,9918
38502,10690,10914
38503,47926,48004
38504,31421,31662
38505,11289,11513
38506,13305,13529
38507,17503,17732
38508,47076,47361
38509,17305,17534
38510,29996,30235
38511,55994,56108
38512,41087,41363
38513,13497,13721
38514,14592,14817
38515,32559,32802
38516,22035,22271
38517,15605,15830
38518,32050,32292
38519,27524,27763
38520,10641,10865
38521,10022,10246
38522,22070,22306
38523,30205,30444
38524,10084,10308
38525,36350,36622
38526,27518,27757
38527,2529,2743
38528,34938,35200
38529,13977,14202
38530,41912,42188
38531,11883,12107
38532,28018,28257
38533,5898,6119
38534,17858,18087
38535,19263,19494
38536,37934,38207
38537,29148,29387
38538,21689,21925
38539,21135,21370
38540,29336,29575
38541,8291,8513
38542,10134,10358
38543,34395,34645
38544,32104,32346
38545,5400,5621
38546,56754,56869
38547,41274,41550
38548,30000,30239
38549,6666,6887
38550,42732,43009
38551,54829,54940
38552,21288,21523
38553,17602,17831
38554,7992,8214
38555,14933,15158
38556,17863,18092
38557,7394,7616
38558,17565,17794
38559,11432,11656
38560,23003,23240
38561,18166,18396
38562,45331,45609
38563,44292,44569
38564,17659,17888
38565,13815,14040
38566,45102,45379
38567,42900,43177
38568,3560,3776
38569,24637,24874
38570,28195,28434
38571,17257,17486
38572,19247,19478
38573,55196,55309
38574,39803,40077
38575,31758,32000
38576,12217,12441
38577,39389,39662
38578,7219,7441
38579,7416,7638
38580,55961,56075
38581,54791,54902
38582,10718,10942
38583,24954,25191
38584,36338,36610
38585,43213,43490
38586,31310,31551
38587,1816,2027
38588,47569,47854
38589,15151,15376
38590,9552,9776
38591,46451,46732
38592,2141,2352
38593,1603,1814
38594,38379,38652
38595,24006,24243
38596,16772,16999
38597,27771,28010
38598,19747,19980
38599,51208,51309
38600,44446,44723
38601,37599,37872
38602,3175,3391
38603,47044,47329
38604,56781,56896
38605,22194,22430
38606,41503,41779
38607,12962,13186
38608,16235,16460
38609,42874,43151
38610,36668,36940
38611,50453,50553
38612,1962,2173
38613,25184,25422
38614,23722,23959
38615,22599,22836
38616,18693,18923
38617,4868,5089
38618,14412,14637
38619,54787,54898
38620,43690,43967
38621,39686,39960
38622,45897,46176
38623,40984,41260
38624,13792,14017
38625,25302,25540
38626,22617,22854
38627,34396,34646
38628,11148,11372
38629,20710,20945
38630,28988,29227
38631,52350,52457
38632,41159,41435
38633,5123,5344
38634,38714,38987
38635,3768,3986
38636,22686,22923
38637,29806,30045
38638,47440,47725
38639,41268,41544
38640,30943,31182
38641,9411,9634
38642,52981,53088
38643,20046,20279
38644,47765,158
38645,53795,53905
38646,37426,37699
38647,18980,19211
38648,11831,12055
38649,4308,4529
38650,44484,44761
38651,6213,6434
38652,30939,31178
38653,26898,27137
38654,25738,25976
38655,411,620
38656,55581,55695
38657,45970,46251
38658,25193,25431
38659,24661,24898
38660,48872,48951
38661,23125,23362
38662,33865,34112
38663,44692,44969
38664,42032,42308
38665,20725,20960
38666,20004,20237
38667,34071,34318
38668,22294,22530
38669,16988,17215
38670,54939,55050
38671,7977,8199
38672,41746,42022
38673,4598,4819
38674,45138,45415
38675,50373,50473
38676,37364,37637
38677,44515,44792
38678,30130,30369
38679,47663,56
38680,33732,33979
38681,33434,33680
38682,30418,30657
38683,1999,2210
38684,6574,6795
38685,19114,19345
38686,39614,39888
38687,8235,8457
38688,6858,7079
38689,50200,50300
38690,48150,48229
38691,95,303
38692,33646,33892
38693,42131,42407
38694,22882,23119
38695,25251,25489
38696,31266,31507
38697,34765,35022
38698,9878,10102
38699,19322,19553
38700,18986,19217
38701,45854,46133
38702,49921,50017
38703,13344,13568
38704,2538,2752
38705,18154,18384
38706,43148,43425
38707,40121,40395
38708,44142,44419
38709,44163,44440
38710,25362,25600
38711,46403,46684
38712,34164,34414
38713,35823,36088
38714,15402,15627
38715,40453,40728
38716,44619,44896
38717,43629,43906
38718,10126,10350
38719,18937,19168
38720,21417,21653
38721,42503,42779
38722,455,664
38723,45250,45528
38724,50890,50991
38725,43151,43428
38726,40695,40969
38727,15157,15382
38728,20890,21125
38729,50192,50292
38730,6600,6821
38731,27208,27447
38732,21370,21606
38733,43648,43925
38734,4899,5120
38735,37890,38163
38736,19543,19774
38737,35140,35402
38738,42250,42526
38739,44165,44442
38740,1054,1264
38741,51191,51292
38742,19998,20231
38743,44466,44743
38744,45305,45583
38745,23406,23643
38746,40809,41084
38747,15188,15413
38748,16173,16398
38749,35144,35406
38750,32271,32514
38751,23903,24140
38752,21580,21816
38753,27505,27744
38754,24226,24463
38755,43845,44122
38756,2567,2781
38757,31644,31885
38758,43711,43988
38759,4352,4573
38760,33664,33910
38761,15916,16141
38762,15311,15536
38763,44107,44384
38764,19298,19529
38765,46366,46647
38766,28075,28314
38767,26312,26551
38768,10804,11028
38769,44152,44429
38770,35642,35906
38771,4620,4841
38772,31342,31583
38773,10806,11030
38774,49775,49855
38775,50385,50485
38776,47885,47963
38777,2159,2370
38778,28383,28622
38779,31322,31563
38780,13788,14013
38781,9556,9780
38782,38897,39170
38783,12517,12741
38784,12790,13014
38785,27126,27365
38786,52528,52635
38787,722,932
38788,39084,39357
38789,10935,11159
38790,51731,51835
38791,38537,38810
38792,9531,9755
38793,2148,2359
38794,21661,21897
38795,21185,21420
38796,7438,7660
38797,53723,53833
38798,26297,26536
38799,18849,19080
38800,10121,10345
38801,4839,5060
38802,25515,25753
38803,3086,3301
38804,36158,36429
38805,44032,44309
38806,40291,40566
38807,38762,39035
38808,54257,54368
38809,7515,7737
38810,45944,46223
38811,43131,43408
38812,37127,37399
38813,42999,43276
38814,19006,19237
38815,8134,8356
38816,3326,3542
38817,26461,26700
38818,49481,49561
38819,14807,15032
38820,29247,29486
38821,49141,49221
38822,2292,2504
38823,42730,43007
38824,21421,21657
38825,8361,8583
38826,41396,41672
38827,11290,11514
38828,54417,54528
38829,26510,26749
38830,56871,56986
38831,42509,42785
38832,26739,26978
38833,8299,8521
38834,27683,27922
38835,52746,52853
38836,535,744
38837,22770,23007
38838,13171,13395
38839,29825,30064
38840,25432,25670
38841,42754,43031
38842,11746,11970
38843,38768,39041
38844,12748,12972
38845,37844,38117
38846,19437,19668
38847,7343,7565
38848,15917,16142
38849,12368,12592
38850,6111,6332
38851,48471,48550
38852,5052,5273
38853,5584,5805
38854,25183,25421
38855,29190,29429
38856,36895,37167
38857,48056,48134
38858,20264,20497
38859,337,546
38860,1246,1457
38861,1961,2172
38862,20884,21119
38863,49348,49428
38864,22659,22896
38865,38753,39026
38866,36744,37016
38867,20307,20540
38868,34870,35127
38869,55277,55390
38870,5074,5295
38871,23728,23965
38872,39906,40180
38873,32894,33137
38874,42799,43076
38875,9498,9721
38876,42463,42739
38877,5038,5259
38878,27041,27280
38879,42007,42283
38880,10497,10721
38881,22582,22818
38882,47079,47364
38883,51324,51425
38884,31088,31328
38885,35798,36063
38886,4157,4378
38887,42290,42566
38888,36491,36763
38889,40049,40323
38890,53480,53589
38891,3732,3950
38892,32093,32335
38893,34621,34878
38894,56668,56783
38895,44269,44546
38896,39422,39695
38897,34774,35031
38898,44503,44780
38899,27528,27767
38900,26899,27138
38901,25746,25984
38902,37169,37442
38903,33253,33499
38904,8637,8859
38905,39052,39325
38906,40046,40320
38907,53383,53492
38908,33983,34230
38909,13471,13695
38910,1316,1527
38911,32310,32553
38912,50715,50815
38913,43029,43306
38914,8617,8839
38915,1192,1402
38916,40479,40754
38917,3183,3399
38918,9992,10216
38919,10451,10675
38920,42666,42943
38921,54126,54237
38922,39893,40167
38923,6500,6721
38924,9705,9929
38925,54267,54378
38926,14984,15209
38927,51892,51997
38928,15948,16173
38929,2122,2333
38930,7381,7603
38931,53454,53563
38932,30262,30501
38933,2667,2881
38934,30258,30497
38935,26452,26691
38936,31313,31554
38937,52903,53010
38938,30207,30446
38939,10859,11083
38940,53011,53118
38941,46747,47031
38942,6419,6640
38943,19332,19563
38944,53798,53908
38945,781,991
38946,50173,50272
38947,20108,20341
38948,2671,2885
38949,32307,32550
38950,45056,45333
38951,41497,41773
38952,42586,42863
38953,17610,17839
38954,17481,17710
38955,11476,11700
38956,50731,50831
38957,28318,28557
38958,13035,13259
38959,6648,6869
38960,38535,38808
38961,21969,22205
38962,3743,3961
38963,39058,39331
38964,52052,52157
38965,26793,27032
38966,10224,10448
38967,29973,30212
38968,42612,42889
38969,18643,18873
38970,42197,42473
38971,37061,37333
38972,24163,24400
38973,47284,47569
38974,30923,31162
38975,46504,46787
38976,46217,46498
38977,12100,12324
38978,10523,10747
38979,32226,32469
38980,39774,40048
38981,20383,20616
38982,46577,46860
38983,21451,21687
38984,32738,32981
38985,47658,51
38986,31634,31875
38987,28730,28969
38988,48877,48956
38989,38413,38686
38990,54034,54145
38991,5992,6213
38992,48998,49077
38993,50590,50690
38994,5609,5830
38995,32289,32532
38996,54094,54205
38997,32061,32303
38998,8002,8224
38999,34060,34307
39000,23229,23466
39001,20651,20886
39002,40116,40390
39003,25163,25401
39004,15984,16209
39005,19996,20229
39006,24004,24241
39007,24620,24857
39008,31831,32073
39009,43955,44232
39010,16940,17167
39011,52303,52409
39012,37752,38025
39013,28092,28331
39014,29307,29546
39015,26232,26471
39016,9414,9637
39017,41987,42263
39018,777,987
39019,4608,4829
39020,7111,7333
39021,1293,1504
39022,2439,2652
39023,22789,23026
39024,56246,56360
39025,17810,18039
39026,56832,56947
39027,49567,49647
39028,49240,49320
39029,28079,28318
39030,2417,2630
39031,17644,17873
39032,40207,40482
39033,23702,23939
39034,7342,7564
39035,12320,12544
39036,10372,10596
39037,23137,23374
39038,26260,26499
39039,17487,17716
39040,24745,24982
39041,8579,8801
39042,52523,52630
39043,32630,32873
39044,6214,6435
39045,4422,4643
39046,17207,17436
39047,17036,17265
39048,31115,31355
39049,18102,18332
39050,19357,19588
39051,39748,40022
39052,12518,12742
39053,47915,47993
39054,50564,50664
39055,49908,50004
39056,50404,50504
39057,5439,5660
39058,43960,44237
39059,23939,24176
39060,4410,4631
39061,44516,44793
39062,2085,2296
39063,4887,5108
39064,39721,39995
39065,16201,16426
39066,3305,3521
39067,18172,18402
39068,28319,28558
39069,54824,54935
39070,42657,42934
39071,30013,30252
39072,16782,17009
39073,21053,21288
39074,7082,7304
39075,40269,40544
39076,12866,13090
39077,36564,36836
39078,47350,47635
39079,36763,37035
39080,9137,9360
39081,56229,56343
39082,18008,18238
39083,21057,21292
39084,46915,47200
39085,5142,5363
39086,48805,48884
39087,21945,22181
39088,20670,20905
39089,7587,7809
39090,1333,1544
39091,18205,18435
39092,14047,14272
39093,30398,30637
39094,20304,20537
39095,6089,6310
39096,14879,15104
39097,49778,49858
39098,5107,5328
39099,108,316
39100,50710,50810
39101,20001,20234
39102,18198,18428
39103,7104,7326
39104,9793,10017
39105,44672,44949
39106,27626,27865
39107,18492,18722
39108,14683,14908
39109,20492,20727
39110,15459,15684
39111,31290,31531
39112,36298,36570
39113,19331,19562
39114,20219,20452
39115,34270,34520
39116,29538,29777
39117,40851,41126
39118,31223,31464
39119,12457,12681
39120,44986,45263
39121,14414,14639
39122,32140,32382
39123,52804,52911
39124,2015,2226
39125,17072,17301
39126,55078,55191
39127,43430,43707
39128,49459,49539
39129,36654,36926
39130,55015,55128
39131,19259,19490
39132,20015,20248
39133,54492,54603
39134,51169,51270
39135,30901,31140
39136,53964,54075
39137,48639,48718
39138,51161,51262
39139,49647,49727
39140,29784,30023
39141,3867,4085
39142,30715,30954
39143,31723,31964
39144,47262,47547
39145,11912,12136
39146,3366,3582
39147,29511,29750
39148,50892,50993
39149,22703,22940
39150,21319,21554
39151,27492,27731
39152,49624,49704
39153,4480,4701
39154,24290,24527
39155,35604,35868
39156,41529,41805
39157,17447,17676
39158,19276,19507
39159,48162,48241
39160,55649,55763
39161,26347,26586
39162,50284,50384
39163,51515,51616
39164,27779,28018
39165,27890,28129
39166,27460,27699
39167,4827,5048
39168,24242,24479
39169,44840,45117
39170,26694,26933
39171,8704,8927
39172,14242,14467
39173,55136,55249
39174,4309,4530
39175,20193,20426
39176,41013,41289
39177,4660,4881
39178,8227,8449
39179,1676,1887
39180,4052,4270
39181,52293,52399
39182,16072,16297
39183,50974,51075
39184,45230,45508
39185,21782,22018
39186,30625,30864
39187,15961,16186
39188,1856,2067
39189,18982,19213
39190,30247,30486
39191,37882,38155
39192,37773,38046
39193,47490,47775
39194,18313,18543
39195,56360,56475
39196,2809,3023
39197,14945,15170
39198,45296,45574
39199,40595,40870
39200,24366,24603
39201,55525,55639
39202,26567,26806
39203,22385,22621
39204,24395,24632
39205,9892,10116
39206,13830,14055
39207,20341,20574
39208,52831,52938
39209,2112,2323
39210,18143,18373
39211,47022,47307
39212,39562,39836
39213,20572,20807
39214,81,289
39215,672,882
39216,49930,50026
39217,24913,25150
39218,39690,39964
39219,19570,19801
39220,34583,34840
39221,19378,19609
39222,37730,38003
39223,3734,3952
39224,53116,53223
39225,19976,20209
39226,36656,36928
39227,41613,41889
39228,9946,10170
39229,38468,38741
39230,22746,22983
39231,37720,37993
39232,42848,43125
39233,18632,18862
39234,52378,52485
39235,56578,56693
39236,42498,42774
39237,48723,48802
39238,40918,41193
39239,56000,56114
39240,37274,37547
39241,22134,22370
39242,23490,23727
39243,12802,13026
39244,48046,48124
39245,3748,3966
39246,5677,5898
39247,14636,14861
39248,43008,43285
39249,36333,36605
39250,18943,19174
39251,4194,4415
39252,44542,44819
39253,50659,50759
39254,7362,7584
39255,25394,25632
39256,3476,3692
39257,33599,33845
39258,41119,41395
39259,14243,14468
39260,46039,46320
39261,29453,29692
39262,3133,3349
39263,49040,49119
39264,51500,51601
39265,20439,20672
39266,14904,15129
39267,43288,43565
39268,13499,13723
39269,49037,49116
39270,32331,32574
39271,35229,35491
39272,26195,26434
39273,46377,46658
39274,14574,14799
39275,25907,26146
39276,15844,16069
39277,5231,5452
39278,29119,29358
39279,55633,55747
39280,52861,52968
39281,17330,17559
39282,43135,43412
39283,3694,3912
39284,15423,15648
39285,913,1123
39286,13680,13904
39287,55180,55293
39288,40955,41231
39289,41315,41591
39290,6806,7027
39291,32653,32896
39292,41756,42032
39293,18178,18408
39294,43541,43818
39295,22626,22863
39296,32090,32332
39297,27399,27638
39298,517,726
39299,20966,21201
39300,45716,45995
39301,47554,47839
39302,49926,50022
39303,30868,31107
39304,11205,11429
39305,9113,9336
39306,17757,17986
39307,56675,56790
39308,55295,55408
39309,28790,29029
39310,6083,6304
39311,24380,24617
39312,36424,36696
39313,5017,5238
39314,18165,18395
39315,5067,5288
39316,54871,54982
39317,7984,8206
39318,3350,3566
39319,11320,11544
39320,19335,19566
39321,44505,44782
39322,48377,48456
39323,22918,23155
39324,44932,45209
39325,33381,33627
39326,11748,11972
39327,7395,7617
39328,39819,40093
39329,1287,1498
39330,40788,41063
39331,36116,36387
39332,51097,51198
39333,15531,15756
39334,54290,54401
39335,13360,13584
39336,55181,55294
39337,15677,15902
39338,46766,47050
39339,9319,9542
39340,2389,2601
39341,39340,39613
39342,39177,39450
39343,17343,17572
39344,53742,53852
39345,22675,22912
39346,29543,29782
39347,34611,34868
39348,34100,34350
39349,27309,27548
39350,36467,36739
39351,25842,26080
39352,8873,9096
39353,27414,27653
39354,39266,39539
39355,26114,26353
39356,54137,54248
39357,44938,45215
39358,10398,10622
39359,12769,12993
39360,38734,39007
39361,40728,41003
39362,16667,16894
39363,52252,52358
39364,32545,32788
39365,48996,49075
39366,37358,37631
39367,35777,36042
39368,14315,14540
39369,47941,48019
39370,6459,6680
39371,43592,43869
39372,30113,30352
39373,39248,39521
39374,41217,41493
39375,11174,11398
39376,11942,12166
39377,28665,28904
39378,26293,26532
39379,34354,34604
39380,38501,38774
39381,17178,17407
39382,37569,37842
39383,10011,10235
39384,15675,15900
39385,14804,15029
39386,38174,38447
39387,49763,49843
39388,53989,54100
39389,33096,33339
39390,19700,19933
39391,15772,15997
39392,285,493
39393,31683,31924
39394,5415,5636
39395,27515,27754
39396,8815,9038
39397,14889,15114
39398,26610,26849
39399,8205,8427
39400,42876,43153
39401,44302,44579
39402,40860,41135
39403,12871,13095
39404,39775,40049
39405,3151,3367
39406,54111,54222
39407,56056,56170
39408,47176,47461
39409,7692,7914
39410,9639,9863
39411,19663,19896
39412,56716,56831
39413,43102,43379
39414,23908,24145
39415,29870,30109
39416,49900,49996
39417,4861,5082
39418,51851,51956
39419,51004,51105
39420,26786,27025
39421,36829,37101
39422,16324,16549
39423,25856,26094
39424,21820,22056
39425,29805,30044
39426,1179,1389
39427,52034,52139
39428,667,877
39429,22749,22986
39430,1560,1771
39431,17157,17386
39432,21200,21435
39433,16431,16656
39434,27661,27900
39435,1636,1847
39436,28588,28827
39437,47985,48063
39438,16691,16918
39439,10443,10667
39440,50470,50570
39441,16688,16915
39442,42078,42354
39443,29363,29602
39444,50112,50211
39445,11139,11363
39446,153,361
39447,25326,25564
39448,23349,23586
39449,17433,17662
39450,34844,35101
39451,55230,55343
39452,7382,7604
39453,1211,1421
39454,28394,28633
39455,41931,42207
39456,27433,27672
39457,12144,12368
39458,22596,22833
39459,50686,50786
39460,11680,11904
39461,33632,33878
39462,55942,56056
39463,4790,5011
39464,10683,10907
39465,22810,23047
39466,48622,48701
39467,21369,21605
39468,31730,31971
39469,41272,41548
39470,38896,39169
39471,26503,26742
39472,38852,39125
39473,29057,29296
39474,5234,5455
39475,48244,48323
39476,7033,7255
39477,28714,28953
39478,38133,38406
39479,6913,7134
39480,10114,10338
39481,54473,54584
39482,54086,54197
39483,13428,13652
39484,26568,26807
39485,3509,3725
39486,10016,10240
39487,16382,16607
39488,3660,3877
39489,17550,17779
39490,36630,36902
39491,13117,13341
39492,51319,51420
39493,31301,31542
39494,19441,19672
39495,36501,36773
39496,35666,35931
39497,53154,53261
39498,30924,31163
39499,25111,25349
39500,12211,12435
39501,48371,48450
39502,17422,17651
39503,47364,47649
39504,14769,14994
39505,29023,29262
39506,53550,53659
39507,35556,35820
39508,46515,46798
39509,15654,15879
39510,56778,56893
39511,34009,34256
39512,9448,9671
39513,5981,6202
39514,50834,50935
39515,45855,46134
39516,51046,51147
39517,23572,23809
39518,16704,16931
39519,2002,2213
39520,48102,48181
39521,36436,36708
39522,21132,21367
39523,543,752
39524,44913,45190
39525,10612,10836
39526,31129,31369
39527,41124,41400
39528,21735,21971
39529,27599,27838
39530,32454,32697
39531,38827,39100
39532,26537,26776
39533,50445,50545
39534,27260,27499
39535,41066,41342
39536,18428,18658
39537,35504,35767
39538,27158,27397
39539,27602,27841
39540,20136,20369
39541,26003,26242
39542,18503,18733
39543,3625,3842
39544,46787,47071
39545,20685,20920
39546,43367,43644
39547,55549,55663
39548,53799,53909
39549,16189,16414
39550,1722,1933
39551,27236,27475
39552,4014,4232
39553,42400,42676
39554,36391,36663
39555,11335,11559
39556,41605,41881
39557,28903,29142
39558,4679,4900
39559,51047,51148
39560,31360,31601
39561,10905,11129
39562,30457,30696
39563,11,12
39564,32202,32445
39565,30582,30821
39566,26828,27067
39567,46152,46433
39568,31474,31715
39569,1129,1339
39570,36,244
39571,16426,16651
39572,2353,2565
39573,4249,4470
39574,20821,21056
39575,22585,22821
39576,31745,31986
39577,22864,23101
39578,7809,8031
39579,7534,7756
39580,3782,4000
39581,45209,45487
39582,41231,41507
39583,20817,21052
39584,1025,1235
39585,20075,20308
39586,25611,25849
39587,55310,55423
39588,48994,49073
39589,23310,23547
39590,52058,52163
39591,37089,37361
39592,41542,41818
39593,20162,20395
39594,24337,24574
39595,50737,50837
39596,20485,20720
39597,47757,150
39598,56139,56253
39599,22999,23236
39600,8194,8416
39601,11206,11430
39602,48122,48201
39603,51685,51788
39604,31120,31360
39605,30289,30528
39606,34816,35073
39607,42788,43065
39608,48554,48633
39609,47902,47980
39610,22796,23033
39611,7620,7842
39612,19379,19610
39613,29296,29535
39614,24185,24422
39615,56329,56444
39616,15704,15929
39617,3545,3761
39618,1786,1997
39619,13783,14008
39620,1053,1263
39621,40377,40652
39622,24994,25231
39623,7900,8122
39624,55098,55211
39625,8053,8275
39626,14122,14347
39627,4645,4866
39628,14298,14523
39629,32170,32412
39630,3850,4068
39631,4692,4913
39632,16552,16777
39633,36521,36793
39634,17861,18090
39635,44861,45138
39636,4672,4893
39637,32960,33203
39638,24798,25035
39639,53240,53347
39640,56547,56662
39641,47946,48024
39642,4938,5159
39643,51866,51971
39644,36595,36867
39645,51736,51840
39646,12733,12957
39647,30414,30653
39648,10958,11182
39649,17497,17726
39650,54786,54897
39651,52585,52692
39652,43735,44012
39653,34776,35033
39654,53448,53557
39655,41155,41431
39656,17626,17855
39657,26942,27181
39658,18607,18837
39659,16445,16670
39660,1905,2116
39661,44327,44604
39662,26060,26299
39663,53428,53537
39664,28466,28705
39665,21008,21243
39666,34002,34249
39667,52413,52520
39668,41633,41909
39669,21037,21272
39670,30479,30718
39671,14409,14634
39672,9293,9516
39673,1079,1289
39674,38738,39011
39675,37298,37571
39676,16860,17087
39677,39824,40098
39678,40864,41139
39679,51221,51322
39680,46650,46933
39681,7950,8172
39682,33345,33591
39683,4501,4722
39684,17862,18091
39685,37839,38112
39686,42096,42372
39687,7556,7778
39688,6751,6972
39689,56748,56863
39690,25238,25476
39691,52500,52607
39692,29275,29514
39693,11879,12103
39694,35357,35620
39695,8272,8494
39696,25435,25673
39697,43727,44004
39698,37289,37562
39699,48917,48996
39700,35252,35514
39701,25817,26055
39702,55835,55949
39703,9800,10024
39704,25412,25650
39705,48707,48786
39706,47455,47740
39707,3301,3517
39708,56481,56596
39709,50242,50342
39710,23668,23905
39711,40050,40324
39712,56433,56548
39713,50120,50219
39714,56935,57050
39715,40744,41019
39716,43476,43753
39717,14344,14569
39718,14241,14466
39719,44621,44898
39720,20787,21022
39721,37612,37885
39722,8555,8777
39723,3679,3896
39724,55804,55918
39725,20859,21094
39726,1862,2073
39727,40025,40299
39728,52087,52192
39729,34859,35116
39730,50082,50180
39731,27898,28137
39732,9266,9489
39733,15134,15359
39734,55904,56018
39735,44127,44404
39736,54380,54491
39737,42167,42443
39738,55405,55519
39739,1213,1423
39740,10766,10990
39741,30848,31087
39742,370,579
39743,45132,45409
39744,52219,52324
39745,31047,31287
39746,51426,51527
39747,13207,13431
39748,54863,54974
39749,5272,5493
39750,13082,13306
39751,32777,33020
39752,45983,46264
39753,4642,4863
39754,12771,12995
39755,41949,42225
39756,7083,7305
39757,39054,39327
39758,43172,43449
39759,22127,22363
39760,42547,42824
39761,41760,42036
39762,42808,43085
39763,4526,4747
39764,19092,19323
39765,554,763
39766,1628,1839
39767,25463,25701
39768,29886,30125
39769,3838,4056
39770,47911,47989
39771,31883,32125
39772,1583,1794
39773,21720,21956
39774,45044,45321
39775,40688,40962
39776,22982,23219
39777,20902,21137
39778,39989,40263
39779,11333,11557
39780,13709,13933
39781,53133,53240
39782,15081,15306
39783,46884,47169
39784,44415,44692
39785,50469,50569
39786,45458,45737
39787,37290,37563
39788,44564,44841
39789,26426,26665
39790,43850,44127
39791,44061,44338
39792,42008,42284
39793,87,295
39794,36360,36632
39795,51052,51153
39796,18603,18833
39797,30234,30473
39798,25054,25291
39799,10880,11104
39800,55293,55406
39801,10674,10898
39802,29811,30050
39803,53656,53766
39804,39369,39642
39805,9755,9979
39806,11461,11685
39807,7368,7590
39808,25250,25488
39809,32399,32642
39810,48655,48734
39811,28246,28485
39812,34999,35261
39813,39283,39556
39814,33598,33844
39815,47674,67
39816,52706,52813
39817,13458,13682
39818,22715,22952
39819,20990,21225
39820,2896,3110
39821,22100,22336
39822,38288,38561
39823,38280,38553
39824,14510,14735
39825,5475,5696
39826,25219,25457
39827,19486,19717
39828,16960,17187
39829,1447,1658
39830,21801,22037
39831,33347,33593
39832,46203,46484
39833,32236,32479
39834,49470,49550
39835,46367,46648
39836,25215,25453
39837,51176,51277
39838,49439,49519
39839,2248,2460
39840,52829,52936
39841,34361,34611
39842,6699,6920
39843,40394,40669
39844,4137,4358
39845,54052,54163
39846,38663,38936
39847,51203,51304
39848,28971,29210
39849,25630,25868
39850,54947,55058
39851,13013,13237
39852,35686,35951
39853,7604,7826
39854,26469,26708
39855,26529,26768
39856,523,732
39857,7983,8205
39858,38746,39019
39859,39022,39295
39860,4572,4793
39861,9644,9868
39862,25281,25519
39863,11263,11487
39864,39970,40244
39865,44224,44501
39866,16009,16234
39867,8493,8715
39868,36991,37263
39869,31838,32080
39870,40080,40354
39871,17993,18223
39872,43016,43293
39873,17571,17800
39874,50995,51096
39875,50950,51051
39876,19004,19235
39877,10175,10399
39878,51800,51905
39879,27991,28230
39880,46723,47007
39881,10938,11162
39882,9832,10056
39883,35231,35493
39884,11529,11753
39885,43984,44261
39886,42655,42932
39887,12043,12267
39888,49794,49874
39889,7129,7351
39890,12667,12891
39891,8253,8475
39892,7136,7358
39893,49407,49487
39894,31112,31352
39895,7164,7386
39896,10569,10793
39897,46848,47132
39898,28760,28999
39899,21610,21846
39900,16055,16280
39901,50282,50382
39902,11566,11790
39903,23401,23638
39904,49810,49890
39905,21834,22070
39906,14731,14956
39907,27529,27768
39908,14601,14826
39909,16515,16740
39910,6516,6737
39911,22066,22302
39912,40729,41004
39913,24224,24461
39914,26136,26375
39915,33536,33782
39916,48101,48180
39917,36458,36730
39918,20532,20767
39919,3427,3643
39920,39024,39297
39921,46235,46516
39922,23961,24198
39923,18073,18303
39924,49879,49975
39925,40492,40767
39926,43415,43692
39927,159,367
39928,52519,52626
39929,9921,10145
39930,27451,27690
39931,2915,3129
39932,37261,37534
39933,45772,46051
39934,54986,55099
39935,56248,56362
39936,21268,21503
39937,18308,18538
39938,22247,22483
39939,54839,54950
39940,7653,7875
39941,31189,31429
39942,56339,56454
39943,4250,4471
39944,38972,39245
39945,32231,32474
39946,32051,32293
39947,46700,46984
39948,980,1190
39949,56897,57012
39950,13262,13486
39951,15796,16021
39952,55570,55684
39953,20510,20745
39954,2193,2405
39955,23959,24196
39956,25771,26009
39957,11410,11634
39958,30322,30561
39959,43704,43981
39960,3077,3292
39961,54610,54721
39962,54884,54995
39963,21577,21813
39964,26323,26562
39965,49273,49353
39966,47575,47860
39967,53632,53742
39968,46544,46827
39969,16629,16856
39970,25845,26083
39971,23697,23934
39972,28040,28279
39973,35332,35594
39974,20674,20909
39975,22156,22392
39976,47553,47838
39977,28409,28648
39978,12472,12696
39979,55963,56077
39980,34932,35194
39981,26645,26884
39982,12034,12258
39983,48641,48720
39984,6341,6562
39985,11921,12145
39986,21067,21302
39987,10536,10760
39988,10032,10256
39989,31136,31376
39990,8736,8959
39991,48497,48576
39992,16031,16256
39993,54258,54369
39994,18147,18377
39995,21907,22143
39996,23096,23333
39997,49371,49451
39998,47345,47630
39999,29482,29721
40000,55744,55858
40001,45370,45648
40002,13528,13752
40003,42148,42424
40004,16029,16254
40005,38331,38604
40006,47819,212
40007,37811,38084
40008,20286,20519
40009,44756,45033
40010,5695,5916
40011,30014,30253
40012,49329,49409
40013,20461,20696
40014,11967,12191
40015,6237,6458
40016,36126,36397
40017,48118,48197
40018,44385,44662
40019,52595,52702
40020,41349,41625
40021,24418,24655
40022,39197,39470
40023,10057,10281
40024,33455,33701
40025,5352,5573
40026,9614,9838
40027,4835,5056
40028,31906,32148
40029,31510,31751
40030,1220,1430
40031,3745,3963
40032,10559,10783
40033,49426,49506
40034,54430,54541
40035,25726,25964
40036,29692,29931
40037,24232,24469
40038,5728,5949
40039,46743,47027
40040,2381,2593
40041,29276,29515
40042,39553,39827
40043,48088,48166
40044,53868,53979
40045,53196,53303
40046,41238,41514
40047,23167,23404
40048,27541,27780
40049,35072,35334
40050,38835,39108
40051,33516,33762
40052,32297,32540
40053,41129,41405
40054,6195,6416
40055,7724,7946
40056,53201,53308
40057,27020,27259
40058,38475,38748
40059,3371,3587
40060,15981,16206
40061,50589,50689
40062,4234,4455
40063,43413,43690
40064,7866,8088
40065,35702,35967
40066,22775,23012
40067,1496,1707
40068,11321,11545
40069,40645,40920
40070,23695,23932
40071,25204,25442
40072,33551,33797
40073,4091,4312
40074,56175,56289
40075,20020,20253
40076,19545,19776
40077,25450,25688
40078,48816,48895
40079,1612,1823
40080,29021,29260
40081,30743,30982
40082,37783,38056
40083,33633,33879
40084,27651,27890
40085,30898,31137
40086,41507,41783
40087,43977,44254
40088,39491,39765
40089,43708,43985
40090,17113,17342
40091,28336,28575
40092,32670,32913
40093,16126,16351
40094,41097,41373
40095,15901,16126
40096,32803,33046
40097,5961,6182
40098,3793,4011
40099,56045,56159
40100,45301,45579
40101,23764,24001
40102,16353,16578
40103,22445,22681
40104,2968,3183
40105,1855,2066
40106,16373,16598
40107,27110,27349
40108,47306,47591
40109,53157,53264
40110,45887,46166
40111,19515,19746
40112,45500,45779
40113,56359,56474
40114,17453,17682
40115,6698,6919
40116,15401,15626
40117,45753,46032
40118,50126,50225
40119,9622,9846
40120,34868,35125
40121,26471,26710
40122,9884,10108
40123,17996,18226
40124,8036,8258
40125,2436,2649
40126,32668,32911
40127,23894,24131
40128,54134,54245
40129,32228,32471
40130,30285,30524
40131,46923,47208
40132,44258,44535
40133,47672,65
40134,4017,4235
40135,21404,21640
40136,8664,8886
40137,23203,23440
40138,54645,54756
40139,30813,31052
40140,33874,34121
40141,9662,9886
40142,28767,29006
40143,27324,27563
40144,56357,56472
40145,25898,26137
40146,32472,32715
40147,47487,47772
40148,45217,45495
40149,28344,28583
40150,26268,26507
40151,12248,12472
40152,43952,44229
40153,9038,9261
40154,17921,18150
40155,34919,35181
40156,23520,23757
40157,37070,37342
40158,47917,47995
40159,16261,16486
40160,52494,52601
40161,33986,34233
40162,22191,22427
40163,8443,8665
40164,35907,36173
40165,10516,10740
40166,30332,30571
40167,24342,24579
40168,16293,16518
40169,12252,12476
40170,41277,41553
40171,20389,20622
40172,38569,38842
40173,54553,54664
40174,29575,29814
40175,12295,12519
40176,42912,43189
40177,52847,52954
40178,16435,16660
40179,11598,11822
40180,5597,5818
40181,40535,40810
40182,20311,20544
40183,16758,16985
40184,26642,26881
40185,54622,54733
40186,18944,19175
40187,55918,56032
40188,7838,8060
40189,29484,29723
40190,35188,35450
40191,29124,29363
40192,5817,6038
40193,56704,56819
40194,33910,34157
40195,25755,25993
40196,26908,27147
40197,35634,35898
40198,3851,4069
40199,12493,12717
40200,39290,39563
40201,3572,3788
40202,49729,49809
40203,8268,8490
40204,11603,11827
40205,19435,19666
40206,47458,47743
40207,48865,48944
40208,49024,49103
40209,19132,19363
40210,46449,46730
40211,3333,3549
40212,10471,10695
40213,2874,3088
40214,55489,55603
40215,16635,16862
40216,11673,11897
40217,47110,47395
40218,3909,4127
40219,51115,51216
40220,43003,43280
40221,32835,33078
40222,8098,8320
40223,26941,27180
40224,46883,47168
40225,35398,35661
40226,13439,13663
40227,55472,55586
40228,55431,55545
40229,5636,5857
40230,20306,20539
40231,46089,46370
40232,31790,32032
40233,38612,38885
40234,22976,23213
40235,49857,49953
40236,46528,46811
40237,36471,36743
40238,34561,34818
40239,8294,8516
40240,35538,35801
40241,2810,3024
40242,45259,45537
40243,27457,27696
40244,55457,55571
40245,15230,15455
40246,36700,36972
40247,25633,25871
40248,42518,42794
40249,40460,40735
40250,54842,54953
40251,38399,38672
40252,1488,1699
40253,48885,48964
40254,36431,36703
40255,49086,49165
40256,28076,28315
40257,56593,56708
40258,28216,28455
40259,17942,18171
40260,55313,55426
40261,41976,42252
40262,36974,37246
40263,48845,48924
40264,15493,15718
40265,1765,1976
40266,26018,26257
40267,22005,22241
40268,37622,37895
40269,37806,38079
40270,5387,5608
40271,33168,33414
40272,43939,44216
40273,314,522
40274,43209,43486
40275,15594,15819
40276,13579,13803
40277,17919,18148
40278,44547,44824
40279,34263,34513
40280,6035,6256
40281,31353,31594
40282,7139,7361
40283,17436,17665
40284,18095,18325
40285,4442,4663
40286,27232,27471
40287,46432,46713
40288,3294,3510
40289,35754,36019
40290,42418,42694
40291,7691,7913
40292,42352,42628
40293,3526,3742
40294,49852,49947
40295,8147,8369
40296,25459,25697
40297,11825,12049
40298,28462,28701
40299,20634,20869
40300,21426,21662
40301,33244,33490
40302,1426,1637
40303,34732,34989
40304,30224,30463
40305,37333,37606
40306,26522,26761
40307,4435,4656
40308,56737,56852
40309,42375,42651
40310,22871,23108
40311,10615,10839
40312,34184,34434
40313,47578,47863
40314,18134,18364
40315,4175,4396
40316,31001,31241
40317,2116,2327
40318,9504,9728
40319,1397,1608
40320,1650,1861
40321,16184,16409
40322,24169,24406
40323,52814,52921
40324,55316,55429
40325,52651,52758
40326,34136,34386
40327,19385,19616
40328,20696,20931
40329,22524,22760
40330,18097,18327
40331,18875,19106
40332,53631,53741
40333,27393,27632
40334,50895,50996
40335,119,327
40336,9262,9485
40337,8309,8531
40338,50396,50496
40339,33127,33373
40340,38846,39119
40341,8988,9211
40342,42118,42394
40343,39730,40004
40344,54320,54431
40345,55923,56037
40346,54557,54668
40347,29654,29893
40348,33568,33814
40349,37428,37701
40350,8157,8379
40351,45895,46174
40352,56738,56853
40353,21599,21835
40354,50084,50182
40355,13823,14048
40356,54227,54338
40357,46153,46434
40358,56667,56782
40359,16051,16276
40360,40875,41150
40361,30251,30490
40362,23922,24159
40363,22516,22752
40364,35404,35667
40365,23545,23782
40366,38386,38659
40367,30472,30711
40368,46695,46979
40369,14705,14930
40370,27184,27423
40371,15371,15596
40372,27902,28141
40373,11551,11775
40374,36363,36635
40375,30336,30575
40376,38889,39162
40377,537,746
40378,5487,5708
40379,19088,19319
40380,4010,4228
40381,5241,5462
40382,17523,17752
40383,33201,33447
40384,53596,53706
40385,17936,18165
40386,50233,50333
40387,25672,25910
40388,910,1120
40389,15839,16064
40390,35359,35622
40391,20963,21198
40392,27580,27819
40393,26743,26982
40394,6927,7149
40395,9886,10110
40396,13974,14199
40397,33189,33435
40398,33394,33640
40399,38388,38661
40400,54598,54709
40401,2336,2548
40402,118,326
40403,22569,22805
40404,22735,22972
40405,45790,46069
40406,6594,6815
40407,13383,13607
40408,4685,4906
40409,34001,34248
40410,4276,4497
40411,36546,36818
40412,38907,39180
40413,1351,1562
40414,9976,10200
40415,47841,47919
40416,26075,26314
40417,23075,23312
40418,13714,13938
40419,53437,53546
40420,50940,51041
40421,5948,6169
40422,7073,7295
40423,22493,22729
40424,8473,8695
40425,392,601
40426,21273,21508
40427,35954,36220
40428,10491,10715
40429,39843,40117
40430,30299,30538
40431,19790,20023
40432,52084,52189
40433,52629,52736
40434,19383,19614
40435,21079,21314
40436,44146,44423
40437,36555,36827
40438,46717,47001
40439,53156,53263
40440,10056,10280
40441,25479,25717
40442,12781,13005
40443,35026,35288
40444,1671,1882
40445,39150,39423
40446,4529,4750
40447,55258,55371
40448,24576,24813
40449,22097,22333
40450,23236,23473
40451,30768,31007
40452,12111,12335
40453,12621,12845
40454,15153,15378
40455,17288,17517
40456,29090,29329
40457,2952,3167
40458,55176,55289
40459,36314,36586
40460,49963,50059
40461,27297,27536
40462,22502,22738
40463,1165,1375
40464,34974,35236
40465,27791,28030
40466,10241,10465
40467,44499,44776
40468,51737,51841
40469,17168,17397
40470,24910,25147
40471,11202,11426
40472,35554,35818
40473,6611,6832
40474,54469,54580
40475,41367,41643
40476,29194,29433
40477,50996,51097
40478,29927,30166
40479,14357,14582
40480,48788,48867
40481,47374,47659
40482,20973,21208
40483,51242,51343
40484,42647,42924
40485,38209,38482
40486,42977,43254
40487,1473,1684
40488,34575,34832
40489,29255,29494
40490,8680,8902
40491,31581,31822
40492,1347,1558
40493,24157,24394
40494,39192,39465
40495,55207,55320
40496,15913,16138
40497,11435,11659
40498,40431,40706
40499,20127,20360
40500,55049,55162
40501,15133,15358
40502,44723,45000
40503,51402,51503
40504,40905,41180
40505,30948,31187
40506,37013,37285
40507,42031,42307
40508,43311,43588
40509,41520,41796
40510,49863,49959
40511,12162,12386
40512,45804,46083
40513,32704,32947
40514,38815,39088
40515,41029,41305
40516,38592,38865
40517,14223,14448
40518,30656,30895
40519,8082,8304
40520,29524,29763
40521,18338,18568
40522,51706,51809
40523,45269,45547
40524,23863,24100
40525,55894,56008
40526,53049,53156
40527,33571,33817
40528,50810,50911
40529,42699,42976
40530,42996,43273
40531,16204,16429
40532,51427,51528
40533,49544,49624
40534,5599,5820
40535,5932,6153
40536,50210,50310
40537,2743,2957
40538,8869,9092
40539,2511,2725
40540,851,1061
40541,35076,35338
40542,3432,3648
40543,31327,31568
40544,5845,6066
40545,38155,38428
40546,28520,28759
40547,12321,12545
40548,23955,24192
40549,48612,48691
40550,20645,20880
40551,33510,33756
40552,35134,35396
40553,42466,42742
40554,15069,15294
40555,42672,42949
40556,24079,24316
40557,11750,11974
40558,6851,7072
40559,44242,44519
40560,9601,9825
40561,16444,16669
40562,3356,3572
40563,36774,37046
40564,12194,12418
40565,27148,27387
40566,45814,46093
40567,13038,13262
40568,55033,55146
40569,43980,44257
40570,52668,52775
40571,20064,20297
40572,13203,13427
40573,39851,40125
40574,54055,54166
40575,7994,8216
40576,39111,39384
40577,29218,29457
40578,25050,25287
40579,8318,8540
40580,13241,13465
40581,27677,27916
40582,25887,26126
40583,52236,52342
40584,139,347
40585,28342,28581
40586,31686,31927
40587,14505,14730
40588,22694,22931
40589,52426,52533
40590,49809,49889
40591,3916,4134
40592,11115,11339
40593,31187,31427
40594,31188,31428
40595,21731,21967
40596,33429,33675
40597,4858,5079
40598,8400,8622
40599,11860,12084
40600,11916,12140
40601,10387,10611
40602,39291,39564
40603,32499,32742
40604,6778,6999
40605,38412,38685
40606,2049,2260
40607,50761,50861
40608,25690,25928
40609,3247,3463
40610,14725,14950
40611,18753,18983
40612,55639,55753
40613,36645,36917
40614,55081,55194
40615,1034,1244
40616,15063,15288
40617,56082,56196
40618,56918,57033
40619,41504,41780
40620,4291,4512
40621,43798,44075
40622,44160,44437
40623,39477,39750
40624,35177,35439
40625,54931,55042
40626,15941,16166
40627,2090,2301
40628,34224,34474
40629,951,1161
40630,26280,26519
40631,32318,32561
40632,9132,9355
40633,41248,41524
40634,48705,48784
40635,22548,22784
40636,53704,53814
40637,2047,2258
40638,38997,39270
40639,50083,50181
40640,28208,28447
40641,17690,17919
40642,36722,36994
40643,1377,1588
40644,18741,18971
40645,11737,11961
40646,18016,18246
40647,24801,25038
40648,28341,28580
40649,19169,19400
40650,53047,53154
40651,54968,55079
40652,29571,29810
40653,30163,30402
40654,18807,19038
40655,55337,55451
40656,15394,15619
40657,32453,32696
40658,15420,15645
40659,55895,56009
40660,7902,8124
40661,4484,4705
40662,46240,46521
40663,56970,57085
40664,9050,9273
40665,45090,45367
40666,49727,49807
40667,52811,52918
40668,10803,11027
40669,31694,31935
40670,30416,30655
40671,2704,2918
40672,775,985
40673,13738,13963
40674,23033,23270
40675,45787,46066
40676,45638,45917
40677,24278,24515
40678,51209,51310
40679,48079,48157
40680,47130,47415
40681,53449,53558
40682,9610,9834
40683,55481,55595
40684,23145,23382
40685,33485,33731
40686,19180,19411
40687,25499,25737
40688,44886,45163
40689,2853,3067
40690,40517,40792
40691,12008,12232
40692,19128,19359
40693,44835,45112
40694,43040,43317
40695,37189,37462
40696,24813,25050
40697,36531,36803
40698,7632,7854
40699,2315,2527
40700,15931,16156
40701,9328,9551
40702,24539,24776
40703,49151,49231
40704,4713,4934
40705,1460,1671
40706,4640,4861
40707,26182,26421
40708,5779,6000
40709,24654,24891
40710,25735,25973
40711,42077,42353
40712,47011,47296
40713,3444,3660
40714,14283,14508
40715,3713,3931
40716,54601,54712
40717,23921,24158
40718,12714,12938
40719,52508,52615
40720,52722,52829
40721,8195,8417
40722,2110,2321
40723,20946,21181
40724,55608,55722
40725,15676,15901
40726,16574,16799
40727,52960,53067
40728,10990,11214
40729,29753,29992
40730,45011,45288
40731,48348,48427
40732,44267,44544
40733,55540,55654
40734,16220,16445
40735,44535,44812
40736,54866,54977
40737,32820,33063
40738,39645,39919
40739,33173,33419
40740,38646,38919
40741,14529,14754
40742,43251,43528
40743,37649,37922
40744,19656,19889
40745,32437,32680
40746,34790,35047
40747,9394,9617
40748,7065,7287
40749,34170,34420
40750,42398,42674
40751,924,1134
40752,18857,19088
40753,20754,20989
40754,5622,5843
40755,33140,33386
40756,54000,54111
40757,29600,29839
40758,23259,23496
40759,6566,6787
40760,22415,22651
40761,44699,44976
40762,45376,45654
40763,24382,24619
40764,18663,18893
40765,24573,24810
40766,12830,13054
40767,50362,50462
40768,11006,11230
40769,22288,22524
40770,31083,31323
40771,13043,13267
40772,28292,28531
40773,10955,11179
40774,31541,31782
40775,50704,50804
40776,36496,36768
40777,6764,6985
40778,35306,35568
40779,45154,45431
40780,47313,47598
40781,22883,23120
40782,22472,22708
40783,43035,43312
40784,34351,34601
40785,8503,8725
40786,50354,50454
40787,54443,54554
40788,15075,15300
40789,50792,50893
40790,7703,7925
40791,6163,6384
40792,3932,4150
40793,23448,23685
40794,6507,6728
40795,35344,35607
40796,45053,45330
40797,34908,35169
40798,13160,13384
40799,9703,9927
40800,4337,4558
40801,32519,32762
40802,7570,7792
40803,25466,25704
40804,12485,12709
40805,27193,27432
40806,12073,12297
40807,54103,54214
40808,55193,55306
40809,9285,9508
40810,17274,17503
40811,43368,43645
40812,8575,8797
40813,36541,36813
40814,15548,15773
40815,8529,8751
40816,50487,50587
40817,11924,12148
40818,35356,35619
40819,43949,44226
40820,48464,48543
40821,25028,25265
40822,56216,56330
40823,16880,17107
40824,41519,41795
40825,38272,38545
40826,15034,15259
40827,34752,35009
40828,49293,49373
40829,43924,44201
40830,20619,20854
40831,39390,39663
40832,892,1102
40833,847,1057
40834,37313,37586
40835,19550,19781
40836,8621,8843
40837,53898,54009
40838,30470,30709
40839,32629,32872
40840,31444,31685
40841,28492,28731
40842,23550,23787
40843,17907,18136
40844,55350,55464
40845,15450,15675
40846,46540,46823
40847,23415,23652
40848,35775,36040
40849,15436,15661
40850,20536,20771
40851,47949,48027
40852,25905,26144
40853,19212,19443
40854,28010,28249
40855,39725,39999
40856,43717,43994
40857,11833,12057
40858,44881,45158
40859,50749,50849
40860,27618,27857
40861,33003,33246
40862,30681,30920
40863,26327,26566
40864,32294,32537
40865,45971,46252
40866,51884,51989
40867,47254,47539
40868,278,486
40869,9839,10063
40870,41933,42209
40871,47198,47483
40872,47300,47585
40873,11857,12081
40874,33499,33745
40875,16242,16467
40876,56243,56357
40877,13027,13251
40878,46992,47277
40879,28217,28456
40880,7435,7657
40881,53094,53201
40882,32935,33178
40883,6681,6902
40884,42710,42987
40885,26242,26481
40886,33408,33654
40887,52974,53081
40888,36043,36314
40889,47790,183
40890,34628,34885
40891,24333,24570
40892,19601,19833
40893,6602,6823
40894,22821,23058
40895,27743,27982
40896,43857,44134
40897,18526,18756
40898,10816,11040
40899,21753,21989
40900,41780,42056
40901,9197,9420
40902,13394,13618
40903,12878,13102
40904,45118,45395
40905,42287,42563
40906,42778,43055
40907,56308,56423
40908,23704,23941
40909,24491,24728
40910,37315,37588
40911,6146,6367
40912,30361,30600
40913,38887,39160
40914,53016,53123
40915,31292,31533
40916,14289,14514
40917,25349,25587
40918,10419,10643
40919,55183,55296
40920,21843,22079
40921,1049,1259
40922,10966,11190
40923,39779,40053
40924,35717,35982
40925,19152,19383
40926,36368,36640
40927,12149,12373
40928,13711,13935
40929,25810,26048
40930,49617,49697
40931,5495,5716
40932,25273,25511
40933,7127,7349
40934,23858,24095
40935,50666,50766
40936,21306,21541
40937,5416,5637
40938,19651,19884
40939,26604,26843
40940,14185,14410
40941,34162,34412
40942,19648,19881
40943,35884,36150
40944,6901,7122
40945,13951,14176
40946,6364,6585
40947,47636,29
40948,21531,21767
40949,12841,13065
40950,25947,26186
40951,26582,26821
40952,29406,29645
40953,55426,55540
40954,9684,9908
40955,2275,2487
40956,27644,27883
40957,1435,1646
40958,22778,23015
40959,37897,38170
40960,49461,49541
40961,26851,27090
40962,26377,26616
40963,46932,47217
40964,5125,5346
40965,7289,7511
40966,45637,45916
40967,41025,41301
40968,41063,41339
40969,31093,31333
40970,53009,53116
40971,27013,27252
40972,14267,14492
40973,4846,5067
40974,26122,26361
40975,56798,56913
40976,6505,6726
40977,56379,56494
40978,26882,27121
40979,35113,35375
40980,28680,28919
40981,16809,17036
40982,28112,28351
40983,54024,54135
40984,21015,21250
40985,4368,4589
40986,22979,23216
40987,28956,29195
40988,13771,13996
40989,12603,12827
40990,8316,8538
40991,20513,20748
40992,35537,35800
40993,27222,27461
40994,6634,6855
40995,55673,55787
40996,27177,27416
40997,23822,24059
40998,11445,11669
40999,52016,52121
41000,42817,43094
41001,16732,16959
41002,46373,46654
41003,35896,36162
41004,24618,24855
41005,13689,13913
41006,53571,53681
41007,36416,36688
41008,1788,1999
41009,8122,8344
41010,49662,49742
41011,27811,28050
41012,18333,18563
41013,55814,55928
41014,40189,40463
41015,44046,44323
41016,42628,42905
41017,8166,8388
41018,12899,13123
41019,22494,22730
41020,16343,16568
41021,3365,3581
41022,11965,12189
41023,28794,29033
41024,29641,29880
41025,51560,51661
41026,35719,35984
41027,40550,40825
41028,34475,34725
41029,20665,20900
41030,39518,39792
41031,50186,50286
41032,15996,16221
41033,44090,44367
41034,28364,28603
41035,19938,20171
41036,45156,45433
41037,32421,32664
41038,30412,30651
41039,30074,30313
41040,47223,47508
41041,35363,35626
41042,30523,30762
41043,25532,25770
41044,35524,35787
41045,46752,47036
41046,41812,42088
41047,49357,49437
41048,52436,52543
41049,20936,21171
41050,30177,30416
41051,9636,9860
41052,53476,53585
41053,34629,34886
41054,35898,36164
41055,39304,39577
41056,9723,9947
41057,14087,14312
41058,38985,39258
41059,31886,32128
41060,27480,27719
41061,33502,33748
41062,41525,41801
41063,50510,50610
41064,55387,55501
41065,56665,56780
41066,33341,33587
41067,55186,55299
41068,49126,49205
41069,36282,36553
41070,51664,51767
41071,26695,26934
41072,24264,24501
41073,23843,24080
41074,33212,33458
41075,47865,47943
41076,25968,26207
41077,39275,39548
41078,6668,6889
41079,13518,13742
41080,25540,25778
41081,21499,21735
41082,49546,49626
41083,44779,45056
41084,25249,25487
41085,14137,14362
41086,50072,50170
41087,28642,28881
41088,7807,8029
41089,23089,23326
41090,48042,48120
41091,22197,22433
41092,362,571
41093,50555,50655
41094,35352,35615
41095,1359,1570
41096,39482,39755
41097,49846,49941
41098,35223,35485
41099,34647,34904
41100,54956,55067
41101,27924,28163
41102,20084,20317
41103,31403,31644
41104,46108,46389
41105,47105,47390
41106,11869,12093
41107,12422,12646
41108,27054,27293
41109,32486,32729
41110,5568,5789
41111,6110,6331
41112,22099,22335
41113,2653,2867
41114,27442,27681
41115,46225,46506
41116,10760,10984
41117,45258,45536
41118,51824,51929
41119,31846,32088
41120,20863,21098
41121,36022,36293
41122,2537,2751
41123,35451,35714
41124,33790,34037
41125,48739,48818
41126,20596,20831
41127,4764,4985
41128,45200,45478
41129,51602,51705
41130,53885,53996
41131,17084,17313
41132,20931,21166
41133,26718,26957
41134,28869,29108
41135,43351,43628
41136,84,292
41137,55134,55247
41138,48771,48850
41139,6375,6596
41140,1627,1838
41141,53029,53136
41142,5312,5533
41143,44136,44413
41144,55043,55156
41145,14292,14517
41146,1001,1211
41147,53346,53454
41148,15389,15614
41149,2804,3018
41150,17770,17999
41151,56568,56683
41152,9619,9843
41153,45153,45430
41154,38162,38435
41155,35375,35638
41156,5562,5783
41157,45555,45834
41158,9658,9882
41159,20530,20765
41160,38883,39156
41161,16478,16703
41162,52496,52603
41163,28900,29139
41164,44445,44722
41165,32487,32730
41166,11757,11981
41167,44523,44800
41168,32105,32347
41169,34439,34689
41170,27637,27876
41171,54364,54475
41172,9004,9227
41173,44705,44982
41174,46734,47018
41175,41548,41824
41176,38562,38835
41177,25332,25570
41178,7490,7712
41179,21485,21721
41180,45664,45943
41181,36404,36676
41182,47520,47805
41183,2988,3203
41184,53447,53556
41185,53942,54053
41186,11111,11335
41187,44713,44990
41188,16388,16613
41189,48812,48891
41190,2471,2685
41191,25839,26077
41192,55839,55953
41193,35558,35822
41194,32320,32563
41195,8593,8815
41196,16876,17103
41197,32747,32990
41198,740,950
41199,3724,3942
41200,1172,1382
41201,50288,50388
41202,402,611
41203,49251,49331
41204,53960,54071
41205,13198,13422
41206,33187,33433
41207,41761,42037
41208,26598,26837
41209,24859,25096
41210,8562,8784
41211,3030,3245
41212,56232,56346
41213,47175,47460
41214,37432,37705
41215,42261,42537
41216,29822,30061
41217,49957,50053
41218,46473,46756
41219,26833,27072
41220,37825,38098
41221,55591,55705
41222,8431,8653
41223,13587,13811
41224,40719,40994
41225,43870,44147
41226,20611,20846
41227,12611,12835
41228,835,1045
41229,37590,37863
41230,32752,32995
41231,11332,11556
41232,46216,46497
41233,25398,25636
41234,25321,25559
41235,24513,24750
41236,41829,42105
41237,40589,40864
41238,56928,57043
41239,20265,20498
41240,3720,3938
41241,55532,55646
41242,45685,45964
41243,53889,54000
41244,20497,20732
41245,51433,51534
41246,1783,1994
41247,11347,11571
41248,55399,55513
41249,9181,9404
41250,6169,6390
41251,19491,19722
41252,37403,37676
41253,20248,20481
41254,14789,15014
41255,19981,20214
41256,33769,34016
41257,15105,15330
41258,56391,56506
41259,34878,35136
41260,50217,50317
41261,42429,42705
41262,12654,12878
41263,47897,47975
41264,52342,52449
41265,49006,49085
41266,20730,20965
41267,11067,11291
41268,17102,17331
41269,6626,6847
41270,41744,42020
41271,4356,4577
41272,40311,40586
41273,45805,46084
41274,5922,6143
41275,42182,42458
41276,34373,34623
41277,39727,40001
41278,13522,13746
41279,49449,49529
41280,43193,43470
41281,19593,19825
41282,28630,28869
41283,24906,25143
41284,5498,5719
41285,8615,8837
41286,609,818
41287,50571,50671
41288,28865,29104
41289,21593,21829
41290,40332,40607
41291,28908,29147
41292,40151,40425
41293,35654,35919
41294,6009,6230
41295,17078,17307
41296,23141,23378
41297,31674,31915
41298,17520,17749
41299,31738,31979
41300,33237,33483
41301,29924,30163
41302,25269,25507
41303,27549,27788
41304,18877,19108
41305,41457,41733
41306,53652,53762
41307,25079,25317
41308,9672,9896
41309,38735,39008
41310,20134,20367
41311,47547,47832
41312,40196,40471
41313,52530,52637
41314,41258,41534
41315,37817,38090
41316,51284,51385
41317,47959,48037
41318,34734,34991
41319,23497,23734
41320,11780,12004
41321,48009,48087
41322,6117,6338
41323,5988,6209
41324,54925,55036
41325,17231,17460
41326,8297,8519
41327,20935,21170
41328,1037,1247
41329,49095,49174
41330,494,703
41331,43372,43649
41332,51623,51726
41333,25286,25524
41334,17844,18073
41335,56144,56258
41336,9822,10046
41337,25517,25755
41338,30921,31160
41339,7501,7723
41340,20319,20552
41341,7162,7384
41342,1841,2052
41343,1777,1988
41344,2880,3094
41345,29305,29544
41346,8156,8378
41347,8763,8986
41348,51308,51409
41349,43076,43353
41350,10560,10784
41351,42676,42953
41352,54932,55043
41353,55854,55968
41354,22470,22706
41355,50274,50374
41356,46370,46651
41357,21917,22153
41358,47039,47324
41359,48993,49072
41360,19157,19388
41361,5819,6040
41362,27727,27966
41363,39011,39284
41364,2503,2717
41365,29664,29903
41366,41465,41741
41367,24864,25101
41368,50886,50987
41369,27167,27406
41370,24221,24458
41371,56671,56786
41372,44623,44900
41373,45951,46230
41374,6590,6811
41375,16066,16291
41376,46890,47175
41377,567,776
41378,4824,5045
41379,2835,3049
41380,16657,16884
41381,1576,1787
41382,45400,45678
41383,8862,9085
41384,5963,6184
41385,36304,36576
41386,4069,4287
41387,51119,51220
41388,47372,47657
41389,42104,42380
41390,51840,51945
41391,32949,33192
41392,44208,44485
41393,1822,2033
41394,32988,33231
41395,54414,54525
41396,43115,43392
41397,13452,13676
41398,48326,48405
41399,12019,12243
41400,29364,29603
41401,35849,36115
41402,22687,22924
41403,13199,13423
41404,8860,9083
41405,14953,15178
41406,43679,43956
41407,40725,41000
41408,27601,27840
41409,44605,44882
41410,4621,4842
41411,46513,46796
41412,12490,12714
41413,47930,48008
41414,28747,28986
41415,23669,23906
41416,24393,24630
41417,52002,52107
41418,36103,36374
41419,54074,54185
41420,53769,53879
41421,44111,44388
41422,33007,33250
41423,21504,21740
41424,11655,11879
41425,24252,24489
41426,27790,28029
41427,51106,51207
41428,30782,31021
41429,23886,24123
41430,24905,25142
41431,56920,57035
41432,6007,6228
41433,25229,25467
41434,25232,25470
41435,40158,40432
41436,50001,50098
41437,51362,51463
41438,8497,8719
41439,43176,43453
41440,15602,15827
41441,49162,49242
41442,7870,8092
41443,48603,48682
41444,50134,50233
41445,56824,56939
41446,3267,3483
41447,43540,43817
41448,3506,3722
41449,31759,32001
41450,49999,50096
41451,16852,17079
41452,14912,15137
41453,43643,43920
41454,45993,46274
41455,1260,1471
41456,12511,12735
41457,2557,2771
41458,45980,46261
41459,8762,8985
41460,24220,24457
41461,39068,39341
41462,55409,55523
41463,38223,38496
41464,24050,24287
41465,7179,7401
41466,37968,38241
41467,8373,8595
41468,55512,55626
41469,31029,31269
41470,15170,15395
41471,1458,1669
41472,3238,3454
41473,11264,11488
41474,1843,2054
41475,1550,1761
41476,7437,7659
41477,13037,13261
41478,22224,22460
41479,52625,52732
41480,9489,9712
41481,53399,53508
41482,56690,56805
41483,35532,35795
41484,34949,35211
41485,18433,18663
41486,30856,31095
41487,40292,40567
41488,20742,20977
41489,10052,10276
41490,4882,5103
41491,46463,46746
41492,31995,32237
41493,48114,48193
41494,3498,3714
41495,9686,9910
41496,21678,21914
41497,10164,10388
41498,8454,8676
41499,48777,48856
41500,5864,6085
41501,45672,45951
41502,40259,40534
41503,35261,35523
41504,6251,6472
41505,18335,18565
41506,41602,41878
41507,6425,6646
41508,40500,40775
41509,29506,29745
41510,56260,56374
41511,6141,6362
41512,51896,52001
41513,46816,47100
41514,56408,56523
41515,42828,43105
41516,45833,46112
41517,31051,31291
41518,2045,2256
41519,43020,43297
41520,28614,28853
41521,35062,35324
41522,20148,20381
41523,28380,28619
41524,53153,53260
41525,27404,27643
41526,55940,56054
41527,5770,5991
41528,49628,49708
41529,35153,35415
41530,21752,21988
41531,13098,13322
41532,37954,38227
41533,23566,23803
41534,22000,22236
41535,41893,42169
41536,54064,54175
41537,26558,26797
41538,39806,40080
41539,19930,20163
41540,32677,32920
41541,26378,26617
41542,53651,53761
41543,43396,43673
41544,23357,23594
41545,18559,18789
41546,47827,220
41547,31570,31811
41548,878,1088
41549,48645,48724
41550,54397,54508
41551,48207,48286
41552,29579,29818
41553,37871,38144
41554,29456,29695
41555,25019,25256
41556,50959,51060
41557,4736,4957
41558,5496,5717
41559,31657,31898
41560,3617,3834
41561,3367,3583
41562,28420,28659
41563,12151,12375
41564,49080,49159
41565,41019,41295
41566,1713,1924
41567,22073,22309
41568,14760,14985
41569,34601,34858
41570,56080,56194
41571,38693,38966
41572,2117,2328
41573,44035,44312
41574,54039,54150
41575,51553,51654
41576,35447,35710
41577,5958,6179
41578,47483,47768
41579,21666,21902
41580,53590,53700
41581,44322,44599
41582,542,751
41583,29687,29926
41584,1237,1447
41585,18300,18530
41586,27342,27581
41587,28024,28263
41588,38984,39257
41589,4237,4458
41590,47869,47947
41591,31183,31423
41592,38042,38315
41593,11261,11485
41594,51297,51398
41595,6795,7016
41596,8810,9033
41597,27313,27552
41598,42350,42626
41599,47237,47522
41600,9165,9388
41601,32694,32937
41602,1305,1516
41603,39917,40191
41604,37417,37690
41605,18574,18804
41606,42853,43130
41607,3899,4117
41608,25806,26044
41609,46593,46876
41610,11000,11224
41611,50255,50355
41612,25266,25504
41613,32507,32750
41614,16178,16403
41615,4125,4346
41616,39865,40139
41617,8671,8893
41618,24435,24672
41619,24210,24447
41620,40290,40565
41621,50889,50990
41622,39173,39446
41623,39208,39481
41624,47282,47567
41625,35727,35992
41626,23380,23617
41627,1758,1969
41628,14379,14604
41629,53770,53880
41630,45464,45743
41631,29010,29249
41632,56764,56879
41633,23700,23937
41634,20415,20648
41635,42392,42668
41636,33281,33527
41637,32597,32840
41638,22026,22262
41639,8180,8402
41640,26400,26639
41641,37597,37870
41642,27043,27282
41643,19719,19952
41644,6337,6558
41645,12132,12356
41646,2500,2714
41647,48224,48303
41648,24187,24424
41649,46935,47220
41650,37121,37393
41651,33687,33933
41652,49528,49608
41653,45535,45814
41654,24406,24643
41655,39586,39860
41656,19098,19329
41657,35230,35492
41658,29984,30223
41659,56129,56243
41660,24948,25185
41661,52060,52165
41662,8164,8386
41663,34452,34702
41664,23225,23462
41665,9241,9464
41666,48936,49015
41667,46268,46549
41668,52863,52970
41669,46478,46761
41670,5551,5772
41671,18737,18967
41672,53574,53684
41673,52985,53092
41674,7110,7332
41675,24432,24669
41676,55420,55534
41677,22471,22707
41678,10095,10319
41679,54365,54476
41680,19702,19935
41681,53853,53964
41682,49991,50088
41683,40128,40402
41684,32962,33205
41685,28658,28897
41686,15242,15467
41687,36483,36755
41688,5002,5223
41689,21840,22076
41690,41631,41907
41691,37072,37344
41692,7500,7722
41693,51705,51808
41694,20566,20801
41695,432,641
41696,17545,17774
41697,20604,20839
41698,18853,19084
41699,19439,19670
41700,55331,55444
41701,37841,38114
41702,19636,19868
41703,28924,29163
41704,40834,41109
41705,52017,52122
41706,24480,24717
41707,43938,44215
41708,5876,6097
41709,46709,46993
41710,38838,39111
41711,26056,26295
41712,10304,10528
41713,24304,24541
41714,41954,42230
41715,9682,9906
41716,10064,10288
41717,54464,54575
41718,34300,34550
41719,19767,20000
41720,853,1063
41721,38154,38427
41722,47144,47429
41723,9700,9924
41724,18662,18892
41725,43083,43360
41726,11087,11311
41727,4697,4918
41728,40034,40308
41729,15483,15708
41730,4427,4648
41731,465,674
41732,23954,24191
41733,1285,1496
41734,48394,48473
41735,44390,44667
41736,40894,41169
41737,2186,2397
41738,18254,18484
41739,34363,34613
41740,14884,15109
41741,50884,50985
41742,35102,35364
41743,28238,28477
41744,38729,39002
41745,30063,30302
41746,47482,47767
41747,21787,22023
41748,48275,48354
41749,20424,20657
41750,13942,14167
41751,29888,30127
41752,44073,44350
41753,39817,40091
41754,9743,9967
41755,3653,3870
41756,44273,44550
41757,42534,42810
41758,23452,23689
41759,10077,10301
41760,17978,18208
41761,44842,45119
41762,38491,38764
41763,20165,20398
41764,30019,30258
41765,51918,52023
41766,48273,48352
41767,7436,7658
41768,4336,4557
41769,32654,32897
41770,43889,44166
41771,38687,38960
41772,24836,25073
41773,8140,8362
41774,49043,49122
41775,17973,18203
41776,13071,13295
41777,14225,14450
41778,15778,16003
41779,38053,38326
41780,48075,48153
41781,17676,17905
41782,44226,44503
41783,93,301
41784,31812,32054
41785,53414,53523
41786,31608,31849
41787,11478,11702
41788,53761,53871
41789,19080,19311
41790,49076,49155
41791,17121,17350
41792,38594,38867
41793,5342,5563
41794,7747,7969
41795,44076,44353
41796,9537,9761
41797,38341,38614
41798,50512,50612
41799,47187,47472
41800,31449,31690
41801,36865,37137
41802,54497,54608
41803,19431,19662
41804,14631,14856
41805,45411,45689
41806,1364,1575
41807,37676,37949
41808,50117,50216
41809,30,238
41810,13608,13832
41811,56071,56185
41812,1538,1749
41813,25985,26224
41814,11560,11784
41815,55064,55177
41816,3791,4009
41817,6458,6679
41818,41600,41876
41819,54091,54202
41820,26731,26970
41821,27093,27332
41822,26795,27034
41823,30981,31221
41824,48478,48557
41825,47945,48023
41826,16765,16992
41827,44935,45212
41828,27074,27313
41829,35983,36249
41830,37199,37472
41831,49347,49427
41832,4343,4564
41833,9663,9887
41834,19784,20017
41835,32811,33054
41836,56609,56724
41837,9613,9837
41838,54233,54344
41839,56878,56993
41840,13553,13777
41841,17972,18202
41842,13155,13379
41843,4044,4262
41844,2235,2447
41845,45590,45869
41846,29245,29484
41847,7651,7873
41848,10088,10312
41849,17606,17835
41850,43441,43718
41851,22252,22488
41852,3766,3984
41853,22165,22401
41854,18517,18747
41855,21456,21692
41856,7134,7356
41857,23267,23504
41858,49572,49652
41859,21361,21597
41860,10363,10587
41861,26468,26707
41862,25651,25889
41863,25526,25764
41864,8693,8915
41865,20213,20446
41866,48838,48917
41867,28311,28550
41868,19365,19596
41869,16622,16847
41870,22324,22560
41871,11260,11484
41872,24917,25154
41873,19093,19324
41874,52432,52539
41875,40893,41168
41876,7299,7521
41877,33291,33537
41878,6069,6290
41879,18156,18386
41880,35163,35425
41881,38971,39244
41882,15204,15429
41883,11051,11275
41884,15914,16139
41885,46012,46293
41886,14502,14727
41887,23378,23615
41888,43244,43521
41889,16905,17132
41890,41358,41634
41891,10230,10454
41892,51256,51357
41893,45730,46009
41894,28564,28803
41895,52304,52410
41896,18417,18647
41897,53185,53292
41898,23316,23553
41899,11735,11959
41900,22730,22967
41901,55321,55434
41902,13268,13492
41903,22653,22890
41904,52685,52792
41905,150,358
41906,38456,38729
41907,33070,33313
41908,38518,38791
41909,36334,36606
41910,55240,55353
41911,35342,35605
41912,18954,19185
41913,54360,54471
41914,88,296
41915,21050,21285
41916,11493,11717
41917,41149,41425
41918,49712,49792
41919,8956,9179
41920,30791,31030
41921,24752,24989
41922,41398,41674
41923,18360,18590
41924,11617,11841
41925,3825,4043
41926,27012,27251
41927,27813,28052
41928,4136,4357
41929,41145,41421
41930,39112,39385
41931,40488,40763
41932,10347,10571
41933,32843,33086
41934,26913,27152
41935,8163,8385
41936,36060,36331
41937,44789,45066
41938,28182,28421
41939,27863,28102
41940,40193,40467
41941,53736,53846
41942,43783,44060
41943,44297,44574
41944,48097,48176
41945,56117,56231
41946,2597,2811
41947,28294,28533
41948,36145,36416
41949,36957,37229
41950,26738,26977
41951,1048,1258
41952,22271,22507
41953,52817,52924
41954,25146,25384
41955,1595,1806
41956,32980,33223
41957,47034,47319
41958,5037,5258
41959,37460,37733
41960,47004,47289
41961,31955,32197
41962,49312,49392
41963,26367,26606
41964,54234,54345
41965,50313,50413
41966,36300,36572
41967,11219,11443
41968,44963,45240
41969,27161,27400
41970,14027,14252
41971,8128,8350
41972,2855,3069
41973,37318,37591
41974,34640,34897
41975,41190,41466
41976,34330,34580
41977,52977,53084
41978,39873,40147
41979,48617,48696
41980,3811,4029
41981,13015,13239
41982,17205,17434
41983,49911,50007
41984,52642,52749
41985,45357,45635
41986,11505,11729
41987,40415,40690
41988,55259,55372
41989,9860,10084
41990,49730,49810
41991,32687,32930
41992,28596,28835
41993,40319,40594
41994,54069,54180
41995,32398,32641
41996,53038,53145
41997,27562,27801
41998,24370,24607
41999,8954,9177
42000,54358,54469
42001,4040,4258
42002,46358,46639
42003,26383,26622
42004,51773,51878
42005,56836,56951
42006,37269,37542
42007,41355,41631
42008,45508,45787
42009,4724,4945
42010,51606,51709
42011,8890,9113
42012,41661,41937
42013,29630,29869
42014,54098,54209
42015,54909,55020
42016,10907,11131
42017,34212,34462
42018,36302,36574
42019,18228,18458
42020,36995,37267
42021,47208,47493
42022,23191,23428
42023,27576,27815
42024,23336,23573
42025,4472,4693
42026,44417,44694
42027,18738,18968
42028,5926,6147
42029,27520,27759
42030,1825,2036
42031,16037,16262
42032,6308,6529
42033,45094,45371
42034,37555,37828
42035,54450,54561
42036,47005,47290
42037,35017,35279
42038,30952,31191
42039,37268,37541
42040,5662,5883
42041,34507,34764
42042,17943,18172
42043,32313,32556
42044,33972,34219
42045,25787,26025
42046,39808,40082
42047,21027,21262
42048,56326,56441
42049,50556,50656
42050,52478,52585
42051,13282,13506
42052,53028,53135
42053,21170,21405
42054,37352,37625
42055,49210,49290
42056,52012,52117
42057,46777,47061
42058,16944,17171
42059,16802,17029
42060,7845,8067
42061,24936,25173
42062,9927,10151
42063,36599,36871
42064,2088,2299
42065,34231,34481
42066,23900,24137
42067,16374,16599
42068,55589,55703
42069,37862,38135
42070,5842,6063
42071,30403,30642
42072,35068,35330
42073,37389,37662
42074,42519,42795
42075,24112,24349
42076,32364,32607
42077,53671,53781
42078,14756,14981
42079,27736,27975
42080,10062,10286
42081,49423,49503
42082,29457,29696
42083,51520,51621
42084,19596,19828
42085,33672,33918
42086,38682,38955
42087,28348,28587
42088,31896,32138
42089,41331,41607
42090,10983,11207
42091,3098,3313
42092,7217,7439
42093,41591,41867
42094,50662,50762
42095,19064,19295
42096,28414,28653
42097,10233,10457
42098,239,447
42099,15816,16041
42100,20092,20325
42101,16514,16739
42102,11294,11518
42103,54135,54246
42104,1335,1546
42105,30996,31236
42106,39274,39547
42107,24911,25148
42108,1185,1395
42109,18231,18461
42110,8426,8648
42111,13485,13709
42112,28299,28538
42113,34799,35056
42114,44170,44447
42115,31587,31828
42116,6854,7075
42117,32134,32376
42118,10018,10242
42119,2665,2879
42120,38430,38703
42121,49466,49546
42122,43963,44240
42123,30188,30427
42124,3281,3497
42125,472,681
42126,34277,34527
42127,37644,37917
42128,18241,18471
42129,23665,23902
42130,52297,52403
42131,52600,52707
42132,23240,23477
42133,18863,19094
42134,54471,54582
42135,54963,55074
42136,4165,4386
42137,4830,5051
42138,9214,9437
42139,435,644
42140,24214,24451
42141,16092,16317
42142,14437,14662
42143,43009,43286
42144,45297,45575
42145,42335,42611
42146,23750,23987
42147,52419,52526
42148,40539,40814
42149,33495,33741
42150,33295,33541
42151,25613,25851
42152,12265,12489
42153,6062,6283
42154,35967,36233
42155,22567,22803
42156,54359,54470
42157,13395,13619
42158,18082,18312
42159,56971,57086
42160,34609,34866
42161,38378,38651
42162,4690,4911
42163,1363,1574
42164,40229,40504
42165,48827,48906
42166,43475,43752
42167,36729,37001
42168,1700,1911
42169,15892,16117
42170,46297,46578
42171,55781,55895
42172,416,625
42173,17820,18049
42174,46319,46600
42175,54532,54643
42176,36636,36908
42177,44058,44335
42178,10190,10414
42179,6279,6500
42180,5377,5598
42181,32922,33165
42182,7637,7859
42183,4031,4249
42184,19323,19554
42185,21915,22151
42186,4618,4839
42187,19097,19328
42188,28161,28400
42189,34095,34345
42190,13777,14002
42191,6641,6862
42192,38086,38359
42193,7840,8062
42194,44230,44507
42195,45611,45890
42196,47830,223
42197,39849,40123
42198,24621,24858
42199,42916,43193
42200,35086,35348
42201,37585,37858
42202,52989,53096
42203,9891,10115
42204,3497,3713
42205,7056,7278
42206,8096,8318
42207,4086,4307
42208,20181,20414
42209,20281,20514
42210,45352,45630
42211,52819,52926
42212,15267,15492
42213,20550,20785
42214,35804,36069
42215,12462,12686
42216,13934,14159
42217,4500,4721
42218,18135,18365
42219,43851,44128
42220,19201,19432
42221,48634,48713
42222,38105,38378
42223,26602,26841
42224,9765,9989
42225,40403,40678
42226,49949,50045
42227,32643,32886
42228,56476,56591
42229,7754,7976
42230,50035,50133
42231,32293,32536
42232,32205,32448
42233,4444,4665
42234,24990,25227
42235,15990,16215
42236,26265,26504
42237,26350,26589
42238,4440,4661
42239,3574,3790
42240,24884,25121
42241,52163,52268
42242,48716,48795
42243,16968,17195
42244,30619,30858
42245,40627,40902
42246,19386,19617
42247,1581,1792
42248,14747,14972
42249,5319,5540
42250,37265,37538
42251,54321,54432
42252,46333,46614
42253,3308,3524
42254,28928,29167
42255,19903,20136
42256,48477,48556
42257,22316,22552
42258,52658,52765
42259,27679,27918
42260,45996,46277
42261,10948,11172
42262,15065,15290
42263,30216,30455
42264,35436,35699
42265,41720,41996
42266,45380,45658
42267,12876,13100
42268,408,617
42269,56619,56734
42270,30755,30994
42271,18138,18368
42272,52476,52583
42273,54189,54300
42274,13236,13460
42275,22959,23196
42276,10168,10392
42277,25258,25496
42278,51711,51814
42279,6466,6687
42280,51096,51197
42281,39193,39466
42282,6381,6602
42283,15338,15563
42284,20724,20959
42285,29952,30191
42286,50941,51042
42287,30784,31023
42288,30220,30459
42289,52224,52330
42290,41693,41969
42291,39094,39367
42292,51610,51713
42293,48165,48244
42294,29001,29240
42295,52950,53057
42296,5576,5797
42297,24284,24521
42298,21259,21494
42299,19067,19298
42300,30506,30745
42301,2096,2307
42302,20477,20712
42303,51325,51426
42304,34249,34499
42305,39075,39348
42306,28536,28775
42307,47065,47350
42308,23112,23349
42309,52371,52478
42310,5713,5934
42311,2233,2445
42312,16590,16815
42313,18115,18345
42314,27434,27673
42315,48759,48838
42316,40329,40604
42317,27070,27309
42318,54461,54572
42319,10465,10689
42320,28806,29045
42321,22945,23182
42322,33090,33333
42323,24177,24414
42324,37439,37712
42325,13681,13905
42326,52995,53102
42327,37949,38222
42328,4171,4392
42329,21222,21457
42330,37452,37725
42331,29860,30099
42332,38178,38451
42333,5219,5440
42334,56185,56299
42335,21828,22064
42336,36167,36438
42337,38206,38479
42338,6436,6657
42339,51804,51909
42340,31186,31426
42341,52962,53069
42342,53232,53339
42343,18068,18298
42344,52555,52662
42345,5071,5292
42346,42195,42471
42347,8707,8930
42348,10619,10843
42349,56800,56915
42350,572,781
42351,43053,43330
42352,22526,22762
42353,10495,10719
42354,21077,21312
42355,30776,31015
42356,17086,17315
42357,47159,47444
42358,49505,49585
42359,15303,15528
42360,32086,32328
42361,13994,14219
42362,52931,53038
42363,30320,30559
42364,1617,1828
42365,23476,23713
42366,33837,34084
42367,53305,53412
42368,18217,18447
42369,54726,54837
42370,48192,48271
42371,19275,19506
42372,13881,14106
42373,33752,33999
42374,46164,46445
42375,43408,43685
42376,6433,6654
42377,3377,3593
42378,52784,52891
42379,21944,22180
42380,38579,38852
42381,33583,33829
42382,17068,17297
42383,48884,48963
42384,29725,29964
42385,37534,37807
42386,1532,1743
42387,53189,53296
42388,30151,30390
42389,27817,28056
42390,27980,28219
42391,38295,38568
42392,46457,46738
42393,32416,32659
42394,52137,52242
42395,18354,18584
42396,18339,18569
42397,17860,18089
42398,47052,47337
42399,34810,35067
42400,8490,8712
42401,16837,17064
42402,42490,42766
42403,55550,55664
42404,3731,3949
42405,28252,28491
42406,23648,23885
42407,46773,47057
42408,46719,47003
42409,25710,25948
42410,6328,6549
42411,39144,39417
42412,2003,2214
42413,23724,23961
42414,37655,37928
42415,46161,46442
42416,34735,34992
42417,39749,40023
42418,55859,55973
42419,39964,40238
42420,6553,6774
42421,31718,31959
42422,36384,36656
42423,31774,32016
42424,44691,44968
42425,38017,38290
42426,8940,9163
42427,52492,52599
42428,50444,50544
42429,45466,45745
42430,9264,9487
42431,54116,54227
42432,51044,51145
42433,6074,6295
42434,3063,3278
42435,20854,21089
42436,46359,46640
42437,28473,28712
42438,45799,46078
42439,27048,27287
42440,42771,43048
42441,41052,41328
42442,9179,9402
42443,8651,8873
42444,32723,32966
42445,19714,19947
42446,13929,14154
42447,54734,54845
42448,55368,55482
42449,52272,52378
42450,42697,42974
42451,44900,45177
42452,32818,33061
42453,27021,27260
42454,22503,22739
42455,15813,16038
42456,56321,56436
42457,56380,56495
42458,43645,43922
42459,5408,5629
42460,54062,54173
42461,38064,38337
42462,6461,6682
42463,43638,43915
42464,10403,10627
42465,54143,54254
42466,22176,22412
42467,41386,41662
42468,17729,17958
42469,47656,49
42470,27761,28000
42471,3875,4093
42472,35631,35895
42473,13741,13966
42474,3862,4080
42475,20680,20915
42476,18577,18807
42477,43644,43921
42478,55865,55979
42479,51577,51678
42480,30250,30489
42481,10303,10527
42482,22170,22406
42483,14115,14340
42484,21012,21247
42485,42895,43172
42486,8931,9154
42487,678,888
42488,54898,55009
42489,23217,23454
42490,55704,55818
42491,29759,29998
42492,39767,40041
42493,935,1145
42494,48629,48708
42495,39115,39388
42496,35181,35443
42497,13514,13738
42498,6281,6502
42499,2163,2374
42500,25879,26118
42501,27654,27893
42502,13257,13481
42503,124,332
42504,16143,16368
42505,51341,51442
42506,31287,31528
42507,11022,11246
42508,38236,38509
42509,2887,3101
42510,18168,18398
42511,53206,53313
42512,51559,51660
42513,7425,7647
42514,17725,17954
42515,34924,35186
42516,41383,41659
42517,48057,48135
42518,30697,30936
42519,29502,29741
42520,20250,20483
42521,52142,52247
42522,36869,37141
42523,38108,38381
42524,17100,17329
42525,27102,27341
42526,423,632
42527,12486,12710
42528,47855,47933
42529,44410,44687
42530,25729,25967
42531,26373,26612
42532,3534,3750
42533,16269,16494
42534,39909,40183
42535,46326,46607
42536,18733,18963
42537,19881,20114
42538,14685,14910
42539,56596,56711
42540,45967,46248
42541,32907,33150
42542,18342,18572
42543,24963,25200
42544,33781,34028
42545,24205,24442
42546,1357,1568
42547,6041,6262
42548,6439,6660
42549,16871,17098
42550,23748,23985
42551,45312,45590
42552,13387,13611
42553,23279,23516
42554,34374,34624
42555,39563,39837
42556,52024,52129
42557,56282,56396
42558,27491,27730
42559,32730,32973
42560,1072,1282
42561,16212,16437
42562,16239,16464
42563,23689,23926
42564,51835,51940
42565,44730,45007
42566,1720,1931
42567,50864,50965
42568,25472,25710
42569,49931,50027
42570,56747,56862
42571,26842,27081
42572,8455,8677
42573,17140,17369
42574,38632,38905
42575,40650,40925
42576,7412,7634
42577,27499,27738
42578,50957,51058
42579,17648,17877
42580,33612,33858
42581,45553,45832
42582,3928,4146
42583,8465,8687
42584,51125,51226
42585,661,871
42586,8639,8861
42587,47085,47370
42588,3209,3425
42589,29444,29683
42590,27417,27656
42591,23558,23795
42592,18152,18382
42593,35811,36076
42594,39008,39281
42595,3428,3644
42596,9986,10210
42597,45480,45759
42598,19326,19557
42599,9979,10203
42600,44670,44947
42601,44919,45196
42602,18639,18869
42603,23164,23401
42604,56004,56118
42605,51772,51877
42606,36665,36937
42607,23512,23749
42608,17126,17355
42609,24414,24651
42610,27454,27693
42611,52726,52833
42612,49331,49411
42613,5560,5781
42614,44441,44718
42615,32005,32247
42616,50835,50936
42617,20772,21007
42618,43930,44207
42619,43357,43634
42620,33924,34171
42621,22820,23057
42622,36590,36862
42623,4285,4506
42624,34495,34752
42625,32906,33149
42626,47889,47967
42627,36407,36679
42628,31433,31674
42629,2800,3014
42630,20828,21063
42631,42947,43224
42632,36381,36653
42633,47939,48017
42634,50900,51001
42635,2280,2492
42636,21314,21549
42637,44587,44864
42638,40185,40459
42639,27911,28150
42640,5499,5720
42641,40355,40630
42642,22183,22419
42643,42427,42703
42644,27170,27409
42645,3351,3567
42646,21614,21850
42647,22815,23052
42648,45337,45615
42649,46984,47269
42650,54285,54396
42651,11249,11473
42652,32644,32887
42653,46598,46881
42654,24882,25119
42655,8091,8313
42656,22468,22704
42657,16664,16891
42658,47856,47934
42659,20191,20424
42660,41024,41300
42661,50857,50958
42662,20338,20571
42663,17439,17668
42664,55897,56011
42665,52834,52941
42666,54128,54239
42667,12874,13098
42668,35646,35910
42669,15125,15350
42670,32637,32880
42671,45303,45581
42672,40007,40281
42673,42117,42393
42674,31870,32112
42675,33933,34180
42676,5719,5940
42677,16,17
42678,35343,35606
42679,32410,32653
42680,16677,16904
42681,2459,2672
42682,45343,45621
42683,47019,47304
42684,9463,9686
42685,9086,9309
42686,8609,8831
42687,26776,27015
42688,15849,16074
42689,50301,50401
42690,27606,27845
42691,6817,7038
42692,48459,48538
42693,51970,52075
42694,35479,35742
42695,14377,14602
42696,39499,39773
42697,31899,32141
42698,29087,29326
42699,45101,45378
42700,48576,48655
42701,43937,44214
42702,13542,13766
42703,53186,53293
42704,55447,55561
42705,55648,55762
42706,37981,38254
42707,340,549
42708,41195,41471
42709,40277,40552
42710,27119,27358
42711,650,860
42712,11062,11286
42713,17534,17763
42714,31914,32156
42715,54607,54718
42716,46296,46577
42717,47033,47318
42718,29213,29452
42719,22225,22461
42720,43656,43933
42721,7876,8098
42722,34295,34545
42723,5320,5541
42724,54202,54313
42725,41874,42150
42726,44293,44570
42727,49063,49142
42728,8050,8272
42729,33810,34057
42730,18121,18351
42731,37739,38012
42732,28173,28412
42733,27573,27812
42734,3160,3376
42735,16403,16628
42736,9849,10073
42737,28673,28912
42738,10370,10594
42739,3844,4062
42740,22345,22581
42741,42026,42302
42742,45437,45715
42743,51151,51252
42744,45064,45341
42745,7884,8106
42746,23911,24148
42747,33760,34007
42748,8139,8361
42749,13955,14180
42750,6814,7035
42751,36724,36996
42752,27357,27596
42753,15404,15629
42754,54628,54739
42755,48653,48732
42756,36252,36523
42757,13479,13703
42758,29858,30097
42759,36250,36521
42760,2401,2613
42761,30170,30409
42762,15343,15568
42763,38779,39052
42764,42408,42684
42765,40264,40539
42766,17416,17645
42767,36948,37220
42768,16218,16443
42769,48442,48521
42770,726,936
42771,27366,27605
42772,53794,53904
42773,37543,37816
42774,31991,32233
42775,25566,25804
42776,42238,42514
42777,16604,16829
42778,34190,34440
42779,56685,56800
42780,27976,28215
42781,13423,13647
42782,24726,24963
42783,3477,3693
42784,54272,54383
42785,27290,27529
42786,4699,4920
42787,4371,4592
42788,19171,19402
42789,11584,11808
42790,56281,56395
42791,6896,7117
42792,5835,6056
42793,37920,38193
42794,46927,47212
42795,51274,51375
42796,24721,24958
42797,45272,45550
42798,40384,40659
42799,7832,8054
42800,24970,25207
42801,40687,40961
42802,11991,12215
42803,18672,18902
42804,52381,52488
42805,13851,14076
42806,26949,27188
42807,15295,15520
42808,47068,47353
42809,19489,19720
42810,47543,47828
42811,241,449
42812,1126,1336
42813,1995,2206
42814,6723,6944
42815,48044,48122
42816,42462,42738
42817,55304,55417
42818,21106,21341
42819,46879,47164
42820,34237,34487
42821,22927,23164
42822,28899,29138
42823,20023,20256
42824,44420,44697
42825,43725,44002
42826,29548,29787
42827,52331,52438
42828,43537,43814
42829,39519,39793
42830,31547,31788
42831,18387,18617
42832,728,938
42833,25782,26020
42834,788,998
42835,4873,5094
42836,12499,12723
42837,4034,4252
42838,49645,49725
42839,25468,25706
42840,17103,17332
42841,48386,48465
42842,43631,43908
42843,20270,20503
42844,31247,31488
42845,40503,40778
42846,39845,40119
42847,50830,50931
42848,13957,14182
42849,35826,36091
42850,11377,11601
42851,25594,25832
42852,25774,26012
42853,16329,16554
42854,40975,41251
42855,17325,17554
42856,1876,2087
42857,787,997
42858,35323,35585
42859,9630,9854
42860,18382,18612
42861,34777,35034
42862,55818,55932
42863,11402,11626
42864,17051,17280
42865,2935,3150
42866,31565,31806
42867,41353,41629
42868,40537,40812
42869,16003,16228
42870,25971,26210
42871,46270,46551
42872,35793,36058
42873,3492,3708
42874,36942,37214
42875,30439,30678
42876,14638,14863
42877,17192,17421
42878,54030,54141
42879,11010,11234
42880,34635,34892
42881,49563,49643
42882,55568,55682
42883,56495,56610
42884,6798,7019
42885,44241,44518
42886,18973,19204
42887,50638,50738
42888,31735,31976
42889,38248,38521
42890,52659,52766
42891,48322,48401
42892,500,709
42893,29343,29582
42894,24088,24325
42895,3401,3617
42896,802,1012
42897,15252,15477
42898,26726,26965
42899,9046,9269
42900,7392,7614
42901,51182,51283
42902,3490,3706
42903,55920,56034
42904,37280,37553
42905,27035,27274
42906,37777,38050
42907,19257,19488
42908,33680,33926
42909,45004,45281
42910,13818,14043
42911,43077,43354
42912,4944,5165
42913,4168,4389
42914,40067,40341
42915,30384,30623
42916,14040,14265
42917,34341,34591
42918,26526,26765
42919,13638,13862
42920,20506,20741
42921,24070,24307
42922,19715,19948
42923,47931,48009
42924,38152,38425
42925,21414,21650
42926,26679,26918
42927,7387,7609
42928,9162,9385
42929,42120,42396
42930,25199,25437
42931,46155,46436
42932,9449,9672
42933,6182,6403
42934,3535,3751
42935,7338,7560
42936,9900,10124
42937,36121,36392
42938,26847,27086
42939,45700,45979
42940,27360,27599
42941,12338,12562
42942,25562,25800
42943,39604,39878
42944,6342,6563
42945,40398,40673
42946,29074,29313
42947,52788,52895
42948,53237,53344
42949,31107,31347
42950,2119,2330
42951,39514,39788
42952,33324,33570
42953,35089,35351
42954,2301,2513
42955,26512,26751
42956,48550,48629
42957,2362,2574
42958,53933,54044
42959,21099,21334
42960,50656,50756
42961,2516,2730
42962,50785,50886
42963,55610,55724
42964,34205,34455
42965,55547,55661
42966,48801,48880
42967,4387,4608
42968,31731,31972
42969,56450,56565
42970,13200,13424
42971,42067,42343
42972,23781,24018
42973,13616,13840
42974,46172,46453
42975,30202,30441
42976,51627,51730
42977,18301,18531
42978,4029,4247
42979,25136,25374
42980,23447,23684
42981,49590,49670
42982,37991,38264
42983,19723,19956
42984,7214,7436
42985,14701,14926
42986,16132,16357
42987,54690,54801
42988,20706,20941
42989,13526,13750
42990,55169,55282
42991,23102,23339
42992,31620,31861
42993,6722,6943
42994,12693,12917
42995,3023,3238
42996,13314,13538
42997,18494,18724
42998,10368,10592
42999,25983,26222
43000,22341,22577
43001,24208,24445
43002,7205,7427
43003,39708,39982
43004,35915,36181
43005,1780,1991
43006,31307,31548
43007,22967,23204
43008,5105,5326
43009,12858,13082
43010,55324,55437
43011,24258,24495
43012,3539,3755
43013,19939,20172
43014,45538,45817
43015,18025,18255
43016,22989,23226
43017,7826,8048
43018,15769,15994
43019,55583,55697
43020,55657,55771
43021,3189,3405
43022,34299,34549
43023,25428,25666
43024,18946,19177
43025,18415,18645
43026,3665,3882
43027,14469,14694
43028,54418,54529
43029,6654,6875
43030,40101,40375
43031,27748,27987
43032,27732,27971
43033,29930,30169
43034,56355,56470
43035,433,642
43036,21190,21425
43037,18710,18940
43038,41505,41781
43039,42779,43056
43040,5911,6132
43041,5209,5430
43042,36340,36612
43043,36148,36419
43044,622,832
43045,18881,19112
43046,33686,33932
43047,3354,3570
43048,44361,44638
43049,16422,16647
43050,43036,43313
43051,31702,31943
43052,38483,38756
43053,52131,52236
43054,28272,28511
43055,12583,12807
43056,31332,31573
43057,1665,1876
43058,9666,9890
43059,24892,25129
43060,32302,32545
43061,34108,34358
43062,22854,23091
43063,9099,9322
43064,40571,40846
43065,131,339
43066,46332,46613
43067,47650,43
43068,7184,7406
43069,31321,31562
43070,44722,44999
43071,47050,47335
43072,9693,9917
43073,27923,28162
43074,13814,14039
43075,24092,24329
43076,20207,20440
43077,43611,43888
43078,22404,22640
43079,56209,56323
43080,5714,5935
43081,10970,11194
43082,35867,36133
43083,20188,20421
43084,9993,10217
43085,33740,33987
43086,16797,17024
43087,18841,19072
43088,21462,21698
43089,3330,3546
43090,37283,37556
43091,20851,21086
43092,43527,43804
43093,14757,14982
43094,49404,49484
43095,4117,4338
43096,55765,55879
43097,55695,55809
43098,40924,41199
43099,41017,41293
43100,19640,19873
43101,42640,42917
43102,35910,36176
43103,28264,28503
43104,5305,5526
43105,48499,48578
43106,51881,51986
43107,48880,48959
43108,798,1008
43109,6548,6769
43110,41122,41398
43111,32344,32587
43112,26549,26788
43113,51077,51178
43114,44474,44751
43115,28993,29232
43116,10098,10322
43117,26187,26426
43118,47699,92
43119,49234,49314
43120,47468,47753
43121,14922,15147
43122,1114,1324
43123,38011,38284
43124,51879,51984
43125,22039,22275
43126,1328,1539
43127,22353,22589
43128,27227,27466
43129,6713,6934
43130,5284,5505
43131,24389,24626
43132,43160,43437
43133,5398,5619
43134,45788,46067
43135,29429,29668
43136,11806,12030
43137,37141,37413
43138,28267,28506
43139,40365,40640
43140,45747,46026
43141,7337,7559
43142,13032,13256
43143,17421,17650
43144,20926,21161
43145,22720,22957
43146,15900,16125
43147,34458,34708
43148,11404,11628
43149,31811,32053
43150,15100,15325
43151,33386,33632
43152,53646,53756
43153,14717,14942
43154,41453,41729
43155,28493,28732
43156,48222,48301
43157,22638,22875
43158,19019,19250
43159,53069,53176
43160,54698,54809
43161,17981,18211
43162,56479,56594
43163,19746,19979
43164,51053,51154
43165,22593,22830
43166,33364,33610
43167,31383,31624
43168,49622,49702
43169,11413,11637
43170,16010,16235
43171,40123,40397
43172,46154,46435
43173,40910,41185
43174,40179,40453
43175,48216,48295
43176,36259,36530
43177,33834,34081
43178,5054,5275
43179,6704,6925
43180,38342,38615
43181,24082,24319
43182,7107,7329
43183,19280,19511
43184,17031,17260
43185,18871,19102
43186,21967,22203
43187,14385,14610
43188,3127,3343
43189,25957,26196
43190,28957,29196
43191,55819,55933
43192,50079,50177
43193,37615,37888
43194,44285,44562
43195,52577,52684
43196,31253,31494
43197,12281,12505
43198,29674,29913
43199,32500,32743
43200,51207,51308
43201,4087,4308
43202,10711,10935
43203,30295,30534
43204,29694,29933
43205,23158,23395
43206,46057,46338
43207,45738,46017
43208,22755,22992
43209,1476,1687
43210,54122,54233
43211,50850,50951
43212,37899,38172
43213,24674,24911
43214,11356,11580
43215,8589,8811
43216,44215,44492
43217,3176,3392
43218,43770,44047
43219,47375,47660
43220,985,1195
43221,43418,43695
43222,47691,84
43223,24649,24886
43224,28131,28370
43225,7823,8045
43226,28343,28582
43227,54268,54379
43228,47794,187
43229,3115,3330
43230,32432,32675
43231,27201,27440
43232,33395,33641
43233,50260,50360
43234,56933,57048
43235,17065,17294
43236,3803,4021
43237,43709,43986
43238,40001,40275
43239,24534,24771
43240,9692,9916
43241,695,905
43242,20720,20955
43243,9366,9589
43244,38332,38605
43245,8339,8561
43246,45432,45710
43247,22955,23192
43248,37498,37771
43249,1482,1693
43250,13669,13893
43251,27598,27837
43252,9670,9894
43253,54,262
43254,38335,38608
43255,54597,54708
43256,55815,55929
43257,51166,51267
43258,31689,31930
43259,18584,18814
43260,34206,34456
43261,6547,6768
43262,15516,15741
43263,50198,50298
43264,27894,28133
43265,34856,35113
43266,20289,20522
43267,34549,34806
43268,29378,29617
43269,32354,32597
43270,3320,3536
43271,15600,15825
43272,22556,22792
43273,10127,10351
43274,22547,22783
43275,42830,43107
43276,26076,26315
43277,26753,26992
43278,42147,42423
43279,6965,7187
43280,55969,56083
43281,61,269
43282,12260,12484
43283,7045,7267
43284,36450,36722
43285,659,869
43286,46206,46487
43287,43942,44219
43288,13567,13791
43289,25731,25969
43290,16170,16395
43291,49881,49977
43292,317,525
43293,13860,14085
43294,30481,30720
43295,13016,13240
43296,3111,3326
43297,30702,30941
43298,36284,36555
43299,24295,24532
43300,39184,39457
43301,56455,56570
43302,52687,52794
43303,42919,43196
43304,27186,27425
43305,34657,34914
43306,3065,3280
43307,54783,54894
43308,39341,39614
43309,3958,4176
43310,46480,46763
43311,44426,44703
43312,30907,31146
43313,8073,8295
43314,1081,1291
43315,14764,14989
43316,40826,41101
43317,14649,14874
43318,25853,26091
43319,4488,4709
43320,48820,48899
43321,2378,2590
43322,1494,1705
43323,48978,49057
43324,34591,34848
43325,18033,18263
43326,372,581
43327,45852,46131
43328,41318,41594
43329,48230,48309
43330,33692,33938
43331,28972,29211
43332,37171,37444
43333,49236,49316
43334,42133,42409
43335,18685,18915
43336,21168,21403
43337,27237,27476
43338,31849,32091
43339,50022,50120
43340,8843,9066
43341,27534,27773
43342,55383,55497
43343,4631,4852
43344,33416,33662
43345,52164,52269
43346,11542,11766
43347,33180,33426
43348,35041,35303
43349,28633,28872
43350,21158,21393
43351,50386,50486
43352,13543,13767
43353,1608,1819
43354,3006,3221
43355,5299,5520
43356,44710,44987
43357,46464,46747
43358,23212,23449
43359,22554,22790
43360,26597,26836
43361,35939,36205
43362,18357,18587
43363,5245,5466
43364,23071,23308
43365,51189,51290
43366,26096,26335
43367,44994,45271
43368,30249,30488
43369,54068,54179
43370,8302,8524
43371,2157,2368
43372,34318,34568
43373,3148,3364
43374,27648,27887
43375,45703,45982
43376,20112,20345
43377,19000,19231
43378,14013,14238
43379,15259,15484
43380,26444,26683
43381,36883,37155
43382,12494,12718
43383,29102,29341
43384,22257,22493
43385,39435,39708
43386,36021,36292
43387,11122,11346
43388,9142,9365
43389,20961,21196
43390,49577,49657
43391,51237,51338
43392,13970,14195
43393,40217,40492
43394,31181,31421
43395,12961,13185
43396,41454,41730
43397,17165,17394
43398,40840,41115
43399,31395,31636
43400,26893,27132
43401,37894,38167
43402,9562,9786
43403,43478,43755
43404,52670,52777
43405,27713,27952
43406,33051,33294
43407,45426,45704
43408,12059,12283
43409,32418,32661
43410,13973,14198
43411,19313,19544
43412,1149,1359
43413,49317,49397
43414,49595,49675
43415,45678,45957
43416,11019,11243
43417,13757,13982
43418,28740,28979
43419,1563,1774
43420,31169,31409
43421,27710,27949
43422,6329,6550
43423,34105,34355
43424,34664,34921
43425,9783,10007
43426,38231,38504
43427,449,658
43428,40142,40416
43429,4398,4619
43430,35099,35361
43431,56650,56765
43432,18724,18954
43433,8064,8286
43434,29356,29595
43435,8806,9029
43436,11557,11781
43437,42602,42879
43438,4775,4996
43439,8044,8266
43440,56666,56781
43441,52810,52917
43442,38686,38959
43443,17738,17967
43444,38071,38344
43445,55161,55274
43446,40977,41253
43447,17802,18031
43448,20375,20608
43449,42474,42750
43450,30252,30491
43451,23382,23619
43452,16225,16450
43453,29141,29380
43454,56012,56126
43455,16755,16982
43456,18292,18522
43457,27139,27378
43458,9726,9950
43459,18665,18895
43460,11843,12067
43461,18070,18300
43462,40511,40786
43463,47818,211
43464,6390,6611
43465,22140,22376
43466,32068,32310
43467,16361,16586
43468,51042,51143
43469,1065,1275
43470,48580,48659
43471,48990,49069
43472,50236,50336
43473,32384,32627
43474,34326,34576
43475,40608,40883
43476,1604,1815
43477,31335,31576
43478,13697,13921
43479,37005,37277
43480,3715,3933
43481,31318,31559
43482,28615,28854
43483,45123,45400
43484,42824,43101
43485,54779,54890
43486,38428,38701
43487,32779,33022
43488,46343,46624
43489,39602,39876
43490,11455,11679
43491,36631,36903
43492,31632,31873
43493,30033,30272
43494,23633,23870
43495,7995,8217
43496,43433,43710
43497,31430,31671
43498,55129,55242
43499,17389,17618
43500,41833,42109
43501,25791,26029
43502,47518,47803
43503,29698,29937
43504,51197,51298
43505,52400,52507
43506,28942,29181
43507,31084,31324
43508,42866,43143
43509,9075,9298
43510,16981,17208
43511,29091,29330
43512,22232,22468
43513,22458,22694
43514,51437,51538
43515,47260,47545
43516,24201,24438
43517,33450,33696
43518,47753,146
43519,49158,49238
43520,45199,45477
43521,15725,15950
43522,15737,15962
43523,36143,36414
43524,19898,20131
43525,9443,9666
43526,52014,52119
43527,27665,27904
43528,13720,13945
43529,5443,5664
43530,42485,42761
43531,23124,23361
43532,26230,26469
43533,34229,34479
43534,14017,14242
43535,3462,3678
43536,56785,56900
43537,14955,15180
43538,26171,26410
43539,43137,43414
43540,35545,35808
43541,44628,44905
43542,38865,39138
43543,29717,29956
43544,28543,28782
43545,6398,6619
43546,36660,36932
43547,53846,53957
43548,28356,28595
43549,54873,54984
43550,33108,33351
43551,14710,14935
43552,26170,26409
43553,47240,47525
43554,7938,8160
43555,29503,29742
43556,49352,49432
43557,55423,55537
43558,11558,11782
43559,38391,38664
43560,35244,35506
43561,22451,22687
43562,46150,46431
43563,9961,10185
43564,41920,42196
43565,13939,14164
43566,56599,56714
43567,38691,38964
43568,38356,38629
43569,5776,5997
43570,45285,45563
43571,17382,17611
43572,54713,54824
43573,44737,45014
43574,25733,25971
43575,37638,37911
43576,34397,34647
43577,43120,43397
43578,18203,18433
43579,50409,50509
43580,45928,46207
43581,44864,45141
43582,38072,38345
43583,8594,8816
43584,56938,57053
43585,26827,27066
43586,56029,56143
43587,21571,21807
43588,44294,44571
43589,17485,17714
43590,10929,11153
43591,51055,51156
43592,46817,47101
43593,22736,22973
43594,17692,17921
43595,49905,50001
43596,56952,57067
43597,26663,26902
43598,26255,26494
43599,11659,11883
43600,23573,23810
43601,50607,50707
43602,50958,51059
43603,51516,51617
43604,20891,21126
43605,5056,5277
43606,28281,28520
43607,23223,23460
43608,41840,42116
43609,11575,11799
43610,7282,7504
43611,43971,44248
43612,43871,44148
43613,48215,48294
43614,18031,18261
43615,6536,6757
43616,29114,29353
43617,12905,13129
43618,53594,53704
43619,4808,5029
43620,43285,43562
43621,20169,20402
43622,51576,51677
43623,54071,54182
43624,30215,30454
43625,43978,44255
43626,49218,49298
43627,15421,15646
43628,30796,31035
43629,52305,52411
43630,37350,37623
43631,32921,33164
43632,14526,14751
43633,11915,12139
43634,12055,12279
43635,6397,6618
43636,21121,21356
43637,602,811
43638,23663,23900
43639,28607,28846
43640,46841,47125
43641,24259,24496
43642,6302,6523
43643,11030,11254
43644,52895,53002
43645,15747,15972
43646,20320,20553
43647,50894,50995
43648,38132,38405
43649,5736,5957
43650,19544,19775
43651,471,680
43652,34978,35240
43653,10767,10991
43654,48802,48881
43655,49938,50034
43656,8655,8877
43657,10043,10267
43658,15334,15559
43659,19694,19927
43660,35601,35865
43661,22981,23218
43662,24352,24589
43663,43528,43805
43664,13181,13405
43665,19125,19356
43666,28020,28259
43667,27699,27938
43668,730,940
43669,54700,54811
43670,20820,21055
43671,37301,37574
43672,36040,36311
43673,13047,13271
43674,41801,42077
43675,50148,50247
43676,20277,20510
43677,28762,29001
43678,21051,21286
43679,34259,34509
43680,4192,4413
43681,15986,16211
43682,4391,4612
43683,42740,43017
43684,43279,43556
43685,45890,46169
43686,39134,39407
43687,37499,37772
43688,7943,8165
43689,36943,37215
43690,21508,21744
43691,54982,55095
43692,40249,40524
43693,30698,30937
43694,48232,48311
43695,35239,35501
43696,29460,29699
43697,3979,4197
43698,2961,3176
43699,32319,32562
43700,17427,17656
43701,5265,5486
43702,25686,25924
43703,1529,1740
43704,11508,11732
43705,41051,41327
43706,54590,54701
43707,51087,51188
43708,35192,35454
43709,32142,32384
43710,40183,40457
43711,33859,34106
43712,804,1014
43713,28027,28266
43714,51793,51898
43715,29459,29698
43716,44696,44973
43717,53527,53636
43718,5136,5357
43719,33467,33713
43720,18867,19098
43721,25507,25745
43722,31375,31616
43723,24532,24769
43724,117,325
43725,40139,40413
43726,15774,15999
43727,34309,34559
43728,3276,3492
43729,38635,38908
43730,47623,47908
43731,34694,34951
43732,31097,31337
43733,5506,5727
43734,31281,31522
43735,54830,54941
43736,46820,47104
43737,11033,11257
43738,22922,23159
43739,37670,37943
43740,42593,42870
43741,47736,129
43742,48795,48874
43743,21041,21276
43744,39406,39679
43745,53722,53832
43746,54640,54751
43747,861,1071
43748,5536,5757
43749,36205,36476
43750,15601,15826
43751,47555,47840
43752,49962,50058
43753,961,1171
43754,55009,55122
43755,1153,1363
43756,55506,55620
43757,12977,13201
43758,53626,53736
43759,15285,15510
43760,56126,56240
43761,7678,7900
43762,55177,55290
43763,49155,49235
43764,35930,36196
43765,44534,44811
43766,5923,6144
43767,56041,56155
43768,3037,3252
43769,26698,26937
43770,33872,34119
43771,42744,43021
43772,46285,46566
43773,49105,49184
43774,34915,35177
43775,30318,30557
43776,39756,40030
43777,30663,30902
43778,55501,55615
43779,11392,11616
43780,21149,21384
43781,38268,38541
43782,20006,20239
43783,29802,30041
43784,17285,17514
43785,42264,42540
43786,48341,48420
43787,48968,49047
43788,35267,35529
43789,44464,44741
43790,41907,42183
43791,50537,50637
43792,1895,2106
43793,55909,56023
43794,1191,1401
43795,6728,6949
43796,33200,33446
43797,1724,1935
43798,1694,1905
43799,14944,15169
43800,30995,31235
43801,5414,5635
43802,12492,12716
43803,19038,19269
43804,5479,5700
43805,9297,9520
43806,38045,38318
43807,47236,47521
43808,46002,46283
43809,4656,4877
43810,6253,6474
43811,30627,30866
43812,7904,8126
43813,14180,14405
43814,5102,5323
43815,41072,41348
43816,25289,25527
43817,44531,44808
43818,12861,13085
43819,14297,14522
43820,30949,31188
43821,7520,7742
43822,56887,57002
43823,29018,29257
43824,14108,14333
43825,33342,33588
43826,44663,44940
43827,4458,4679
43828,31156,31396
43829,38892,39165
43830,5514,5735
43831,44914,45191
43832,10003,10227
43833,35751,36016
43834,4232,4453
43835,49681,49761
43836,5276,5497
43837,3662,3879
43838,711,921
43839,20157,20390
43840,33384,33630
43841,34722,34979
43842,23063,23300
43843,14952,15177
43844,50249,50349
43845,40124,40398
43846,5242,5463
43847,26746,26985
43848,32322,32565
43849,5646,5867
43850,4030,4248
43851,20653,20888
43852,56269,56383
43853,27276,27515
43854,17012,17241
43855,48991,49070
43856,22293,22529
43857,28375,28614
43858,44949,45226
43859,31678,31919
43860,56135,56249
43861,33089,33332
43862,28883,29122
43863,8043,8265
43864,10087,10311
43865,35821,36086
43866,28385,28624
43867,21391,21627
43868,615,825
43869,26570,26809
43870,9312,9535
43871,46095,46376
43872,44941,45218
43873,5829,6050
43874,24209,24446
43875,5138,5359
43876,5032,5253
43877,40160,40434
43878,35868,36134
43879,5295,5516
43880,12792,13016
43881,54156,54267
43882,9343,9566
43883,33640,33886
43884,47257,47542
43885,8381,8603
43886,28691,28930
43887,40880,41155
43888,34088,34338
43889,26333,26572
43890,36029,36300
43891,25574,25812
43892,50304,50404
43893,28506,28745
43894,29402,29641
43895,21207,21442
43896,55411,55525
43897,26955,27194
43898,31118,31358
43899,48426,48505
43900,3806,4024
43901,44671,44948
43902,47320,47605
43903,50632,50732
43904,14167,14392
43905,25712,25950
43906,25645,25883
43907,20913,21148
43908,21864,22100
43909,41293,41569
43910,2647,2861
43911,14682,14907
43912,43993,44270
43913,1745,1956
43914,8058,8280
43915,4110,4331
43916,15291,15516
43917,53894,54005
43918,20109,20342
43919,14878,15103
43920,40967,41243
43921,44351,44628
43922,29328,29567
43923,28573,28812
43924,10623,10847
43925,30174,30413
43926,35886,36152
43927,46896,47181
43928,50840,50941
43929,47316,47601
43930,41319,41595
43931,13676,13900
43932,4584,4805
43933,20316,20549
43934,22096,22332
43935,34654,34911
43936,54018,54129
43937,33616,33862
43938,12886,13110
43939,53451,53560
43940,23851,24088
43941,15770,15995
43942,28250,28489
43943,34068,34315
43944,1139,1349
43945,8672,8894
43946,2057,2268
43947,16998,17225
43948,10151,10375
43949,37675,37948
43950,39122,39395
43951,1633,1844
43952,17742,17971
43953,41776,42052
43954,25588,25826
43955,32139,32381
43956,5091,5312
43957,26911,27150
43958,46340,46621
43959,11907,12131
43960,6208,6429
43961,56812,56927
43962,21858,22094
43963,26308,26547
43964,27100,27339
43965,19308,19539
43966,1430,1641
43967,56618,56733
43968,31243,31484
43969,35251,35513
43970,18763,18993
43971,47804,197
43972,15143,15368
43973,51554,51655
43974,37889,38162
43975,34186,34436
43976,45551,45830
43977,19792,20025
43978,43654,43931
43979,54513,54624
43980,10788,11012
43981,29373,29612
43982,50042,50140
43983,24843,25080
43984,52602,52709
43985,32284,32527
43986,5565,5786
43987,20257,20490
43988,39138,39411
43989,1332,1543
43990,44985,45262
43991,3253,3469
43992,38901,39174
43993,31098,31338
43994,175,383
43995,26299,26538
43996,28604,28843
43997,19664,19897
43998,46110,46391
43999,5186,5407
44000,1360,1571
44001,8792,9015
44002,52488,52595
44003,51173,51274
44004,42107,42383
44005,49787,49867
44006,156,364
44007,34745,35002
44008,32623,32866
44009,41619,41895
44010,25264,25502
44011,47629,47914
44012,38832,39105
44013,56456,56571
44014,55791,55905
44015,21076,21311
44016,39680,39954
44017,52890,52997
44018,33275,33521
44019,33898,34145
44020,34382,34632
44021,36607,36879
44022,47665,58
44023,6922,7144
44024,6847,7068
44025,21159,21394
44026,39218,39491
44027,34443,34693
44028,14605,14830
44029,28328,28567
44030,21896,22132
44031,28523,28762
44032,12502,12726
44033,32403,32646
44034,28119,28358
44035,13252,13476
44036,42045,42321
44037,23606,23843
44038,3287,3503
44039,13192,13416
44040,46712,46996
44041,19108,19339
44042,41847,42123
44043,10878,11102
44044,15906,16131
44045,43689,43966
44046,29206,29445
44047,47700,93
44048,54009,54120
44049,11515,11739
44050,42671,42948
44051,38776,39049
44052,10734,10958
44053,46330,46611
44054,16749,16976
44055,17934,18163
44056,32291,32534
44057,11398,11622
44058,14664,14889
44059,3357,3573
44060,10834,11058
44061,9859,10083
44062,24862,25099
44063,21358,21594
44064,47192,47477
44065,54835,54946
44066,5034,5255
44067,53695,53805
44068,42047,42323
44069,56960,57075
44070,43206,43483
44071,24691,24928
44072,4932,5153
44073,24103,24340
44074,17440,17669
44075,45867,46146
44076,16613,16838
44077,13668,13892
44078,21082,21317
44079,31137,31377
44080,6788,7009
44081,15044,15269
44082,48096,48175
44083,6733,6954
44084,18988,19219
44085,29776,30015
44086,51072,51173
44087,187,395
44088,50416,50516
44089,24980,25217
44090,51167,51268
44091,3805,4023
44092,43920,44197
44093,9134,9357
44094,42420,42696
44095,34360,34610
44096,3285,3501
44097,33739,33986
44098,19289,19520
44099,46132,46413
44100,20187,20420
44101,31805,32047
44102,16517,16742
44103,33049,33292
44104,5698,5919
44105,35073,35335
44106,37848,38121
44107,56217,56331
44108,29217,29456
44109,35048,35310
44110,47806,199
44111,43073,43350
44112,17898,18127
44113,830,1040
44114,12379,12603
44115,19523,19754
44116,19912,20145
44117,18064,18294
44118,49815,49895
44119,55055,55168
44120,20747,20982
44121,14161,14386
44122,106,314
44123,55157,55270
44124,47111,47396
44125,15382,15607
44126,9797,10021
44127,37116,37388
44128,56236,56350
44129,37299,37572
44130,36786,37058
44131,15758,15983
44132,9204,9427
44133,35850,36116
44134,45835,46114
44135,23729,23966
44136,54895,55006
44137,1146,1356
44138,44765,45042
44139,46805,47089
44140,1379,1590
44141,41895,42171
44142,38358,38631
44143,15465,15690
44144,21916,22152
44145,14801,15026
44146,47252,47537
44147,33280,33526
44148,49558,49638
44149,46552,46835
44150,48125,48204
44151,51428,51529
44152,54494,54605
44153,49079,49158
44154,56958,57073
44155,36171,36442
44156,11677,11901
44157,46835,47119
44158,46811,47095
44159,8661,8883
44160,8052,8274
44161,33053,33296
44162,52255,52361
44163,32159,32401
44164,19250,19481
44165,12087,12311
44166,37800,38073
44167,21212,21447
44168,32097,32339
44169,14969,15194
44170,11082,11306
44171,29474,29713
44172,31485,31726
44173,47195,47480
44174,30501,30740
44175,37273,37546
44176,12166,12390
44177,49115,49194
44178,15359,15584
44179,3070,3285
44180,7916,8138
44181,30818,31057
44182,46532,46815
44183,36285,36556
44184,4243,4464
44185,21064,21299
44186,33572,33818
44187,56741,56856
44188,23119,23356
44189,20049,20282
44190,56694,56809
44191,962,1172
44192,26931,27170
44193,37258,37531
44194,6066,6287
44195,18377,18607
44196,48610,48689
44197,10065,10289
44198,44268,44545
44199,34678,34935
44200,53466,53575
44201,32746,32989
44202,43361,43638
44203,46750,47034
44204,7494,7716
44205,53523,53632
44206,45433,45711
44207,5637,5858
44208,10606,10830
44209,35844,36110
44210,8559,8781
44211,41599,41875
44212,26201,26440
44213,18992,19223
44214,50843,50944
44215,2630,2844
44216,37579,37852
44217,19979,20212
44218,56829,56944
44219,35023,35285
44220,14239,14464
44221,12022,12246
44222,3392,3608
44223,42620,42897
44224,28067,28306
44225,56913,57028
44226,30754,30993
44227,23370,23607
44228,12072,12296
44229,17069,17298
44230,29046,29285
44231,37661,37934
44232,42348,42624
44233,33873,34120
44234,19252,19483
44235,19783,20016
44236,25206,25444
44237,11101,11325
44238,17952,18182
44239,56053,56167
44240,21931,22167
44241,54574,54685
44242,9729,9953
44243,27723,27962
44244,51980,52085
44245,10625,10849
44246,48806,48885
44247,35620,35884
44248,22050,22286
44249,7444,7666
44250,38344,38617
44251,46957,47242
44252,18752,18982
44253,32727,32970
44254,11195,11419
44255,55023,55136
44256,53642,53752
44257,4934,5155
44258,42505,42781
44259,25187,25425
44260,1050,1260
44261,8603,8825
44262,46983,47268
44263,39876,40150
44264,21206,21441
44265,56369,56484
44266,9869,10093
44267,35035,35297
44268,17771,18000
44269,56939,57054
44270,17987,18217
44271,39139,39412
44272,3396,3612
44273,56132,56246
44274,16370,16595
44275,39237,39510
44276,6904,7125
44277,48491,48570
44278,48938,49017
44279,12,13
44280,25438,25676
44281,32516,32759
44282,56834,56949
44283,18813,19044
44284,42419,42695
44285,14072,14297
44286,26365,26604
44287,10684,10908
44288,28571,28810
44289,28528,28767
44290,6266,6487
44291,49391,49471
44292,36698,36970
44293,25793,26031
44294,50930,51031
44295,14259,14484
44296,46770,47054
44297,39835,40109
44298,37942,38215
44299,24811,25048
44300,17347,17576
44301,40548,40823
44302,30211,30450
44303,10594,10818
44304,731,941
44305,46046,46327
44306,38759,39032
44307,44264,44541
44308,35703,35968
44309,4761,4982
44310,9098,9321
44311,33313,33559
44312,17088,17317
44313,49325,49405
44314,23288,23525
44315,21780,22016
44316,52199,52304
44317,55166,55279
44318,22581,22817
44319,38797,39070
44320,53184,53291
44321,1022,1232
44322,10655,10879
44323,50645,50745
44324,2184,2395
44325,4617,4838
44326,6697,6918
44327,50823,50924
44328,45486,45765
44329,52872,52979
44330,9517,9741
44331,13884,14109
44332,23634,23871
44333,51073,51174
44334,54326,54437
44335,12418,12642
44336,9534,9758
44337,412,621
44338,338,547
44339,12579,12803
44340,45821,46100
44341,18723,18953
44342,18139,18369
44343,25241,25479
44344,35817,36082
44345,46238,46519
44346,24800,25037
44347,21014,21249
44348,13422,13646
44349,3424,3640
44350,13979,14204
44351,23607,23844
44352,33798,34045
44353,32883,33126
44354,36112,36383
44355,56108,56222
44356,31989,32231
44357,44731,45008
44358,17293,17522
44359,10310,10534
44360,20057,20290
44361,5724,5945
44362,43680,43957
44363,15399,15624
44364,14590,14815
44365,53947,54058
44366,32823,33066
44367,30261,30500
44368,54274,54385
44369,16314,16539
44370,45920,46199
44371,48142,48221
44372,28324,28563
44373,39299,39572
44374,17198,17427
44375,31,239
44376,51093,51194
44377,2982,3197
44378,20857,21092
44379,42809,43086
44380,47139,47424
44381,34727,34984
44382,15748,15973
44383,28540,28779
44384,54050,54161
44385,15254,15479
44386,29810,30049
44387,23943,24180
44388,31140,31380
44389,48288,48367
44390,10650,10874
44391,33240,33486
44392,35568,35832
44393,45906,46185
44394,30253,30492
44395,43030,43307
44396,16618,16843
44397,56120,56234
44398,51547,51648
44399,7928,8150
44400,25895,26134
44401,2845,3059
44402,23629,23866
44403,20592,20827
44404,37170,37443
44405,23776,24013
44406,36052,36323
44407,4386,4607
44408,5131,5352
44409,30720,30959
44410,19186,19417
44411,105,313
44412,43880,44157
44413,26298,26537
44414,16786,17013
44415,36459,36731
44416,26393,26632
44417,56570,56685
44418,46937,47222
44419,49719,49799
44420,36801,37073
44421,44129,44406
44422,25837,26075
44423,53228,53335
44424,41900,42176
44425,23751,23988
44426,48712,48791
44427,13592,13816
44428,52575,52682
44429,641,851
44430,54056,54167
44431,29371,29610
44432,28759,28998
44433,17671,17900
44434,4038,4256
44435,52404,52511
44436,48169,48248
44437,48466,48545
44438,38858,39131
44439,40073,40347
